# left 8 right 8
0.013924 -0.006294 0.003243 1.549744 -0.013161 -0.005913 0.022316 -0.011635 0.251965 -0.000572 0.107385 1.253338 -0.009728 0.038720 -0.044442 -0.001717
0.013924 -0.006294 0.003243 1.549744 -0.013161 -0.005913 0.022316 -0.011635 0.251965 -0.000572 0.107385 1.253338 -0.009728 0.038720 -0.044442 -0.001717
0.013924 -0.006294 0.003243 1.549744 -0.013161 -0.005913 0.021935 -0.011635 0.251965 -0.000572 0.107385 1.253338 -0.009728 0.038720 -0.044442 -0.001717
0.013924 -0.006294 0.003243 1.549744 -0.013161 -0.005913 0.022316 -0.011635 0.251965 -0.000572 0.107385 1.253338 -0.009728 0.038720 -0.044823 -0.001717
0.013924 -0.006294 0.003243 1.549744 -0.013161 -0.005913 0.022316 -0.011635 0.251965 -0.000572 0.107385 1.253338 -0.009728 0.038720 -0.044823 -0.001717
0.013924 -0.006294 0.003243 1.549744 -0.013161 -0.005913 0.022316 -0.011635 0.251965 -0.000572 0.107385 1.253338 -0.009728 0.038720 -0.044823 -0.001717
0.013924 -0.006294 0.003243 1.549744 -0.013161 -0.005913 0.022316 -0.011635 0.251965 -0.000572 0.107385 1.253338 -0.009728 0.038720 -0.044823 -0.001717
0.013924 -0.006294 0.003243 1.549744 -0.013161 -0.005913 0.022316 -0.011635 0.251965 -0.000572 0.107385 1.253338 -0.009728 0.038720 -0.044442 -0.001717
0.013924 -0.006294 0.003243 1.549744 -0.013161 -0.005913 0.022316 -0.011635 0.251965 -0.000572 0.107385 1.253338 -0.009728 0.038720 -0.044442 -0.001717
0.013924 -0.006294 0.003243 1.549744 -0.013161 -0.005913 0.022316 -0.011635 0.251965 -0.000572 0.107385 1.253338 -0.009728 0.038720 -0.044823 -0.001717
0.013924 -0.006294 0.003243 1.549744 -0.013161 -0.005913 0.022316 -0.011635 0.251965 -0.000572 0.107385 1.253338 -0.009728 0.038720 -0.044442 -0.001335
0.013924 -0.006294 0.003243 1.549744 -0.013161 -0.005913 0.022316 -0.011635 0.251965 -0.000572 0.107385 1.253338 -0.009728 0.038720 -0.044823 -0.001717
0.013924 -0.006294 0.003243 1.549744 -0.013161 -0.005913 0.022316 -0.011635 0.251965 -0.000572 0.107385 1.253338 -0.009728 0.038720 -0.044442 -0.001717
0.013924 -0.006294 0.003243 1.549744 -0.013161 -0.005913 0.022316 -0.011635 0.251965 -0.000572 0.107385 1.253338 -0.009728 0.038720 -0.044823 -0.001717
0.013924 -0.006294 0.003243 1.549744 -0.013161 -0.005913 0.022316 -0.011635 0.251965 -0.000572 0.107385 1.253338 -0.009728 0.038720 -0.044823 -0.001717
0.013924 -0.006294 0.003243 1.549744 -0.013161 -0.005913 0.021935 -0.011635 0.251965 -0.000572 0.107385 1.253338 -0.009728 0.038720 -0.044442 -0.001717
0.013924 -0.006294 0.003243 1.549744 -0.013161 -0.005913 0.021935 -0.011635 0.251965 -0.000572 0.107385 1.253338 -0.009728 0.038720 -0.044823 -0.001335
0.013924 -0.006294 0.003243 1.549744 -0.013161 -0.005913 0.022316 -0.011635 0.251965 -0.000572 0.107385 1.253338 -0.009728 0.038720 -0.044442 -0.001717
0.013924 -0.006294 0.003243 1.549744 -0.013161 -0.005913 0.022316 -0.011635 0.251965 -0.000572 0.107385 1.253338 -0.009728 0.038720 -0.044823 -0.001335
0.013924 -0.006294 0.003243 1.549744 -0.013161 -0.005913 0.022316 -0.011635 0.251965 -0.000572 0.107385 1.253338 -0.009728 0.038720 -0.044442 -0.001717
0.013924 -0.006294 0.003243 1.549744 -0.013161 -0.005913 0.022316 -0.011635 0.251965 -0.000572 0.107385 1.253338 -0.009728 0.038720 -0.044823 -0.001717
0.013924 -0.006294 0.003243 1.549744 -0.013161 -0.005913 0.022316 -0.011635 0.251965 -0.000572 0.107385 1.253338 -0.009728 0.038720 -0.044823 -0.001717
0.013924 -0.006294 0.003243 1.549744 -0.013161 -0.005913 0.022316 -0.011635 0.251965 -0.000572 0.107385 1.253338 -0.009728 0.038720 -0.044823 -0.001717
0.013924 -0.006294 0.003243 1.549744 -0.013161 -0.005913 0.022316 -0.011635 0.251965 -0.000572 0.107385 1.253338 -0.009728 0.038720 -0.044823 -0.001717
0.013924 -0.006294 0.003243 1.549744 -0.013161 -0.005913 0.022316 -0.011635 0.251965 -0.000572 0.107385 1.253338 -0.009728 0.038720 -0.044823 -0.001717
0.013924 -0.006294 0.003243 1.549744 -0.013161 -0.005913 0.022316 -0.011635 0.251965 -0.000572 0.107385 1.253338 -0.009728 0.038720 -0.044823 -0.001717
0.013924 -0.006294 0.003243 1.549744 -0.013161 -0.005913 0.022316 -0.011635 0.251965 -0.000572 0.107385 1.253338 -0.009728 0.038720 -0.044823 -0.001717
0.013924 -0.006294 0.003243 1.549744 -0.013161 -0.005913 0.022316 -0.011635 0.251965 -0.000572 0.107385 1.253338 -0.009728 0.038720 -0.044442 -0.001717
0.013924 -0.006294 0.003243 1.549744 -0.013161 -0.005913 0.022316 -0.011635 0.251965 -0.000572 0.107385 1.253338 -0.009728 0.038720 -0.044823 -0.001717
0.013924 -0.006294 0.003243 1.549744 -0.013161 -0.005913 0.021935 -0.011635 0.251965 -0.000572 0.107385 1.253338 -0.009728 0.038720 -0.044442 -0.001717
0.013924 -0.006294 0.003243 1.549744 -0.013161 -0.005913 0.022316 -0.011635 0.251965 -0.000572 0.107385 1.253338 -0.009728 0.038720 -0.044823 -0.001717
0.013924 -0.006294 0.003243 1.549744 -0.013161 -0.005913 0.022316 -0.011635 0.251965 -0.000572 0.107385 1.253338 -0.009728 0.038720 -0.044442 -0.001717
0.013924 -0.006294 0.003243 1.549744 -0.013161 -0.005913 0.022316 -0.011635 0.251965 -0.000572 0.107385 1.253338 -0.009728 0.038720 -0.044442 -0.001717
0.013924 -0.006294 0.003243 1.549744 -0.013161 -0.005913 0.022316 -0.011635 0.251965 -0.000572 0.107385 1.253338 -0.009728 0.038720 -0.044823 -0.001717
0.013924 -0.006294 0.003243 1.549744 -0.013161 -0.005913 0.022316 -0.011635 0.251965 -0.000572 0.107385 1.253338 -0.009728 0.038720 -0.044442 -0.001717
0.013924 -0.006294 0.003243 1.549744 -0.013161 -0.005913 0.022316 -0.011635 0.251965 -0.000572 0.107385 1.253338 -0.009728 0.038720 -0.044442 -0.001717
0.013924 -0.006294 0.003243 1.549744 -0.013161 -0.005913 0.021935 -0.011635 0.251965 -0.000572 0.107385 1.253338 -0.009728 0.038720 -0.044442 -0.001717
0.013924 -0.006294 0.003243 1.549744 -0.013161 -0.005913 0.022316 -0.011635 0.251965 -0.000572 0.107385 1.253338 -0.009728 0.038720 -0.044823 -0.001717
0.013924 -0.006294 0.003243 1.549744 -0.013161 -0.005913 0.022316 -0.011635 0.251965 -0.000572 0.107385 1.253338 -0.009728 0.038720 -0.044823 -0.001717
0.013924 -0.006294 0.003243 1.549744 -0.013161 -0.005913 0.022316 -0.011635 0.251965 -0.000572 0.107385 1.253338 -0.009728 0.038720 -0.044442 -0.001717
0.013924 -0.006294 0.003243 1.549744 -0.013161 -0.005913 0.022316 -0.011635 0.251965 -0.000572 0.107385 1.253338 -0.009728 0.038720 -0.044442 -0.001717
0.013924 -0.006294 0.003243 1.549744 -0.013161 -0.005913 0.022316 -0.011635 0.251965 -0.000572 0.107385 1.253338 -0.009728 0.038720 -0.044442 -0.001717
0.013924 -0.006294 0.003243 1.549744 -0.013161 -0.005913 0.022316 -0.011635 0.251965 -0.000572 0.107385 1.253338 -0.009728 0.038720 -0.044823 -0.001717
0.013924 -0.006294 0.003243 1.549744 -0.013161 -0.005913 0.022316 -0.011635 0.251965 -0.000572 0.107385 1.253338 -0.009728 0.038720 -0.044442 -0.001717
0.013924 -0.006294 0.003243 1.549744 -0.013161 -0.005913 0.022316 -0.011635 0.251965 -0.000572 0.107385 1.253338 -0.009728 0.038720 -0.044442 -0.001717
0.013924 -0.006294 0.003243 1.549744 -0.013161 -0.005913 0.022316 -0.011635 0.251965 -0.000572 0.107385 1.253338 -0.009728 0.038720 -0.044442 -0.001717
0.013924 -0.006294 0.003243 1.549744 -0.013161 -0.005913 0.022316 -0.011635 0.251965 -0.000572 0.107385 1.253338 -0.009728 0.038720 -0.044823 -0.001717
0.013924 -0.006294 0.003243 1.549744 -0.013161 -0.005913 0.022316 -0.011635 0.251965 -0.000572 0.107385 1.253338 -0.009728 0.038720 -0.044823 -0.001717
0.013924 -0.006294 0.003243 1.549744 -0.013161 -0.005913 0.022316 -0.011635 0.251965 -0.000572 0.107385 1.253338 -0.009728 0.038720 -0.044823 -0.001717
0.013924 -0.006294 0.003243 1.549744 -0.013161 -0.005913 0.022316 -0.011635 0.251965 -0.000572 0.107385 1.253338 -0.009728 0.038720 -0.044823 -0.001717
0.013924 -0.006294 0.003243 1.549744 -0.013161 -0.005913 0.022316 -0.011635 0.251965 -0.000572 0.107385 1.253338 -0.009728 0.038720 -0.044823 -0.001717
0.013924 -0.006294 0.003243 1.549744 -0.013161 -0.005913 0.022316 -0.011635 0.251965 -0.000572 0.107385 1.253338 -0.009728 0.038720 -0.044442 -0.001717
0.013924 -0.006294 0.003243 1.549744 -0.013161 -0.005913 0.022316 -0.011635 0.251965 -0.000572 0.107385 1.253338 -0.009728 0.038720 -0.044823 -0.001717
0.013924 -0.006294 0.003243 1.549744 -0.013161 -0.005913 0.022316 -0.011635 0.251965 -0.000572 0.107385 1.253338 -0.009728 0.038338 -0.044823 -0.001717
0.013924 -0.006294 0.003243 1.549744 -0.013161 -0.005913 0.022316 -0.011635 0.251965 -0.000572 0.107385 1.253338 -0.009728 0.038720 -0.044442 -0.001717
0.013924 -0.006294 0.003243 1.549744 -0.013161 -0.005913 0.022316 -0.011635 0.251965 -0.000572 0.107385 1.253338 -0.009728 0.038720 -0.044823 -0.001717
0.013924 -0.006294 0.003243 1.549744 -0.013161 -0.005913 0.021935 -0.011635 0.251965 -0.000572 0.107385 1.253338 -0.009728 0.038720 -0.044442 -0.001717
0.013924 -0.006294 0.003243 1.549744 -0.013161 -0.005913 0.022316 -0.011635 0.251965 -0.000572 0.107385 1.253338 -0.009728 0.038720 -0.044823 -0.001717
0.013924 -0.006294 0.003243 1.549744 -0.013161 -0.005913 0.022316 -0.011635 0.251965 -0.000572 0.107385 1.253338 -0.009728 0.038720 -0.044823 -0.001717
0.013924 -0.006294 0.003243 1.549744 -0.013161 -0.005913 0.022316 -0.011635 0.251965 -0.000572 0.107385 1.253338 -0.009728 0.038720 -0.044823 -0.001717
0.013924 -0.006294 0.003243 1.549744 -0.013161 -0.005913 0.022316 -0.011635 0.251965 -0.000572 0.107385 1.253338 -0.009728 0.038720 -0.044823 -0.001717
0.013924 -0.006294 0.003243 1.549744 -0.013161 -0.005913 0.022316 -0.011635 0.251965 -0.000572 0.107385 1.253338 -0.009728 0.038720 -0.044442 -0.001717
0.013924 -0.006294 0.003243 1.549744 -0.013161 -0.005913 0.022316 -0.011635 0.251965 -0.000572 0.107385 1.253338 -0.009728 0.038720 -0.044823 -0.001717
0.013924 -0.006294 0.003243 1.549744 -0.013161 -0.005913 0.022316 -0.011635 0.251965 -0.000572 0.107385 1.253338 -0.009728 0.038720 -0.044442 -0.001717
0.013924 -0.006294 0.003243 1.549744 -0.013161 -0.005913 0.022316 -0.011635 0.251965 -0.000572 0.107385 1.253338 -0.009728 0.038720 -0.044823 -0.001717
0.013924 -0.006294 0.003243 1.549744 -0.013161 -0.005913 0.022316 -0.011635 0.251965 -0.000572 0.107385 1.253338 -0.009728 0.038720 -0.044823 -0.001717
0.013924 -0.006294 0.003243 1.549744 -0.013161 -0.005913 0.021935 -0.011635 0.251965 -0.000572 0.107385 1.253338 -0.009728 0.038720 -0.044442 -0.001717
0.013924 -0.006294 0.003243 1.549744 -0.013161 -0.005913 0.022316 -0.011635 0.251965 -0.000572 0.107385 1.253338 -0.009728 0.038720 -0.044442 -0.001717
0.013924 -0.006294 0.003243 1.549744 -0.013161 -0.005913 0.022316 -0.011635 0.251965 -0.000572 0.107385 1.253338 -0.009728 0.038720 -0.044823 -0.001335
0.013924 -0.006294 0.003243 1.549744 -0.013161 -0.005913 0.022316 -0.011635 0.251965 -0.000572 0.107385 1.253338 -0.009728 0.038720 -0.044823 -0.001717
0.013924 -0.006294 0.003243 1.549744 -0.013161 -0.005913 0.022316 -0.011635 0.251965 -0.000572 0.107385 1.253338 -0.009728 0.038720 -0.044823 -0.001717
0.013924 -0.006294 0.003243 1.549744 -0.013161 -0.005913 0.022316 -0.011635 0.251965 -0.000572 0.107385 1.253338 -0.009728 0.038720 -0.044442 -0.001717
0.013924 -0.006294 0.003243 1.549744 -0.013161 -0.005913 0.022316 -0.011635 0.251965 -0.000572 0.107385 1.253338 -0.009728 0.038720 -0.044442 -0.001717
0.013924 -0.006294 0.003243 1.549744 -0.013161 -0.005913 0.022316 -0.011635 0.251965 -0.000572 0.107385 1.253338 -0.009728 0.038720 -0.044823 -0.001717
0.013924 -0.006294 0.003243 1.549744 -0.013161 -0.005913 0.021935 -0.011635 0.251965 -0.000572 0.107385 1.253338 -0.009728 0.038720 -0.044823 -0.001717
0.013924 -0.006294 0.003243 1.549744 -0.013161 -0.005913 0.022316 -0.011635 0.251965 -0.000572 0.107385 1.253338 -0.009728 0.038720 -0.044442 -0.001717
0.013924 -0.006294 0.003243 1.549744 -0.013161 -0.005913 0.022316 -0.011635 0.251965 -0.000572 0.107385 1.253338 -0.009728 0.038720 -0.044442 -0.001717
0.013924 -0.006294 0.003243 1.549744 -0.013161 -0.005913 0.022316 -0.011635 0.251965 -0.000572 0.107385 1.253338 -0.009728 0.038720 -0.044823 -0.001717
0.013924 -0.006294 0.003243 1.549744 -0.013161 -0.005913 0.022316 -0.011635 0.251965 -0.000572 0.107385 1.253338 -0.009728 0.038720 -0.044823 -0.001717
0.013924 -0.006294 0.003243 1.549744 -0.013161 -0.005913 0.022316 -0.011635 0.251965 -0.000572 0.107385 1.253338 -0.009728 0.038720 -0.044442 -0.001717
0.013924 -0.006294 0.003243 1.549744 -0.013161 -0.005913 0.022316 -0.011635 0.251965 -0.000572 0.107385 1.253338 -0.009728 0.038720 -0.044442 -0.001717
0.013924 -0.006294 0.003243 1.549744 -0.013161 -0.005913 0.022316 -0.011635 0.251965 -0.000572 0.107385 1.253338 -0.009728 0.038720 -0.044442 -0.001717
0.013924 -0.006294 0.003243 1.549744 -0.013161 -0.005913 0.022316 -0.011635 0.251965 -0.000572 0.107385 1.253338 -0.009728 0.038720 -0.044442 -0.001717
0.013924 -0.006294 0.003243 1.549744 -0.013161 -0.005913 0.022316 -0.011635 0.251965 -0.000572 0.107385 1.253338 -0.009728 0.038720 -0.044823 -0.001717
0.013924 -0.006294 0.003243 1.549744 -0.013161 -0.005913 0.022316 -0.011635 0.251965 -0.000572 0.107385 1.253338 -0.009728 0.038720 -0.044823 -0.001717
0.013924 -0.006294 0.003243 1.549744 -0.013161 -0.005913 0.022316 -0.011635 0.251965 -0.000572 0.107385 1.253338 -0.009728 0.038720 -0.044442 -0.001717
0.013924 -0.006294 0.003243 1.549744 -0.013161 -0.005913 0.022316 -0.011635 0.251965 -0.000572 0.107385 1.253338 -0.009728 0.038720 -0.044442 -0.001717
0.013924 -0.006294 0.003243 1.549744 -0.013161 -0.005913 0.022316 -0.011635 0.251965 -0.000572 0.107385 1.253338 -0.009728 0.038720 -0.044823 -0.001717
0.013924 -0.006294 0.003243 1.549744 -0.013161 -0.005913 0.022316 -0.011635 0.251965 -0.000572 0.107385 1.253338 -0.009728 0.038720 -0.044823 -0.001717
0.013924 -0.006294 0.003243 1.549744 -0.013161 -0.005913 0.022316 -0.011635 0.251965 -0.000572 0.107385 1.253338 -0.009728 0.038720 -0.044442 -0.001717
0.013924 -0.006294 0.003243 1.549744 -0.013161 -0.005913 0.021935 -0.011635 0.251965 -0.000572 0.107385 1.253338 -0.009728 0.038720 -0.044442 -0.001335
0.013924 -0.006294 0.003243 1.549744 -0.013161 -0.005913 0.022316 -0.011635 0.251965 -0.000572 0.107385 1.253338 -0.009728 0.038338 -0.044442 -0.001717
0.013924 -0.006294 0.003243 1.549744 -0.013161 -0.005913 0.022316 -0.011635 0.251965 -0.000572 0.107385 1.253338 -0.009728 0.038720 -0.044442 -0.001717
0.013924 -0.006294 0.003243 1.549744 -0.013161 -0.005913 0.022316 -0.011635 0.251965 -0.000572 0.107385 1.253338 -0.009728 0.038720 -0.044823 -0.001717
0.013924 -0.006294 0.003243 1.549744 -0.013161 -0.005913 0.022316 -0.011635 0.251965 -0.000572 0.107385 1.253338 -0.009728 0.038720 -0.044442 -0.001717
0.013924 -0.006294 0.003243 1.549744 -0.013161 -0.005913 0.022316 -0.011635 0.251965 -0.000572 0.107385 1.253338 -0.009728 0.038720 -0.044442 -0.001717
0.013924 -0.006294 0.003243 1.549744 -0.013161 -0.005913 0.022316 -0.011635 0.251965 -0.000572 0.107385 1.253338 -0.009728 0.038720 -0.044823 -0.001717
0.013924 -0.006294 0.003243 1.549744 -0.013161 -0.005913 0.022316 -0.011635 0.251965 -0.000572 0.107385 1.253338 -0.009728 0.038720 -0.044442 -0.001717
0.013924 -0.006294 0.003243 1.549744 -0.013161 -0.005913 0.022316 -0.011635 0.251965 -0.000572 0.107385 1.253338 -0.009728 0.038720 -0.044442 -0.001717
0.013924 -0.006294 0.003243 1.549744 -0.013161 -0.005913 0.022316 -0.011635 0.251965 -0.000572 0.107385 1.253338 -0.009728 0.038720 -0.044442 -0.001717
0.013924 -0.006294 0.003243 1.549744 -0.013161 -0.005913 0.021935 -0.011635 0.251965 -0.000572 0.107385 1.253338 -0.009728 0.038720 -0.044442 -0.001717
0.013924 -0.006294 0.003243 1.549744 -0.013161 -0.005913 0.022316 -0.011635 0.251965 -0.000572 0.107385 1.253338 -0.009728 0.038720 -0.044823 -0.001717
0.013924 -0.006294 0.003243 1.549744 -0.013161 -0.005913 0.021935 -0.011635 0.251965 -0.000572 0.107385 1.253338 -0.009728 0.038720 -0.044442 -0.001717
0.013924 -0.006294 0.003243 1.549744 -0.013161 -0.005913 0.022316 -0.011635 0.251965 -0.000572 0.107385 1.253338 -0.009728 0.038720 -0.044442 -0.001717
0.013924 -0.006294 0.003243 1.549744 -0.013161 -0.005913 0.022316 -0.011635 0.251965 -0.000572 0.107385 1.253338 -0.009728 0.038720 -0.044823 -0.001717
0.013924 -0.006294 0.003243 1.549744 -0.013161 -0.005913 0.022316 -0.011635 0.251965 -0.000572 0.107385 1.253338 -0.009728 0.038720 -0.044442 -0.001717
0.013924 -0.006294 0.003243 1.549744 -0.013161 -0.005913 0.022316 -0.011635 0.251965 -0.000572 0.107385 1.253338 -0.009728 0.038720 -0.044823 -0.001717
0.013924 -0.006294 0.003243 1.549744 -0.013161 -0.005913 0.022316 -0.011635 0.251965 -0.000572 0.107385 1.253338 -0.009728 0.038720 -0.044823 -0.001717
0.013924 -0.006294 0.003243 1.549744 -0.013161 -0.005913 0.022316 -0.011635 0.251965 -0.000572 0.107385 1.253338 -0.009728 0.038720 -0.044823 -0.001717
0.013924 -0.006294 0.003243 1.549744 -0.013161 -0.005913 0.022316 -0.011635 0.251965 -0.000572 0.107385 1.253338 -0.009728 0.038720 -0.044823 -0.001717
0.013924 -0.006294 0.003243 1.549744 -0.013161 -0.005913 0.022316 -0.011635 0.251965 -0.000572 0.107385 1.253338 -0.009728 0.038720 -0.044823 -0.001717
0.013924 -0.006294 0.003243 1.549744 -0.013161 -0.005913 0.022316 -0.011635 0.251965 -0.000572 0.107385 1.253338 -0.009728 0.038338 -0.044442 -0.001717
0.013924 -0.006294 0.003243 1.549744 -0.013161 -0.005913 0.022316 -0.011635 0.251965 -0.000572 0.107385 1.253338 -0.009728 0.038720 -0.044442 -0.001717
0.013924 -0.006294 0.003243 1.549744 -0.013161 -0.005913 0.022316 -0.011635 0.251965 -0.000572 0.107385 1.253338 -0.009728 0.038720 -0.044823 -0.001717
0.013924 -0.006294 0.003243 1.549744 -0.013161 -0.005913 0.022316 -0.011635 0.251965 -0.000572 0.107385 1.253338 -0.009728 0.038720 -0.044823 -0.001717
0.013924 -0.006294 0.003243 1.549744 -0.013161 -0.005913 0.022316 -0.011635 0.251965 -0.000572 0.107385 1.253338 -0.009728 0.038720 -0.044442 -0.001717
0.013924 -0.006294 0.003243 1.549744 -0.013161 -0.005913 0.022316 -0.011635 0.251965 -0.000572 0.107385 1.253338 -0.009728 0.038720 -0.044442 -0.001717
0.013924 -0.006294 0.003243 1.549744 -0.013161 -0.005913 0.022316 -0.011635 0.251965 -0.000572 0.107385 1.253338 -0.009728 0.038720 -0.044823 -0.001717
0.013924 -0.006294 0.003243 1.549744 -0.013161 -0.005913 0.022316 -0.011635 0.251965 -0.000572 0.107385 1.253338 -0.009728 0.038720 -0.044823 -0.001717
0.013924 -0.006294 0.003243 1.549744 -0.013161 -0.005913 0.022316 -0.011635 0.251965 -0.000572 0.107385 1.253338 -0.009728 0.038720 -0.044442 -0.001717
0.013924 -0.006294 0.003243 1.549744 -0.013161 -0.005913 0.022316 -0.011635 0.251965 -0.000572 0.107385 1.253338 -0.009728 0.038720 -0.044442 -0.001717
0.013924 -0.006294 0.003243 1.549744 -0.013161 -0.005913 0.022316 -0.011635 0.251965 -0.000572 0.107385 1.253338 -0.009728 0.038720 -0.044823 -0.001717
0.013924 -0.006294 0.003243 1.549744 -0.013161 -0.005913 0.022316 -0.011635 0.251965 -0.000572 0.107385 1.253338 -0.009728 0.038720 -0.044442 -0.001717
0.013924 -0.006294 0.003243 1.549744 -0.013161 -0.005913 0.022316 -0.011635 0.251965 -0.000572 0.107385 1.253338 -0.009728 0.038720 -0.044823 -0.001717
0.013924 -0.006294 0.003243 1.549744 -0.013161 -0.005913 0.022316 -0.011635 0.251965 -0.000572 0.107385 1.253338 -0.009728 0.038720 -0.044442 -0.001717
0.013924 -0.006294 0.003243 1.549744 -0.013161 -0.005913 0.022316 -0.011635 0.251965 -0.000572 0.107385 1.253338 -0.009728 0.038720 -0.044823 -0.001717
0.013924 -0.006294 0.003243 1.549744 -0.013161 -0.005913 0.022316 -0.011254 0.251965 -0.000572 0.107385 1.253338 -0.009728 0.038720 -0.044442 -0.001717
0.013924 -0.006294 0.003243 1.549744 -0.013161 -0.005913 0.022316 -0.011635 0.251965 -0.000572 0.107385 1.253338 -0.009728 0.038720 -0.044442 -0.001717
0.013924 -0.006294 0.003243 1.549744 -0.013161 -0.005913 0.022316 -0.011635 0.251965 -0.000572 0.107385 1.253338 -0.009728 0.038720 -0.044442 -0.001717
0.013924 -0.006294 0.003243 1.549744 -0.013161 -0.005913 0.022316 -0.011635 0.251965 -0.000572 0.107385 1.253338 -0.009728 0.038720 -0.044823 -0.001717
0.013924 -0.006294 0.003243 1.549744 -0.013161 -0.005913 0.022316 -0.011635 0.251965 -0.000572 0.107385 1.253338 -0.009728 0.038720 -0.044442 -0.001717
0.013924 -0.006294 0.003243 1.549744 -0.013161 -0.005913 0.022316 -0.011635 0.251965 -0.000572 0.107385 1.253338 -0.009728 0.038720 -0.044442 -0.001717
0.013924 -0.006294 0.003243 1.549744 -0.013161 -0.005913 0.021935 -0.011635 0.251965 -0.000572 0.107385 1.253338 -0.009728 0.038720 -0.044442 -0.001717
0.013924 -0.006294 0.003243 1.549744 -0.013161 -0.005913 0.022316 -0.011635 0.251965 -0.000572 0.107385 1.253338 -0.009728 0.038720 -0.044823 -0.001717
0.013924 -0.006294 0.003243 1.549744 -0.013161 -0.005913 0.022316 -0.011635 0.251965 -0.000572 0.107385 1.253338 -0.009728 0.038720 -0.044823 -0.001717
0.013924 -0.006294 0.003243 1.549744 -0.013161 -0.005913 0.022316 -0.011635 0.251965 -0.000572 0.107385 1.253338 -0.009728 0.038720 -0.044823 -0.001717
0.013924 -0.006294 0.003243 1.549744 -0.013161 -0.005913 0.022316 -0.011635 0.251965 -0.000572 0.107385 1.253338 -0.009728 0.038720 -0.044823 -0.001717
0.013924 -0.006294 0.003243 1.549744 -0.013161 -0.005913 0.022316 -0.011635 0.251965 -0.000572 0.107385 1.253338 -0.009728 0.038720 -0.044823 -0.001717
0.013924 -0.006294 0.003243 1.549744 -0.013161 -0.005913 0.021935 -0.011635 0.251965 -0.000572 0.107385 1.253338 -0.009728 0.038720 -0.044442 -0.001717
0.013924 -0.006294 0.003243 1.549744 -0.013161 -0.005913 0.022316 -0.011635 0.251965 -0.000572 0.107385 1.253338 -0.009728 0.038720 -0.044823 -0.001717
0.013924 -0.006294 0.003243 1.549744 -0.013161 -0.005913 0.022316 -0.011635 0.251965 -0.000572 0.107385 1.253338 -0.009728 0.038720 -0.044442 -0.001717
0.013924 -0.006294 0.003243 1.549744 -0.013161 -0.005913 0.021553 -0.011635 0.251965 -0.000572 0.107385 1.253338 -0.009728 0.038720 -0.044442 -0.001717
0.013542 -0.006294 0.003243 1.549744 -0.013161 -0.005913 0.021935 -0.011635 0.251965 -0.000572 0.107385 1.253338 -0.009728 0.038720 -0.044442 -0.001717
0.013924 -0.006294 0.003243 1.549744 -0.013161 -0.005913 0.021935 -0.011635 0.251965 -0.000572 0.107385 1.253338 -0.009728 0.038720 -0.044442 -0.001717
0.013924 -0.006294 0.003243 1.549744 -0.013542 -0.006294 0.021935 -0.011635 0.251965 -0.000572 0.107385 1.253338 -0.009728 0.038720 -0.044442 -0.001717
0.013924 -0.006294 0.003243 1.549744 -0.013161 -0.005913 0.021935 -0.011635 0.251965 -0.000572 0.107385 1.253338 -0.009728 0.038720 -0.044442 -0.001717
0.013924 -0.006294 0.003243 1.549744 -0.013161 -0.005913 0.021935 -0.011635 0.251965 -0.000572 0.107385 1.253338 -0.009728 0.038720 -0.044442 -0.001717
0.013924 -0.006294 0.003243 1.549744 -0.013161 -0.005913 0.021935 -0.011635 0.251965 -0.000572 0.107385 1.253338 -0.009728 0.038720 -0.044442 -0.001717
0.013924 -0.006294 0.003243 1.549744 -0.013161 -0.005913 0.021935 -0.011635 0.251965 -0.000572 0.107385 1.253338 -0.009728 0.038720 -0.044442 -0.001717
0.013924 -0.006294 0.003243 1.549744 -0.013161 -0.005913 0.021935 -0.011635 0.251965 -0.000572 0.107385 1.253338 -0.009728 0.038720 -0.044442 -0.001717
0.013924 -0.006294 0.003243 1.549744 -0.013161 -0.006294 0.021935 -0.011635 0.251965 -0.000572 0.107385 1.253338 -0.009728 0.038720 -0.044060 -0.001335
0.013924 -0.006294 0.003243 1.549744 -0.013161 -0.005913 0.021935 -0.011635 0.252346 -0.000572 0.107385 1.253338 -0.009728 0.037957 -0.042535 -0.001717
0.013924 -0.006294 0.003243 1.549744 -0.013542 -0.005913 0.021935 -0.011635 0.252346 -0.000191 0.107385 1.253338 -0.009728 0.037957 -0.039483 -0.001717
0.013924 -0.006294 0.003243 1.549744 -0.013161 -0.005913 0.021935 -0.011635 0.252346 -0.000572 0.107385 1.253338 -0.009728 0.038338 -0.035668 -0.001717
0.013924 -0.006294 0.003243 1.549744 -0.013161 -0.005913 0.021935 -0.011635 0.252346 -0.000572 0.107385 1.253338 -0.009728 0.037957 -0.036431 -0.001717
0.013924 -0.006294 0.003243 1.549744 -0.013161 -0.006294 0.021935 -0.011635 0.252346 -0.000572 0.107385 1.253338 -0.009728 0.037957 -0.036431 -0.001717
0.013924 -0.006294 0.003243 1.549744 -0.013161 -0.005913 0.022316 -0.011635 0.251965 -0.000572 0.107385 1.253338 -0.009728 0.038338 -0.036812 -0.001717
0.013924 -0.006294 0.003243 1.549744 -0.013161 -0.005913 0.021935 -0.011635 0.251583 -0.000191 0.107385 1.253338 -0.009728 0.037957 -0.037194 -0.001717
0.013924 -0.006294 0.003243 1.549744 -0.013161 -0.005913 0.021935 -0.011635 0.251202 -0.000572 0.107385 1.253338 -0.009728 0.038338 -0.037194 -0.001717
0.013924 -0.006294 0.003243 1.549744 -0.013161 -0.005913 0.021935 -0.011635 0.251202 -0.000572 0.107385 1.253338 -0.009728 0.037957 -0.037194 -0.001717
0.013924 -0.006294 0.003243 1.549744 -0.013161 -0.006294 0.021935 -0.011635 0.251583 -0.000572 0.107385 1.253338 -0.009728 0.037957 -0.037194 -0.001717
0.013924 -0.006294 0.003243 1.549744 -0.013161 -0.005913 0.021935 -0.011635 0.251965 -0.000191 0.107385 1.253338 -0.009728 0.037957 -0.036812 -0.001717
0.013924 -0.006294 0.003243 1.549744 -0.013542 -0.005913 0.021935 -0.011635 0.251965 -0.000572 0.107385 1.253338 -0.009728 0.037957 -0.036812 -0.001717
0.013924 -0.006294 0.003243 1.549744 -0.013542 -0.005913 0.021935 -0.011635 0.251583 -0.000572 0.107385 1.253338 -0.009728 0.038338 -0.037194 -0.001717
0.013924 -0.006294 0.003243 1.549744 -0.013542 -0.005913 0.021935 -0.011635 0.251583 -0.000572 0.107385 1.253338 -0.009346 0.038338 -0.037194 -0.001717
0.013924 -0.006294 0.003243 1.549744 -0.013542 -0.005913 0.021935 -0.011635 0.251583 -0.000572 0.107385 1.253338 -0.009346 0.038338 -0.037194 -0.001717
0.013924 -0.006294 0.003243 1.549744 -0.013542 -0.006294 0.021935 -0.011635 0.251583 -0.000572 0.107385 1.253338 -0.009346 0.038338 -0.037194 -0.001717
0.013924 -0.006294 0.003243 1.549744 -0.013542 -0.006294 0.021935 -0.011635 0.251583 -0.000572 0.107385 1.253338 -0.009346 0.038338 -0.037194 -0.001717
0.013924 -0.006294 0.003243 1.549744 -0.013542 -0.005913 0.021935 -0.011635 0.251583 -0.000572 0.107385 1.253338 -0.009728 0.037957 -0.037957 -0.001717
0.013924 -0.006294 0.003243 1.549744 -0.013542 -0.006294 0.021935 -0.011635 0.251202 -0.000572 0.107385 1.253338 -0.009346 0.038338 -0.044442 -0.001717
0.013924 -0.006294 0.003243 1.549744 -0.013542 -0.006294 0.021935 -0.011635 0.251583 -0.000572 0.107385 1.253338 -0.009728 0.038338 -0.053597 -0.001717
0.013924 -0.006294 0.003243 1.549744 -0.013542 -0.005913 0.021935 -0.011635 0.251583 -0.000572 0.107385 1.253338 -0.010109 0.037957 -0.060464 -0.001717
0.013924 -0.006294 0.003243 1.549744 -0.013542 -0.005913 0.021935 -0.011635 0.251583 -0.000572 0.107385 1.253338 -0.010491 0.038338 -0.068475 -0.001717
0.013924 -0.006294 0.003243 1.549744 -0.013542 -0.006294 0.021935 -0.011635 0.251583 -0.000191 0.107385 1.253338 -0.010491 0.037957 -0.074197 -0.001717
0.013542 -0.006294 0.003243 1.549744 -0.013542 -0.006294 0.021935 -0.011635 0.251965 -0.000191 0.107385 1.253338 -0.013924 0.037957 -0.075341 -0.001717
0.013542 -0.006294 0.003243 1.549744 -0.013542 -0.006294 0.021935 -0.011635 0.251965 -0.000191 0.107385 1.253719 -0.030327 0.037957 -0.075341 -0.001717
0.013924 -0.006294 0.003243 1.549744 -0.013542 -0.005913 0.021935 -0.011635 0.251965 -0.000191 0.107385 1.253719 -0.047875 0.038338 -0.075341 -0.001717
0.013924 -0.006294 0.003243 1.549744 -0.013542 -0.005913 0.021935 -0.011635 0.251965 -0.000191 0.107385 1.254864 -0.073434 0.038338 -0.076104 -0.001717
0.013924 -0.006294 0.003243 1.549744 -0.013542 -0.005913 0.021935 -0.011635 0.251583 -0.000191 0.107385 1.257153 -0.093652 0.037957 -0.078775 -0.001717
0.013924 -0.006294 0.003243 1.549744 -0.013542 -0.005913 0.021935 -0.011635 0.251965 -0.000191 0.107385 1.258297 -0.116159 0.038338 -0.080301 -0.001717
0.013924 -0.006294 0.003243 1.549744 -0.013542 -0.005913 0.021935 -0.011635 0.252346 -0.000191 0.107385 1.259060 -0.134852 0.037957 -0.080682 -0.001717
0.013924 -0.006294 0.003243 1.549744 -0.013542 -0.005913 0.021935 -0.011635 0.251965 -0.000191 0.107385 1.259823 -0.158885 0.037957 -0.082589 -0.001717
0.013924 -0.006294 0.003243 1.549744 -0.013542 -0.005913 0.021935 -0.011635 0.251965 -0.000572 0.107385 1.260586 -0.179484 0.037957 -0.082208 -0.001717
0.013924 -0.006294 0.003243 1.549744 -0.013542 -0.005913 0.021935 -0.011635 0.251965 -0.000191 0.107385 1.261730 -0.198939 0.037957 -0.082208 -0.001717
0.013924 -0.006294 0.003243 1.549744 -0.013542 -0.006294 0.021935 -0.011635 0.251965 -0.000191 0.107385 1.264401 -0.214961 0.037957 -0.082971 -0.001717
0.013924 -0.006294 0.003243 1.549744 -0.013542 -0.005913 0.021935 -0.011635 0.251965 -0.000572 0.107385 1.265927 -0.237087 0.037575 -0.083352 -0.001717
0.013924 -0.006294 0.003243 1.549744 -0.013542 -0.005913 0.021935 -0.011635 0.251965 -0.000191 0.107385 1.265927 -0.258450 0.037194 -0.082971 -0.001717
0.013924 -0.006294 0.003243 1.549744 -0.013542 -0.005913 0.021935 -0.011635 0.251965 -0.000572 0.107385 1.267834 -0.277523 0.037194 -0.082971 -0.001717
0.013924 -0.006294 0.003243 1.549744 -0.013542 -0.006294 0.021935 -0.011635 0.251202 -0.000572 0.107385 1.271267 -0.291638 0.037194 -0.083734 -0.001717
0.013924 -0.006294 0.003243 1.549744 -0.013542 -0.005913 0.021935 -0.011635 0.251202 -0.000572 0.107385 1.275845 -0.305753 0.037194 -0.090219 -0.001717
0.013924 -0.006294 0.003243 1.549744 -0.013542 -0.005913 0.021935 -0.011635 0.251583 -0.000572 0.107385 1.281567 -0.317960 0.036812 -0.098993 -0.001717
0.013924 -0.006294 0.003243 1.549744 -0.013542 -0.005913 0.021935 -0.011635 0.251583 -0.000572 0.107385 1.289197 -0.329023 0.036431 -0.104715 -0.001717
0.013924 -0.006294 0.003243 1.549744 -0.013542 -0.005913 0.021935 -0.011635 0.251202 -0.000572 0.107385 1.300259 -0.339322 0.036431 -0.111963 -0.001717
0.013924 -0.006294 0.003243 1.549744 -0.013542 -0.005913 0.021935 -0.011635 0.248531 -0.000954 0.107385 1.317426 -0.349241 0.036431 -0.123026 -0.001717
0.013924 -0.006294 0.003243 1.549744 -0.013542 -0.005913 0.022316 -0.011635 0.245098 -0.000572 0.107385 1.336500 -0.357633 0.036431 -0.131800 -0.001717
0.013924 -0.006294 0.003243 1.549744 -0.013542 -0.005913 0.021935 -0.011635 0.239757 -0.000572 0.107385 1.361295 -0.370222 0.036431 -0.135233 -0.001717
0.013924 -0.006294 0.003243 1.549744 -0.013542 -0.005913 0.021935 -0.011635 0.234417 -0.000572 0.107385 1.384947 -0.386625 0.036431 -0.134470 -0.001717
0.013924 -0.006294 0.003243 1.549744 -0.013542 -0.006294 0.021935 -0.011635 0.227932 -0.000572 0.107385 1.410506 -0.406081 0.037957 -0.133707 -0.001717
0.013924 -0.006294 0.003243 1.549744 -0.013542 -0.005913 0.022316 -0.011635 0.219539 -0.000954 0.107004 1.442168 -0.433165 0.039101 -0.132181 -0.001717
0.013924 -0.006294 0.003243 1.549744 -0.013542 -0.005913 0.021935 -0.011635 0.212291 -0.000572 0.106241 1.474594 -0.460632 0.039483 -0.130274 -0.001717
0.013924 -0.006294 0.003243 1.549744 -0.013542 -0.005913 0.021935 -0.011635 0.205425 -0.000572 0.105478 1.500534 -0.485428 0.039483 -0.128367 -0.001717
0.013924 -0.006294 0.003243 1.549744 -0.013542 -0.006294 0.022316 -0.011635 0.198177 -0.000572 0.105478 1.522278 -0.512512 0.039483 -0.123026 -0.001717
0.013924 -0.006294 0.003243 1.549744 -0.013542 -0.005913 0.022316 -0.011635 0.190929 -0.000572 0.105478 1.543641 -0.544175 0.040246 -0.117304 -0.001717
0.013924 -0.006294 0.003243 1.549744 -0.013542 -0.005913 0.021935 -0.011635 0.184062 -0.000572 0.105478 1.563096 -0.575074 0.043297 -0.109674 -0.001717
0.013924 -0.006294 0.003243 1.549744 -0.013542 -0.006294 0.021935 -0.011635 0.177577 -0.000572 0.105478 1.577592 -0.606355 0.047875 -0.103189 -0.001717
0.013924 -0.006294 0.003243 1.549744 -0.013542 -0.006294 0.022316 -0.011635 0.170329 -0.000572 0.105478 1.589799 -0.644503 0.059319 -0.092889 -0.001717
0.013924 -0.006294 0.003243 1.549744 -0.013542 -0.005913 0.022316 -0.011635 0.164988 -0.000572 0.105478 1.597429 -0.680362 0.067330 -0.082208 -0.001717
0.013924 -0.006294 0.003243 1.549744 -0.013542 -0.006294 0.022316 -0.011635 0.158122 -0.000572 0.105478 1.602007 -0.720417 0.074197 -0.070764 -0.001717
0.013924 -0.006294 0.003243 1.549744 -0.013542 -0.005913 0.022316 -0.011635 0.152018 -0.000572 0.105478 1.605058 -0.760472 0.085641 -0.058556 -0.001717
0.013924 -0.006294 0.003243 1.549744 -0.013542 -0.005913 0.021935 -0.011635 0.146296 -0.000572 0.105478 1.605821 -0.805104 0.092126 -0.042535 -0.001717
0.013924 -0.006294 0.003243 1.549744 -0.013542 -0.005913 0.022316 -0.011635 0.140574 -0.000572 0.105478 1.605440 -0.838293 0.092126 -0.032235 -0.001717
0.013924 -0.006294 0.003243 1.549744 -0.013542 -0.006294 0.022316 -0.011635 0.133326 -0.000572 0.105478 1.606203 -0.869955 0.091363 -0.012779 -0.001717
0.013924 -0.006294 0.003243 1.549744 -0.013542 -0.006294 0.021935 -0.011635 0.126078 -0.000572 0.105478 1.606203 -0.905051 0.091363 0.009346 -0.001717
0.013924 -0.006294 0.003243 1.549744 -0.013542 -0.006294 0.021935 -0.011635 0.117685 -0.000572 0.105478 1.606203 -0.938239 0.091363 0.027657 -0.001717
0.013542 -0.006294 0.003243 1.549744 -0.013542 -0.005913 0.021935 -0.011635 0.110437 -0.000572 0.105478 1.606203 -0.965705 0.091745 0.050927 -0.001717
0.013924 -0.006294 0.003243 1.549744 -0.013542 -0.005913 0.022316 -0.011635 0.099756 -0.000572 0.105478 1.606203 -0.993553 0.091745 0.077249 -0.001717
0.013924 -0.006294 0.003243 1.549744 -0.013542 -0.005913 0.022316 -0.011635 0.090219 -0.000572 0.105478 1.606203 -1.019875 0.091745 0.105478 -0.001717
0.013924 -0.006294 0.003243 1.549744 -0.013542 -0.006294 0.021935 -0.011635 0.081827 -0.000572 0.105478 1.606203 -1.042763 0.091363 0.127604 -0.001717
0.013924 -0.006294 0.003243 1.549744 -0.013542 -0.005913 0.021935 -0.011635 0.071908 -0.000572 0.105478 1.606203 -1.072519 0.091363 0.156977 -0.001717
0.013924 -0.006294 0.003243 1.549744 -0.013542 -0.006294 0.022316 -0.011635 0.060845 -0.000572 0.105478 1.606203 -1.106470 0.091363 0.188258 -0.001717
0.013924 -0.006294 0.003243 1.549744 -0.013542 -0.005913 0.022316 -0.011635 0.050927 -0.000572 0.105478 1.606203 -1.135462 0.090982 0.216106 -0.001717
0.013924 -0.006294 0.003243 1.549744 -0.013542 -0.005913 0.022316 -0.011635 0.040627 -0.000572 0.105478 1.606203 -1.162165 0.090982 0.245861 -0.001717
0.013924 -0.006294 0.003243 1.549744 -0.013542 -0.005913 0.022316 -0.011635 0.031853 -0.000572 0.105478 1.606203 -1.182765 0.090219 0.273709 -0.001717
0.013924 -0.006294 0.003243 1.549744 -0.013542 -0.006294 0.021935 -0.011635 0.024224 -0.000572 0.105478 1.606203 -1.199550 0.090219 0.299268 -0.001717
0.013924 -0.006294 0.003243 1.549744 -0.013542 -0.005913 0.022316 -0.011635 0.015068 -0.000572 0.105478 1.606584 -1.218242 0.089837 0.333600 -0.001717
0.013924 -0.006294 0.003243 1.549744 -0.013542 -0.005913 0.021935 -0.011635 0.004768 -0.000572 0.105478 1.606966 -1.244564 0.089837 0.369841 -0.001717
0.013924 -0.006294 0.003243 1.549744 -0.013542 -0.005913 0.022316 -0.011635 -0.003243 -0.000572 0.105478 1.609255 -1.264401 0.087167 0.399977 -0.001717
0.013924 -0.006294 0.003243 1.549744 -0.013542 -0.005913 0.021935 -0.011635 -0.012016 -0.000572 0.105478 1.613451 -1.282712 0.087167 0.430877 -0.001717
0.013924 -0.006294 0.003243 1.549744 -0.013542 -0.005913 0.022316 -0.011635 -0.019265 -0.000572 0.105478 1.619173 -1.299115 0.087167 0.462921 -0.001717
0.013924 -0.006294 0.003243 1.549744 -0.013542 -0.005913 0.021935 -0.011635 -0.027276 -0.000572 0.105478 1.627184 -1.313611 0.087167 0.493057 -0.001717
0.013924 -0.006294 0.003243 1.549744 -0.013542 -0.005913 0.022316 -0.011635 -0.034524 -0.000572 0.105478 1.635958 -1.322766 0.087167 0.522812 -0.001717
0.013924 -0.006294 0.003243 1.549744 -0.013542 -0.005913 0.021935 -0.011635 -0.039864 -0.000572 0.105478 1.645113 -1.327726 0.087167 0.548371 -0.001717
0.013924 -0.006294 0.003243 1.549744 -0.013542 -0.006294 0.021935 -0.011635 -0.044823 -0.000572 0.105478 1.653887 -1.328107 0.086404 0.572023 -0.001717
0.013924 -0.006294 0.003243 1.549744 -0.013542 -0.005913 0.021935 -0.011635 -0.047494 -0.000572 0.105478 1.664569 -1.328107 0.081827 0.596056 -0.001717
0.013924 -0.006294 0.003243 1.549744 -0.013542 -0.005913 0.021935 -0.011635 -0.047494 -0.000572 0.105478 1.672198 -1.328870 0.081445 0.610170 -0.001717
0.013924 -0.006294 0.003243 1.549744 -0.013542 -0.006294 0.021935 -0.011635 -0.047112 -0.000572 0.105478 1.679446 -1.331922 0.077249 0.617037 -0.001717
0.013924 -0.006294 0.003243 1.549744 -0.013542 -0.006294 0.022316 -0.011635 -0.047112 -0.000572 0.105478 1.689364 -1.331922 0.075341 0.620851 -0.001717
0.013924 -0.006294 0.003243 1.549744 -0.013542 -0.006294 0.022316 -0.011635 -0.047112 -0.000572 0.105478 1.699664 -1.331540 0.075723 0.626955 -0.001717
0.013924 -0.006294 0.003243 1.549744 -0.013542 -0.005913 0.022316 -0.011635 -0.047112 -0.000572 0.105478 1.707294 -1.331540 0.075723 0.630388 -0.001717
0.013924 -0.006294 0.003243 1.549744 -0.013542 -0.005913 0.021935 -0.011635 -0.046731 -0.000572 0.105478 1.716831 -1.331922 0.075341 0.633822 -0.001717
0.013542 -0.006294 0.003243 1.549744 -0.013542 -0.005913 0.022316 -0.011635 -0.047112 -0.000572 0.105478 1.724079 -1.331922 0.075341 0.639162 -0.001717
0.013924 -0.006294 0.003243 1.549744 -0.013542 -0.005913 0.022316 -0.011635 -0.047112 -0.000572 0.105478 1.732090 -1.334974 0.075341 0.646410 -0.001717
0.013924 -0.006294 0.003243 1.549744 -0.013542 -0.005913 0.021935 -0.011635 -0.047112 -0.000572 0.105478 1.737430 -1.334974 0.075341 0.651751 -0.001717
0.013924 -0.006294 0.003243 1.549744 -0.013542 -0.005913 0.022316 -0.011635 -0.047112 -0.000572 0.105478 1.741627 -1.335355 0.071145 0.657092 -0.001717
0.013924 -0.006294 0.003243 1.549744 -0.013542 -0.006294 0.021935 -0.011635 -0.047494 -0.000572 0.105478 1.743153 -1.335355 0.061608 0.663958 -0.001717
0.013924 -0.006294 0.003243 1.549744 -0.013542 -0.005913 0.021935 -0.011635 -0.047112 -0.000572 0.105478 1.742771 -1.336118 0.041009 0.673114 -0.001717
0.013924 -0.006294 0.003243 1.549744 -0.013542 -0.005913 0.022316 -0.011635 -0.047112 -0.000572 0.105478 1.743153 -1.344511 0.025750 0.682650 -0.001717
0.013924 -0.006294 0.003243 1.549744 -0.013542 -0.005913 0.022316 -0.011635 -0.047112 -0.000572 0.105478 1.743153 -1.357862 0.019646 0.692569 -0.001717
0.013924 -0.006294 0.003243 1.549744 -0.013542 -0.006294 0.021935 -0.011635 -0.047112 -0.000572 0.105478 1.742771 -1.370832 0.015068 0.699435 -0.001717
0.013924 -0.006294 0.003243 1.549744 -0.013542 -0.005913 0.021935 -0.011635 -0.047494 -0.000572 0.105478 1.742771 -1.376173 0.015450 0.709354 -0.001717
0.013924 -0.006294 0.003243 1.549744 -0.013542 -0.005913 0.022316 -0.011635 -0.047494 -0.000572 0.105478 1.742771 -1.376555 0.015831 0.718128 -0.001717
0.013924 -0.006294 0.003243 1.549744 -0.013542 -0.005913 0.022316 -0.011635 -0.047875 -0.000572 0.105478 1.742771 -1.376555 0.015831 0.722705 -0.001717
0.013924 -0.006294 0.003243 1.549744 -0.013542 -0.005913 0.021935 -0.011635 -0.047494 -0.000572 0.105478 1.742771 -1.376555 0.015831 0.722705 -0.001717
0.013924 -0.006294 0.003243 1.549744 -0.013542 -0.005913 0.021935 -0.011635 -0.047112 -0.000572 0.105478 1.742771 -1.376555 0.015450 0.722705 -0.001717
0.013924 -0.006294 0.003243 1.549744 -0.013542 -0.006294 0.022316 -0.011635 -0.047112 -0.000572 0.105478 1.742771 -1.376555 0.015450 0.722705 -0.001717
0.013924 -0.006294 0.003243 1.549744 -0.013542 -0.005913 0.022316 -0.011635 -0.047112 -0.000572 0.105478 1.742771 -1.376555 0.015450 0.722324 -0.001717
0.013924 -0.006294 0.003243 1.549744 -0.013542 -0.005913 0.021935 -0.011635 -0.047112 -0.000572 0.105478 1.742771 -1.379988 0.015831 0.722324 -0.001717
0.013924 -0.006294 0.003243 1.549744 -0.013542 -0.005913 0.021935 -0.011635 -0.047112 -0.000572 0.105478 1.742771 -1.385710 0.015831 0.722324 -0.001717
0.013924 -0.006294 0.003243 1.549744 -0.013542 -0.005913 0.022316 -0.011635 -0.047112 -0.000572 0.105478 1.742771 -1.397536 0.015831 0.722324 -0.001717
0.013924 -0.006294 0.003243 1.549744 -0.013542 -0.005913 0.022316 -0.011635 -0.047112 -0.000572 0.105478 1.742771 -1.416228 0.015450 0.722324 -0.001717
0.013924 -0.006294 0.003243 1.549744 -0.013542 -0.005913 0.022316 -0.011635 -0.047112 -0.000572 0.105478 1.742771 -1.437591 0.015831 0.722324 -0.001717
0.013924 -0.006294 0.003243 1.549744 -0.013542 -0.005913 0.021935 -0.011635 -0.047112 -0.000572 0.105478 1.742771 -1.466201 0.015831 0.722324 -0.001717
0.013924 -0.006294 0.003243 1.549744 -0.013542 -0.005913 0.021935 -0.011635 -0.047112 -0.000572 0.105478 1.742771 -1.497482 0.016213 0.722324 -0.001717
0.013924 -0.006294 0.003243 1.549744 -0.013542 -0.005913 0.022316 -0.011635 -0.047112 -0.000572 0.105478 1.742771 -1.532578 0.016213 0.721942 -0.001717
0.013924 -0.006294 0.003243 1.549744 -0.013542 -0.005913 0.021935 -0.011635 -0.047112 -0.000572 0.105478 1.742771 -1.561189 0.016213 0.721942 -0.001717
0.013924 -0.006294 0.003243 1.549744 -0.013542 -0.005913 0.022316 -0.011635 -0.047112 -0.000572 0.105478 1.742390 -1.569581 0.016594 0.721942 -0.001335
0.013924 -0.006294 0.003243 1.549744 -0.013542 -0.005913 0.022316 -0.011635 -0.047494 -0.000572 0.105478 1.742771 -1.569581 0.016594 0.721942 -0.001717
0.013924 -0.006294 0.003243 1.549744 -0.013542 -0.006294 0.021935 -0.011635 -0.047112 -0.000572 0.105478 1.742771 -1.569581 0.017739 0.721561 -0.001717
0.013924 -0.006294 0.003243 1.549744 -0.013542 -0.005913 0.022316 -0.011635 -0.047494 -0.000572 0.105478 1.742771 -1.569581 0.020027 0.721180 -0.001717
0.013924 -0.006294 0.003243 1.549744 -0.013542 -0.006294 0.022316 -0.011635 -0.047494 -0.000572 0.105478 1.742771 -1.569581 0.021172 0.721180 -0.001717
0.013924 -0.006294 0.003243 1.549744 -0.013542 -0.005913 0.021935 -0.011635 -0.047112 -0.000572 0.105478 1.742771 -1.569581 0.024987 0.721180 -0.001717
0.013924 -0.006294 0.003243 1.549744 -0.013542 -0.006294 0.021935 -0.011635 -0.047112 -0.000572 0.105478 1.742771 -1.569581 0.026131 0.721561 -0.001717
0.013924 -0.006294 0.003243 1.549744 -0.013542 -0.005913 0.022316 -0.011635 -0.047112 -0.000572 0.105478 1.742390 -1.569581 0.027657 0.721561 -0.001717
0.013924 -0.006294 0.003243 1.549744 -0.013542 -0.005913 0.022316 -0.011635 -0.047494 -0.000572 0.105478 1.742771 -1.569581 0.027657 0.721561 -0.001717
0.013924 -0.006294 0.003243 1.549744 -0.013542 -0.005913 0.021935 -0.011635 -0.047494 -0.000572 0.105478 1.742771 -1.569581 0.027657 0.721561 -0.001717
0.013924 -0.006294 0.003243 1.549744 -0.013542 -0.005913 0.021935 -0.011635 -0.047112 -0.000572 0.105478 1.742390 -1.569581 0.027657 0.721561 -0.001717
0.013924 -0.006294 0.003243 1.549744 -0.013542 -0.006294 0.021935 -0.011635 -0.047112 -0.000572 0.105478 1.742771 -1.569581 0.027657 0.721561 -0.001717
0.013924 -0.006294 0.003243 1.549744 -0.013542 -0.005913 0.021935 -0.011635 -0.047112 -0.000572 0.105478 1.742390 -1.569581 0.027657 0.721561 -0.001717
0.013924 -0.006294 0.003243 1.549744 -0.013542 -0.005913 0.022316 -0.011635 -0.047112 -0.000572 0.105478 1.742390 -1.569581 0.027657 0.721561 -0.001717
0.013924 -0.006294 0.003243 1.549744 -0.013542 -0.005913 0.021935 -0.011635 -0.047112 -0.000572 0.105478 1.742390 -1.569581 0.027657 0.721561 -0.001717
0.013924 -0.006294 0.003243 1.549744 -0.013542 -0.006294 0.022316 -0.011635 -0.047112 -0.000572 0.105478 1.742771 -1.569581 0.027657 0.721561 -0.001717
0.013924 -0.006294 0.003243 1.549744 -0.013542 -0.005913 0.021935 -0.011635 -0.047112 -0.000572 0.105478 1.742771 -1.569581 0.027657 0.721561 -0.001717
0.013924 -0.006294 0.003243 1.549744 -0.013542 -0.006294 0.022316 -0.011635 -0.047112 -0.000572 0.105478 1.742771 -1.569581 0.027657 0.721561 -0.001717
0.013924 -0.006294 0.003243 1.549744 -0.013542 -0.005913 0.022316 -0.011635 -0.047112 -0.000572 0.105478 1.742771 -1.569581 0.027657 0.721561 -0.001717
0.013924 -0.006294 0.003243 1.549744 -0.013542 -0.005913 0.021935 -0.011635 -0.047112 -0.000572 0.105478 1.742771 -1.569581 0.027657 0.721561 -0.001717
0.013924 -0.006294 0.003243 1.549744 -0.013542 -0.005913 0.021935 -0.011635 -0.047112 -0.000572 0.105478 1.742390 -1.569581 0.027657 0.721561 -0.001717
0.013924 -0.006294 0.003243 1.549744 -0.013542 -0.006294 0.021935 -0.011635 -0.047112 -0.000572 0.105478 1.742771 -1.569581 0.027276 0.721561 -0.001717
0.013924 -0.006294 0.003243 1.549744 -0.013542 -0.005913 0.022316 -0.011635 -0.047112 -0.000572 0.105478 1.742771 -1.569581 0.027657 0.721561 -0.001717
0.013924 -0.006294 0.003243 1.549744 -0.013542 -0.006294 0.022316 -0.011635 -0.047112 -0.000572 0.105478 1.742771 -1.569581 0.027657 0.721561 -0.001717
0.013924 -0.006294 0.003243 1.549744 -0.013542 -0.006294 0.021935 -0.011635 -0.047112 -0.000572 0.105478 1.742771 -1.569581 0.027657 0.721561 -0.001717
0.013924 -0.006294 0.003243 1.549744 -0.013542 -0.005913 0.022316 -0.011635 -0.047112 -0.000572 0.105478 1.742771 -1.569581 0.027657 0.721561 -0.001717
0.013924 -0.006294 0.003243 1.549744 -0.013542 -0.005913 0.021935 -0.011635 -0.047112 -0.000572 0.105478 1.742771 -1.569581 0.027657 0.721561 -0.001717
0.013924 -0.006294 0.003243 1.549744 -0.013542 -0.006294 0.022316 -0.011635 -0.047112 -0.000572 0.105478 1.742771 -1.569581 0.027657 0.721561 -0.001717
0.013924 -0.006294 0.003243 1.549744 -0.013542 -0.005913 0.022316 -0.011635 -0.047112 -0.000572 0.105478 1.742771 -1.569581 0.027657 0.721561 -0.001717
0.013924 -0.006294 0.003243 1.549744 -0.013542 -0.006294 0.022316 -0.011635 -0.047112 -0.000572 0.105478 1.742771 -1.569581 0.027276 0.721561 -0.001717
0.013924 -0.006294 0.003243 1.549744 -0.013542 -0.005913 0.022316 -0.011635 -0.047112 -0.000572 0.105478 1.742771 -1.569581 0.027276 0.721561 -0.001717
0.013924 -0.006294 0.003243 1.549744 -0.013542 -0.005913 0.022316 -0.011635 -0.047112 -0.000572 0.105478 1.742771 -1.569581 0.027657 0.721561 -0.001717
0.013924 -0.006294 0.003243 1.549744 -0.013542 -0.005913 0.021935 -0.011635 -0.047112 -0.000572 0.105478 1.742771 -1.569581 0.027657 0.721561 -0.001717
0.013924 -0.006294 0.003243 1.549744 -0.013542 -0.006294 0.021935 -0.011635 -0.047112 -0.000572 0.105478 1.742771 -1.569581 0.027657 0.721561 -0.001717
0.013542 -0.006294 0.003243 1.549744 -0.013542 -0.005913 0.021935 -0.011635 -0.047112 -0.000572 0.105478 1.742771 -1.569581 0.027657 0.721561 -0.001717
0.013924 -0.006294 0.003243 1.549744 -0.013542 -0.006294 0.021935 -0.011635 -0.047112 -0.000572 0.105478 1.742771 -1.569581 0.027276 0.721561 -0.001717
0.013924 -0.006294 0.003243 1.549744 -0.013542 -0.005913 0.021935 -0.011635 -0.047112 -0.000572 0.105478 1.742771 -1.569581 0.027276 0.721561 -0.001717
0.013924 -0.006294 0.003243 1.549744 -0.013542 -0.006294 0.021935 -0.011635 -0.047112 -0.000572 0.105478 1.742771 -1.569581 0.027657 0.721561 -0.001717
0.013924 -0.006294 0.003243 1.549744 -0.013542 -0.006294 0.021935 -0.011635 -0.047112 -0.000572 0.105478 1.742771 -1.569581 0.027657 0.721561 -0.001717
0.013924 -0.006294 0.003243 1.549744 -0.013542 -0.006294 0.021935 -0.011635 -0.047112 -0.000572 0.105478 1.742771 -1.569581 0.027657 0.721561 -0.001717
0.013924 -0.006294 0.003243 1.549744 -0.013542 -0.006294 0.021935 -0.011635 -0.047112 -0.000572 0.105478 1.742771 -1.569581 0.027657 0.721561 -0.001717
0.013924 -0.006294 0.003243 1.549744 -0.013542 -0.005913 0.021935 -0.011635 -0.047112 -0.000572 0.105478 1.742771 -1.569581 0.027657 0.721561 -0.001717
0.013924 -0.006294 0.003243 1.549744 -0.013542 -0.005913 0.021935 -0.011635 -0.047112 -0.000572 0.105478 1.742771 -1.569581 0.027657 0.721561 -0.001717
0.013924 -0.006294 0.003243 1.549744 -0.013542 -0.005913 0.021935 -0.011635 -0.047112 -0.000572 0.105478 1.742771 -1.569581 0.027657 0.721561 -0.001717
0.013924 -0.006294 0.003243 1.549744 -0.013542 -0.006294 0.021935 -0.011635 -0.047112 -0.000572 0.105478 1.742771 -1.569581 0.027657 0.721561 -0.001717
0.013924 -0.006294 0.003243 1.549744 -0.013542 -0.005913 0.021935 -0.011635 -0.047112 -0.000572 0.105478 1.742771 -1.569581 0.027657 0.721561 -0.001717
0.013924 -0.006294 0.003243 1.549744 -0.013542 -0.005913 0.022316 -0.011635 -0.047112 -0.000572 0.105478 1.742771 -1.569581 0.027276 0.721561 -0.001717
0.013924 -0.006294 0.003243 1.549744 -0.013542 -0.006294 0.022316 -0.011635 -0.047112 -0.000572 0.105478 1.742771 -1.569581 0.027657 0.721561 -0.001717
0.013924 -0.006294 0.003243 1.549744 -0.013542 -0.005913 0.021935 -0.011635 -0.047112 -0.000572 0.105478 1.742771 -1.569581 0.027657 0.721561 -0.001717
0.013924 -0.006294 0.003243 1.549744 -0.013542 -0.005913 0.022316 -0.011635 -0.047112 -0.000572 0.105478 1.742771 -1.569581 0.027657 0.721561 -0.001717
0.013924 -0.006294 0.003243 1.549744 -0.013542 -0.005913 0.022316 -0.011635 -0.047112 -0.000572 0.105478 1.742771 -1.569581 0.027657 0.721561 -0.001717
0.013924 -0.006294 0.003243 1.549744 -0.013542 -0.006294 0.022316 -0.011635 -0.047112 -0.000572 0.105478 1.742771 -1.569581 0.027276 0.721561 -0.001717
0.013924 -0.006294 0.003243 1.549744 -0.013542 -0.005913 0.021935 -0.011635 -0.047112 -0.000572 0.105478 1.742771 -1.569581 0.027657 0.721561 -0.001717
0.013924 -0.006294 0.003243 1.549744 -0.013542 -0.005913 0.021935 -0.011635 -0.047112 -0.000572 0.105478 1.742771 -1.569581 0.027657 0.721561 -0.001717
0.013924 -0.006294 0.003243 1.549744 -0.013542 -0.005913 0.021935 -0.011635 -0.047112 -0.000572 0.105478 1.742771 -1.569581 0.027657 0.721561 -0.001717
0.013924 -0.006294 0.003243 1.549744 -0.013542 -0.005913 0.022316 -0.011635 -0.047112 -0.000572 0.105478 1.742771 -1.569581 0.027657 0.721561 -0.001717
0.013924 -0.006294 0.003243 1.549744 -0.013542 -0.005913 0.021935 -0.011635 -0.047112 -0.000572 0.105478 1.742771 -1.569581 0.027276 0.721561 -0.001717
0.013924 -0.006294 0.003243 1.549744 -0.013542 -0.005913 0.021935 -0.011635 -0.047112 -0.000572 0.105478 1.742771 -1.569581 0.027657 0.721561 -0.001717
0.013924 -0.006294 0.003243 1.549744 -0.013542 -0.005913 0.021935 -0.011635 -0.047112 -0.000572 0.105478 1.742771 -1.569581 0.027657 0.721561 -0.001717
0.013924 -0.006294 0.003243 1.549744 -0.013542 -0.005913 0.021935 -0.011635 -0.047112 -0.000572 0.105478 1.742771 -1.569581 0.027657 0.721561 -0.001717
0.013924 -0.006294 0.003243 1.549744 -0.013542 -0.005913 0.021935 -0.011635 -0.047112 -0.000572 0.105478 1.742771 -1.569581 0.027657 0.721561 -0.001717
0.013924 -0.006294 0.003243 1.549744 -0.013542 -0.005913 0.022316 -0.011635 -0.047112 -0.000572 0.105478 1.742771 -1.569581 0.027657 0.721561 -0.001717
0.013924 -0.006294 0.003243 1.549744 -0.013542 -0.005913 0.022316 -0.011635 -0.047112 -0.000572 0.105478 1.742771 -1.569581 0.027657 0.721561 -0.001717
0.013924 -0.006294 0.003243 1.549744 -0.013542 -0.005913 0.021935 -0.011635 -0.047112 -0.000572 0.105478 1.742771 -1.569581 0.027276 0.721561 -0.001717
0.013924 -0.006294 0.003243 1.549744 -0.013542 -0.005913 0.021935 -0.011635 -0.047112 -0.000572 0.105478 1.742771 -1.569581 0.027657 0.721561 -0.001717
0.013924 -0.006294 0.003243 1.549744 -0.013542 -0.006294 0.021935 -0.011635 -0.047112 -0.000572 0.105478 1.742771 -1.569581 0.027657 0.721561 -0.001717
0.013924 -0.006294 0.003243 1.549744 -0.013542 -0.005913 0.021935 -0.011635 -0.047112 -0.000572 0.105478 1.742771 -1.569581 0.027657 0.721561 -0.001717
0.013924 -0.006294 0.003243 1.549744 -0.013542 -0.005913 0.022316 -0.011635 -0.047112 -0.000572 0.105478 1.742771 -1.569581 0.027657 0.721561 -0.001717
0.013924 -0.006294 0.003243 1.549744 -0.013542 -0.005913 0.021935 -0.011635 -0.047112 -0.000572 0.105478 1.742771 -1.569581 0.027276 0.721561 -0.001717
0.013924 -0.006294 0.003243 1.549744 -0.013542 -0.005913 0.022316 -0.011635 -0.047112 -0.000572 0.105478 1.742771 -1.569581 0.027276 0.721561 -0.001717
0.013924 -0.006294 0.003243 1.549744 -0.013542 -0.005913 0.021935 -0.011635 -0.047112 -0.000572 0.105478 1.742771 -1.569581 0.027657 0.721561 -0.001717
0.013924 -0.006294 0.003243 1.549744 -0.013924 -0.005913 0.022316 -0.011635 -0.047112 -0.000572 0.105478 1.742771 -1.569581 0.027276 0.721561 -0.001717
0.013924 -0.006294 0.003243 1.549744 -0.013924 -0.005913 0.022316 -0.011635 -0.047112 -0.000572 0.105478 1.742771 -1.569581 0.027657 0.721561 -0.001717
0.013924 -0.006294 0.003243 1.549744 -0.014687 -0.006294 0.022316 -0.011635 -0.047112 -0.000572 0.105478 1.742771 -1.569581 0.027276 0.721561 -0.001717
0.013924 -0.006294 0.003243 1.549744 -0.015450 -0.006294 0.022316 -0.011635 -0.047112 -0.000572 0.105478 1.742771 -1.569581 0.027657 0.721561 -0.001717
0.013924 -0.006294 0.003243 1.549744 -0.015831 -0.005913 0.022316 -0.011635 -0.047112 -0.000572 0.105478 1.742771 -1.569581 0.027657 0.721561 -0.001717
0.013924 -0.006294 0.003243 1.549744 -0.015831 -0.005913 0.022316 -0.011635 -0.047112 -0.000572 0.105478 1.742771 -1.569581 0.027657 0.721561 -0.001717
0.013924 -0.006294 0.003243 1.549744 -0.015450 -0.005913 0.022316 -0.011635 -0.047112 -0.000572 0.105478 1.742771 -1.569581 0.027657 0.721561 -0.001717
0.013924 -0.006294 0.003243 1.549744 -0.015450 -0.006294 0.022316 -0.011635 -0.047112 -0.000572 0.105478 1.742771 -1.569581 0.027657 0.721561 -0.001717
0.013924 -0.006294 0.003243 1.549744 -0.015831 -0.006294 0.022316 -0.011635 -0.047112 -0.000572 0.105478 1.742771 -1.569581 0.027657 0.721561 -0.001717
0.013924 -0.006294 0.003243 1.549744 -0.015831 -0.006294 0.022316 -0.011635 -0.047112 -0.000572 0.105478 1.742771 -1.569581 0.027657 0.721561 -0.001717
0.013924 -0.006294 0.003243 1.549744 -0.015831 -0.006294 0.022316 -0.011635 -0.047112 -0.000572 0.105478 1.742771 -1.569581 0.027657 0.721561 -0.001717
0.013924 -0.006294 0.003243 1.549744 -0.015831 -0.006294 0.022316 -0.011635 -0.047112 -0.000572 0.105478 1.742771 -1.569581 0.027657 0.721561 -0.001717
0.013924 -0.006294 0.003243 1.549744 -0.015831 -0.006294 0.022316 -0.011635 -0.047112 -0.000572 0.105478 1.742771 -1.569581 0.027657 0.721561 -0.001717
0.013924 -0.006294 0.003243 1.549744 -0.015831 -0.005913 0.021935 -0.011635 -0.047112 -0.000572 0.105478 1.742771 -1.569581 0.027657 0.721561 -0.001717
0.013924 -0.006294 0.003243 1.549744 -0.015831 -0.005913 0.022316 -0.011635 -0.047112 -0.000572 0.105478 1.742771 -1.569581 0.027276 0.721561 -0.001717
0.013924 -0.006294 0.003243 1.549744 -0.015831 -0.006294 0.022316 -0.011635 -0.047112 -0.000572 0.105478 1.742771 -1.569581 0.027657 0.721561 -0.001717
0.013924 -0.006294 0.003243 1.549744 -0.016213 -0.006294 0.022316 -0.011635 -0.047112 -0.000572 0.105478 1.742771 -1.569581 0.027657 0.721561 -0.001717
0.013924 -0.006294 0.003243 1.549744 -0.016213 -0.006294 0.022316 -0.011635 -0.047112 -0.000572 0.105478 1.742771 -1.569581 0.027657 0.721561 -0.001717
0.013924 -0.006294 0.003243 1.549744 -0.016213 -0.005913 0.022316 -0.011635 -0.047112 -0.000572 0.105478 1.742771 -1.569581 0.027657 0.721561 -0.001717
0.013924 -0.006294 0.003243 1.549744 -0.016213 -0.005531 0.022316 -0.011635 -0.047112 -0.000572 0.105478 1.742771 -1.569581 0.027276 0.721561 -0.001717
0.013924 -0.006294 0.003243 1.549744 -0.016213 -0.005150 0.022316 -0.011635 -0.047112 -0.000572 0.105478 1.742771 -1.569581 0.027657 0.721561 -0.001717
0.014687 -0.006294 0.003243 1.549744 -0.016594 -0.005150 0.022698 -0.011635 -0.047112 -0.000572 0.105478 1.742771 -1.569581 0.027657 0.721561 -0.001717
0.016976 -0.006294 0.003243 1.549744 -0.016213 -0.005150 0.022698 -0.011635 -0.047112 -0.000572 0.105478 1.742771 -1.569581 0.027657 0.721561 -0.001717
0.018120 -0.006294 0.003243 1.549744 -0.016594 -0.005150 0.022698 -0.011635 -0.047112 -0.000572 0.105478 1.742771 -1.569581 0.027657 0.721561 -0.001717
0.019646 -0.006294 0.003243 1.549744 -0.016594 -0.001717 0.022698 -0.011635 -0.047112 -0.000572 0.105478 1.742771 -1.569581 0.027276 0.721561 -0.001717
0.022316 -0.006294 0.003243 1.549744 -0.016594 0.002861 0.023461 -0.011635 -0.047112 -0.000572 0.105478 1.742771 -1.569581 0.027657 0.721561 -0.001717
0.026894 -0.006294 0.003243 1.549744 -0.016594 0.005531 0.023461 -0.011635 -0.047112 -0.000572 0.105478 1.742771 -1.569581 0.027657 0.721561 -0.001717
0.030327 -0.006294 0.003243 1.549744 -0.016976 0.005531 0.021553 -0.011635 -0.047112 -0.000572 0.105478 1.742771 -1.569581 0.027657 0.721561 -0.001717
0.032235 -0.006294 0.003243 1.549744 -0.019646 0.005531 0.022316 -0.011635 -0.047112 -0.000572 0.105478 1.742771 -1.569581 0.027276 0.721561 -0.001717
0.035286 -0.006294 0.003243 1.549744 -0.030327 0.005531 0.021553 -0.011635 -0.047112 -0.000572 0.105478 1.742771 -1.569581 0.027657 0.721561 -0.001717
0.037194 -0.006676 0.003243 1.549744 -0.049401 0.005150 0.021553 -0.011635 -0.047112 -0.000572 0.105478 1.742771 -1.569581 0.027276 0.721561 -0.001717
0.038720 -0.007057 0.001335 1.549744 -0.056268 0.004768 0.021553 -0.011635 -0.047112 -0.000572 0.105478 1.742771 -1.569581 0.027657 0.721561 -0.001717
0.040246 -0.006676 -0.002098 1.549744 -0.057794 0.004387 0.021553 -0.011635 -0.047112 -0.000572 0.105478 1.742771 -1.569581 0.027657 0.721561 -0.001717
0.042153 -0.006676 -0.005150 1.550126 -0.058938 0.003624 0.020790 -0.012016 -0.047112 -0.000572 0.105478 1.742771 -1.569581 0.027276 0.721561 -0.001717
0.044442 -0.007057 -0.009346 1.550507 -0.064660 0.003243 0.020790 -0.012398 -0.047112 -0.000572 0.105478 1.742771 -1.569581 0.027657 0.721561 -0.001717
0.045205 -0.006676 -0.015831 1.550889 -0.072290 -0.000191 0.020027 -0.014305 -0.047112 -0.000572 0.105478 1.742771 -1.569581 0.027657 0.721561 -0.001717
0.045205 -0.006676 -0.022316 1.550889 -0.077249 -0.000191 0.020790 -0.020027 -0.047112 -0.000572 0.105478 1.742771 -1.569581 0.027276 0.721561 -0.001717
0.047112 -0.006676 -0.031090 1.550889 -0.079919 -0.000572 0.020027 -0.025368 -0.047112 -0.000572 0.105478 1.742771 -1.569581 0.027657 0.721561 -0.001717
0.047494 -0.006676 -0.038338 1.550889 -0.089456 -0.001717 0.016213 -0.027276 -0.047112 -0.000572 0.105478 1.742771 -1.569581 0.027657 0.721561 -0.001717
0.047494 -0.006676 -0.044442 1.550889 -0.099756 -0.001717 0.013161 -0.027276 -0.047112 -0.000572 0.105478 1.742771 -1.569581 0.027657 0.721561 -0.001717
0.047112 -0.007057 -0.054742 1.551652 -0.099374 -0.002098 0.012779 -0.032998 -0.047112 -0.000572 0.105478 1.742771 -1.569581 0.027657 0.721561 -0.001717
0.047494 -0.007057 -0.065805 1.552415 -0.098993 -0.004387 0.013161 -0.048257 -0.047112 -0.000572 0.105478 1.742771 -1.569581 0.027657 0.721561 -0.001717
0.047494 -0.007439 -0.080301 1.553559 -0.098993 -0.018883 0.013542 -0.071908 -0.047112 -0.000572 0.105478 1.742771 -1.569581 0.027276 0.721561 -0.001717
0.047875 -0.007439 -0.096704 1.555085 -0.098993 -0.042153 0.013542 -0.094034 -0.047112 -0.000572 0.105478 1.742771 -1.569581 0.027276 0.721561 -0.001717
0.048638 -0.007439 -0.113107 1.556229 -0.098993 -0.069619 0.013542 -0.111200 -0.047112 -0.000572 0.105478 1.742771 -1.569581 0.027276 0.721561 -0.001717
0.049783 -0.007439 -0.126841 1.557374 -0.098993 -0.094034 0.013161 -0.122644 -0.047112 -0.000572 0.105478 1.742771 -1.569581 0.027276 0.721561 -0.001717
0.052071 -0.007057 -0.142863 1.559663 -0.098993 -0.127222 0.013542 -0.131418 -0.047112 -0.000572 0.105478 1.742771 -1.569581 0.027657 0.721561 -0.001717
0.057031 -0.007057 -0.160029 1.563859 -0.098993 -0.162318 0.013924 -0.135996 -0.047112 -0.000572 0.105478 1.742771 -1.569581 0.027657 0.721561 -0.001717
0.063516 -0.007057 -0.174525 1.568818 -0.098993 -0.197032 0.013542 -0.135996 -0.047112 -0.000572 0.105478 1.742771 -1.569581 0.027657 0.721561 -0.001717
0.071145 -0.007057 -0.186351 1.574159 -0.098611 -0.226024 0.013924 -0.135996 -0.047112 -0.000572 0.105478 1.742771 -1.569581 0.027276 0.721561 -0.001717
0.083734 -0.007057 -0.201991 1.582933 -0.098993 -0.270657 0.013542 -0.135996 -0.047112 -0.000572 0.105478 1.742771 -1.569581 0.027657 0.721561 -0.001717
0.096704 -0.007057 -0.215343 1.592088 -0.098611 -0.312238 0.013542 -0.135996 -0.047112 -0.000572 0.105478 1.742771 -1.569581 0.027276 0.721561 -0.001717
0.109674 -0.006676 -0.225643 1.603151 -0.098611 -0.354200 0.013542 -0.135996 -0.047112 -0.000572 0.105478 1.742771 -1.569581 0.027657 0.721561 -0.001717
0.123026 -0.007057 -0.232891 1.614977 -0.098611 -0.390440 0.013542 -0.135996 -0.047112 -0.000572 0.105478 1.742771 -1.569581 0.027276 0.721561 -0.001717
0.137140 -0.006676 -0.238613 1.629473 -0.098611 -0.427825 0.013161 -0.135996 -0.047112 -0.000572 0.105478 1.742771 -1.569581 0.027276 0.721561 -0.001717
0.147440 -0.007057 -0.241665 1.640536 -0.098993 -0.452239 0.012779 -0.135996 -0.047112 -0.000572 0.105478 1.742771 -1.569581 0.027276 0.721561 -0.001717
0.156214 -0.007057 -0.242809 1.652361 -0.098993 -0.475128 0.011635 -0.136378 -0.047112 -0.000572 0.105478 1.742771 -1.569581 0.027657 0.721561 -0.001717
0.163844 -0.007057 -0.242809 1.663424 -0.098993 -0.487716 0.005531 -0.135996 -0.047112 -0.000572 0.105478 1.742771 -1.569581 0.027657 0.721561 -0.001717
0.166514 -0.006676 -0.242809 1.670672 -0.098993 -0.501831 -0.000191 -0.135996 -0.047112 -0.000572 0.105478 1.742771 -1.569581 0.027276 0.721561 -0.001717
0.166133 -0.006676 -0.242809 1.677157 -0.099374 -0.509461 -0.006676 -0.136378 -0.047112 -0.000572 0.105478 1.742771 -1.569581 0.027276 0.721561 -0.001717
0.165751 -0.006676 -0.242809 1.682879 -0.099374 -0.522049 -0.009346 -0.137522 -0.047112 -0.000572 0.105478 1.742771 -1.569581 0.027276 0.721561 -0.001717
0.165370 -0.006676 -0.242809 1.689364 -0.098993 -0.538453 -0.009346 -0.147059 -0.047112 -0.000572 0.105478 1.742771 -1.569581 0.027276 0.721561 -0.001717
0.166133 -0.006294 -0.242809 1.696612 -0.098993 -0.560197 -0.009346 -0.162699 -0.047112 -0.000572 0.105478 1.742771 -1.569581 0.027657 0.721561 -0.001717
0.166133 -0.006294 -0.242809 1.703861 -0.099374 -0.585374 -0.009728 -0.181773 -0.047112 -0.000572 0.105478 1.742771 -1.569581 0.027276 0.721561 -0.001717
0.166133 -0.006294 -0.242809 1.709964 -0.099374 -0.607881 -0.015068 -0.201610 -0.047112 -0.000572 0.105478 1.742771 -1.569581 0.027657 0.721561 -0.001717
0.166133 -0.006294 -0.242428 1.715305 -0.099374 -0.620470 -0.026513 -0.217632 -0.047112 -0.000572 0.105478 1.742771 -1.569581 0.027276 0.721561 -0.001717
0.165751 -0.006294 -0.242428 1.718738 -0.099374 -0.633440 -0.037957 -0.233654 -0.047112 -0.000572 0.105478 1.742390 -1.569581 0.027276 0.721561 -0.001717
0.166133 -0.006294 -0.242428 1.721408 -0.099374 -0.641070 -0.045586 -0.239376 -0.047112 -0.000572 0.105478 1.742771 -1.569581 0.027657 0.721561 -0.001717
0.165751 -0.006294 -0.242428 1.722934 -0.098993 -0.649844 -0.052834 -0.240902 -0.047112 -0.000572 0.105478 1.742771 -1.569581 0.027276 0.721561 -0.001717
0.165751 -0.006294 -0.242428 1.723697 -0.098993 -0.660143 -0.055123 -0.240902 -0.047112 -0.000572 0.105478 1.742771 -1.569581 0.027276 0.721561 -0.001717
0.165751 -0.006294 -0.242046 1.724079 -0.098993 -0.670062 -0.056649 -0.240902 -0.047112 -0.000572 0.105478 1.742771 -1.569581 0.027276 0.721561 -0.001717
0.165751 -0.006294 -0.239376 1.724079 -0.098993 -0.683795 -0.056649 -0.240902 -0.047112 -0.000572 0.105478 1.742771 -1.569581 0.027276 0.721561 -0.001717
0.166133 -0.006294 -0.236706 1.724079 -0.098993 -0.695239 -0.056649 -0.240902 -0.047112 -0.000572 0.105478 1.742771 -1.569581 0.027276 0.721561 -0.001717
0.165751 -0.006294 -0.232891 1.724460 -0.098993 -0.705921 -0.056649 -0.240902 -0.047112 -0.000572 0.105478 1.742771 -1.569581 0.027276 0.721561 -0.001717
0.165751 -0.006294 -0.228313 1.724460 -0.098993 -0.715076 -0.056649 -0.240902 -0.047112 -0.000572 0.105478 1.742771 -1.569581 0.027657 0.721561 -0.001717
0.165751 -0.006294 -0.221828 1.724460 -0.098993 -0.729953 -0.057031 -0.240902 -0.047112 -0.000572 0.105478 1.742771 -1.569581 0.027657 0.721561 -0.001717
0.166133 -0.006294 -0.215724 1.724460 -0.098993 -0.741016 -0.057031 -0.240902 -0.047112 -0.000572 0.105478 1.742771 -1.569581 0.027276 0.721561 -0.001717
0.165751 -0.006294 -0.208476 1.724460 -0.098611 -0.753605 -0.056649 -0.240902 -0.047112 -0.000572 0.105478 1.742771 -1.569581 0.027657 0.721561 -0.001717
0.165751 -0.006294 -0.200847 1.724460 -0.098993 -0.765049 -0.057031 -0.240902 -0.047112 -0.000572 0.105478 1.742390 -1.569581 0.027276 0.721561 -0.001717
0.165751 -0.006294 -0.195125 1.724460 -0.098993 -0.766957 -0.057031 -0.240902 -0.047112 -0.000572 0.105478 1.742771 -1.569581 0.027276 0.721561 -0.001717
0.165370 -0.006294 -0.185588 1.724460 -0.098993 -0.766957 -0.057031 -0.240902 -0.047112 -0.000572 0.105478 1.742771 -1.569581 0.027276 0.721561 -0.001717
0.164607 -0.006294 -0.176432 1.724460 -0.098993 -0.766957 -0.057031 -0.240902 -0.047112 -0.000572 0.105478 1.742771 -1.569581 0.027276 0.721561 -0.001717
0.163844 -0.006294 -0.165751 1.724460 -0.098993 -0.766957 -0.056649 -0.240902 -0.047112 -0.000572 0.105478 1.742771 -1.569581 0.027276 0.721561 -0.001717
0.163462 -0.006294 -0.156214 1.724460 -0.098993 -0.766957 -0.058175 -0.240902 -0.047112 -0.000572 0.105478 1.742771 -1.569581 0.027276 0.721561 -0.001717
0.163462 -0.006294 -0.144388 1.724460 -0.098611 -0.766957 -0.061990 -0.240902 -0.047112 -0.000572 0.105478 1.742771 -1.569581 0.027657 0.721561 -0.001717
0.163081 -0.006294 -0.134470 1.724460 -0.095178 -0.766957 -0.064660 -0.240902 -0.047112 -0.000572 0.105478 1.742771 -1.569581 0.027657 0.721561 -0.001717
0.163081 -0.006294 -0.125696 1.724460 -0.090982 -0.766957 -0.065042 -0.240902 -0.047112 -0.000572 0.105478 1.742771 -1.569581 0.027276 0.721561 -0.001717
0.163462 -0.006294 -0.119211 1.724460 -0.090600 -0.766957 -0.064279 -0.240520 -0.047112 -0.000572 0.105478 1.742771 -1.569581 0.027276 0.721561 -0.001717
0.163462 -0.006294 -0.115778 1.724460 -0.089837 -0.766957 -0.063897 -0.240520 -0.047112 -0.000572 0.105478 1.742771 -1.569581 0.027276 0.721561 -0.001717
0.163462 -0.006294 -0.114252 1.724460 -0.082971 -0.766957 -0.064279 -0.240520 -0.047112 -0.000572 0.105478 1.742771 -1.569581 0.027276 0.721561 -0.001717
0.163462 -0.006294 -0.114252 1.724460 -0.062753 -0.766957 -0.064279 -0.240520 -0.047112 -0.000572 0.105478 1.742771 -1.569581 0.027276 0.721561 -0.001717
0.163081 -0.006294 -0.114252 1.724460 -0.039864 -0.766575 -0.065042 -0.240520 -0.047112 -0.000572 0.105478 1.742771 -1.569581 0.027276 0.721561 -0.001717
0.163462 -0.006294 -0.114252 1.724460 -0.012016 -0.766575 -0.064660 -0.240520 -0.047112 -0.000572 0.105478 1.742771 -1.569581 0.027657 0.721561 -0.001717
0.163462 -0.006294 -0.114252 1.724460 0.026894 -0.766575 -0.063897 -0.240520 -0.047112 -0.000572 0.105478 1.742771 -1.569581 0.027657 0.721561 -0.001717
0.163462 -0.006294 -0.114252 1.724460 0.069619 -0.766575 -0.064660 -0.240520 -0.047112 -0.000572 0.105478 1.742771 -1.569581 0.027276 0.721561 -0.001717
0.163462 -0.006294 -0.114252 1.724460 0.119593 -0.766194 -0.064660 -0.240520 -0.047112 -0.000572 0.105478 1.742771 -1.569581 0.027276 0.721561 -0.001717
0.163462 -0.006294 -0.114252 1.724460 0.164225 -0.766194 -0.064279 -0.240520 -0.047112 -0.000572 0.105478 1.742771 -1.569581 0.027276 0.721561 -0.001717
0.163462 -0.006294 -0.114252 1.724460 0.200084 -0.765812 -0.065042 -0.240520 -0.047112 -0.000572 0.105478 1.742771 -1.569581 0.027276 0.721561 -0.001717
0.163462 -0.006294 -0.114252 1.724460 0.226406 -0.762379 -0.066186 -0.240520 -0.047112 -0.000572 0.105478 1.742771 -1.569581 0.027276 0.721561 -0.001717
0.163844 -0.006294 -0.114252 1.724460 0.238231 -0.761616 -0.068093 -0.240520 -0.047112 -0.000572 0.105478 1.742771 -1.569581 0.027276 0.721561 -0.001717
0.164988 -0.006294 -0.114633 1.724460 0.238613 -0.757801 -0.068093 -0.240520 -0.047112 -0.000572 0.105478 1.742771 -1.569581 0.027657 0.721561 -0.001717
0.166896 -0.006294 -0.114633 1.724460 0.238231 -0.754368 -0.068856 -0.240520 -0.047112 -0.000572 0.105478 1.742771 -1.569581 0.027276 0.721561 -0.001717
0.167659 -0.006294 -0.114633 1.724460 0.238613 -0.753986 -0.072290 -0.240520 -0.047112 -0.000572 0.105478 1.742771 -1.569581 0.027276 0.721561 -0.001717
0.168421 -0.006294 -0.114633 1.724460 0.238231 -0.754368 -0.076867 -0.240520 -0.047112 -0.000572 0.105478 1.742771 -1.569581 0.027276 0.721561 -0.001717
0.169184 -0.006294 -0.114633 1.724460 0.238613 -0.754368 -0.083734 -0.240520 -0.047112 -0.000572 0.105478 1.742771 -1.569581 0.027276 0.721561 -0.001717
0.169566 -0.006294 -0.114252 1.724460 0.238231 -0.754368 -0.084497 -0.240520 -0.047112 -0.000572 0.105478 1.742771 -1.569581 0.027276 0.721561 -0.001717
0.169184 -0.006294 -0.114252 1.724460 0.237850 -0.754368 -0.084497 -0.240520 -0.047112 -0.000572 0.105478 1.742771 -1.569581 0.027276 0.721561 -0.001717
0.169566 -0.006294 -0.114633 1.724460 0.236324 -0.754749 -0.084497 -0.240520 -0.047112 -0.000572 0.105478 1.742771 -1.569581 0.027276 0.721561 -0.001717
0.169566 -0.006294 -0.114633 1.724460 0.231365 -0.755131 -0.084115 -0.240520 -0.047112 -0.000572 0.105478 1.742771 -1.569581 0.027276 0.721561 -0.001717
0.172236 -0.006294 -0.114252 1.724460 0.218395 -0.754749 -0.084115 -0.240902 -0.047112 -0.000572 0.105478 1.742771 -1.569581 0.027276 0.721561 -0.001717
0.175288 -0.006294 -0.114633 1.724460 0.200084 -0.755894 -0.088312 -0.240902 -0.047112 -0.000572 0.105478 1.742771 -1.569581 0.027276 0.721561 -0.001717
0.178721 -0.006294 -0.114252 1.724460 0.180247 -0.761234 -0.090600 -0.240902 -0.047112 -0.000572 0.105478 1.742771 -1.569581 0.027276 0.721561 -0.001717
0.183299 -0.006676 -0.114252 1.724460 0.161936 -0.766575 -0.090600 -0.241283 -0.047112 -0.000572 0.105478 1.742771 -1.569581 0.027276 0.721561 -0.001717
0.185969 -0.006676 -0.114252 1.724460 0.148585 -0.766194 -0.090219 -0.245098 -0.047112 -0.000572 0.105478 1.742771 -1.569581 0.027276 0.721561 -0.001717
0.190166 -0.006294 -0.114252 1.724460 0.132181 -0.766194 -0.090982 -0.264553 -0.047112 -0.000572 0.105478 1.742771 -1.569581 0.027276 0.721561 -0.001717
0.194362 -0.006294 -0.114252 1.724460 0.120737 -0.766575 -0.099756 -0.288205 -0.047112 -0.000572 0.105478 1.742771 -1.569581 0.027276 0.721561 -0.001717
0.198939 -0.006676 -0.114252 1.724460 0.107385 -0.766575 -0.116159 -0.314527 -0.047112 -0.000572 0.105478 1.742771 -1.569581 0.027657 0.721561 -0.001717
0.204280 -0.006676 -0.114252 1.724460 0.096323 -0.766194 -0.131418 -0.337415 -0.047112 -0.000572 0.105478 1.742771 -1.569581 0.027276 0.721561 -0.001717
0.210765 -0.006676 -0.114252 1.724460 0.085260 -0.766575 -0.153544 -0.355726 -0.047112 -0.000572 0.105478 1.742771 -1.569581 0.027276 0.721561 -0.001717
0.214580 -0.006676 -0.114633 1.724460 0.083352 -0.766575 -0.172999 -0.364118 -0.047112 -0.000572 0.105478 1.742771 -1.569581 0.027657 0.721561 -0.001717
0.220302 -0.006676 -0.114252 1.724460 0.082971 -0.766194 -0.192836 -0.364118 -0.047112 -0.000572 0.105478 1.742771 -1.569581 0.027276 0.721561 -0.001717
0.223735 -0.006676 -0.114252 1.724842 0.082971 -0.766575 -0.210384 -0.364118 -0.047112 -0.000572 0.105478 1.742771 -1.569581 0.027276 0.721561 -0.001717
0.227550 -0.006676 -0.114252 1.724842 0.081064 -0.766575 -0.224880 -0.364118 -0.047112 -0.000572 0.105478 1.742771 -1.569581 0.027276 0.721561 -0.001717
0.230220 -0.006676 -0.114252 1.724842 0.080301 -0.766575 -0.235180 -0.364118 -0.047112 -0.000572 0.105478 1.742771 -1.569581 0.027657 0.721561 -0.001717
0.232509 -0.006676 -0.114252 1.724842 0.080301 -0.766194 -0.249294 -0.364118 -0.047112 -0.000572 0.105478 1.742771 -1.569581 0.027657 0.721561 -0.001717
0.233272 -0.006676 -0.114252 1.724842 0.079919 -0.766575 -0.259976 -0.364118 -0.047112 -0.000572 0.105478 1.742771 -1.569581 0.027276 0.721561 -0.001717
0.233272 -0.006676 -0.114252 1.724842 0.079919 -0.766575 -0.269131 -0.364118 -0.047112 -0.000572 0.105478 1.742771 -1.569581 0.027657 0.721561 -0.001717
0.232891 -0.006676 -0.114252 1.724842 0.079919 -0.766575 -0.271420 -0.364118 -0.047112 -0.000572 0.105478 1.742771 -1.569581 0.027657 0.721561 -0.001717
0.232509 -0.006676 -0.114252 1.725223 0.079919 -0.766575 -0.271038 -0.363737 -0.047112 -0.000572 0.105478 1.742771 -1.569581 0.027276 0.721561 -0.001717
0.232509 -0.006676 -0.113489 1.725605 0.079538 -0.766575 -0.274472 -0.363737 -0.047112 -0.000572 0.105478 1.742771 -1.569581 0.027657 0.721561 -0.001717
0.232509 -0.006676 -0.109293 1.725605 0.079156 -0.766575 -0.278668 -0.363737 -0.047112 -0.000572 0.105478 1.742771 -1.569581 0.027276 0.721561 -0.001717
0.232509 -0.006676 -0.106241 1.725605 0.079156 -0.766575 -0.278668 -0.363737 -0.047112 -0.000572 0.105478 1.742771 -1.569581 0.027657 0.721561 -0.001717
0.232509 -0.006676 -0.102045 1.725605 0.077630 -0.766575 -0.279431 -0.363737 -0.047112 -0.000572 0.105478 1.742771 -1.569581 0.027657 0.721561 -0.001717
0.232509 -0.006676 -0.099374 1.725605 0.070764 -0.766575 -0.280194 -0.363737 -0.047112 -0.000572 0.105478 1.742771 -1.569581 0.027657 0.721561 -0.001717
0.232509 -0.006676 -0.095560 1.725605 0.058175 -0.766575 -0.284390 -0.363737 -0.047112 -0.000572 0.105478 1.742771 -1.569581 0.027657 0.721561 -0.001717
0.232509 -0.006676 -0.094415 1.725986 0.045968 -0.766575 -0.290875 -0.363737 -0.047112 -0.000572 0.105478 1.742771 -1.569581 0.027657 0.721561 -0.001717
0.232509 -0.006676 -0.094415 1.725986 0.032616 -0.766575 -0.298505 -0.363737 -0.047112 -0.000572 0.105478 1.742771 -1.569581 0.027276 0.721561 -0.001717
0.230602 -0.006676 -0.094415 1.726749 0.023461 -0.766575 -0.311093 -0.363737 -0.047112 -0.000572 0.105478 1.742771 -1.569581 0.027657 0.721561 -0.001717
0.229076 -0.006676 -0.094415 1.726749 0.013161 -0.766575 -0.322538 -0.363737 -0.047112 -0.000572 0.105478 1.742771 -1.569581 0.027657 0.721561 -0.001717
0.227169 -0.006676 -0.094415 1.727893 -0.000191 -0.766575 -0.323682 -0.363737 -0.047112 -0.000572 0.105478 1.742771 -1.569581 0.027657 0.721561 -0.001717
0.224117 -0.006676 -0.094415 1.728275 -0.012016 -0.766575 -0.323301 -0.363737 -0.047112 -0.000572 0.105478 1.742771 -1.569581 0.027276 0.721561 -0.001717
0.221065 -0.006676 -0.094034 1.728275 -0.021553 -0.766575 -0.323301 -0.363737 -0.047112 -0.000572 0.105478 1.742771 -1.569581 0.027276 0.721561 -0.001717
0.218395 -0.006676 -0.093271 1.728275 -0.024605 -0.766575 -0.322919 -0.363737 -0.047112 -0.000572 0.105478 1.742771 -1.569581 0.027276 0.721561 -0.001717
0.214961 -0.006676 -0.093271 1.728275 -0.024224 -0.766575 -0.322538 -0.363737 -0.047112 -0.000572 0.105478 1.742390 -1.569581 0.027657 0.721561 -0.001717
0.210765 -0.006676 -0.093271 1.728656 -0.024987 -0.766575 -0.323682 -0.363737 -0.047112 -0.000572 0.105478 1.742771 -1.569581 0.027276 0.721561 -0.001717
0.210002 -0.006676 -0.093271 1.730182 -0.024605 -0.766575 -0.326734 -0.363737 -0.047112 -0.000572 0.105478 1.742771 -1.569581 0.027657 0.721561 -0.001717
0.210384 -0.006676 -0.093271 1.733616 -0.024605 -0.766575 -0.330167 -0.363737 -0.047112 -0.000572 0.105478 1.742771 -1.569581 0.027276 0.721561 -0.001717
0.210765 -0.006676 -0.093271 1.737430 -0.024224 -0.766575 -0.329786 -0.363737 -0.047112 -0.000572 0.105478 1.742771 -1.569581 0.027276 0.721561 -0.001717
0.210765 -0.006294 -0.093271 1.739719 -0.024605 -0.766575 -0.329786 -0.363737 -0.047112 -0.000572 0.105478 1.742771 -1.569581 0.027276 0.721561 -0.001717
0.210765 -0.006676 -0.093271 1.741627 -0.024605 -0.766575 -0.330167 -0.363737 -0.047112 -0.000572 0.105478 1.742771 -1.569581 0.027276 0.721561 -0.001717
0.210765 -0.006676 -0.093271 1.743915 -0.024224 -0.766575 -0.330167 -0.363737 -0.047112 -0.000572 0.105478 1.742771 -1.569581 0.027276 0.721561 -0.001717
0.210765 -0.006676 -0.093271 1.745823 -0.024224 -0.766575 -0.330167 -0.363737 -0.047112 -0.000572 0.105478 1.742771 -1.569581 0.027657 0.721561 -0.001717
0.211147 -0.006676 -0.093271 1.746586 -0.024224 -0.766575 -0.330167 -0.363737 -0.047112 -0.000572 0.105478 1.742771 -1.569581 0.027276 0.721561 -0.001717
0.210765 -0.006676 -0.093271 1.746586 -0.024224 -0.766575 -0.330167 -0.363737 -0.047112 -0.000572 0.105478 1.742771 -1.569581 0.027276 0.721561 -0.001717
0.210765 -0.006676 -0.093271 1.746586 -0.024224 -0.766575 -0.329786 -0.363355 -0.047112 -0.000572 0.105478 1.742771 -1.569581 0.027276 0.721561 -0.001717
0.210765 -0.006676 -0.093271 1.746586 -0.023842 -0.766575 -0.329786 -0.363355 -0.047112 -0.000572 0.105478 1.742771 -1.569581 0.027276 0.721561 -0.001717
0.210765 -0.006676 -0.093271 1.746586 -0.023842 -0.766575 -0.329786 -0.363355 -0.047112 -0.000572 0.105478 1.742771 -1.569581 0.027276 0.721561 -0.001717
0.210765 -0.006294 -0.093271 1.746586 -0.023842 -0.766575 -0.329786 -0.363355 -0.047112 -0.000572 0.105478 1.742771 -1.569581 0.027276 0.721561 -0.001717
0.210765 -0.006676 -0.093271 1.746586 -0.023842 -0.766575 -0.330167 -0.363355 -0.047112 -0.000572 0.105478 1.742771 -1.569581 0.027276 0.721561 -0.001717
0.210765 -0.006294 -0.093271 1.746586 -0.023842 -0.766575 -0.330167 -0.363355 -0.047112 -0.000572 0.105478 1.742771 -1.569581 0.027657 0.721561 -0.001717
0.211147 -0.006676 -0.093271 1.746586 -0.022698 -0.766575 -0.329786 -0.363355 -0.047112 -0.000572 0.105478 1.742771 -1.569581 0.027657 0.721561 -0.001717
0.211147 -0.006676 -0.093271 1.746586 -0.020409 -0.766575 -0.329786 -0.363355 -0.047112 -0.000572 0.105478 1.742771 -1.569581 0.027276 0.721561 -0.001717
0.210765 -0.006676 -0.093271 1.746586 -0.019646 -0.766575 -0.329786 -0.363355 -0.047112 -0.000572 0.105478 1.742771 -1.569581 0.027657 0.721561 -0.001717
0.210765 -0.006294 -0.093271 1.746586 -0.020027 -0.766575 -0.329786 -0.363355 -0.047112 -0.000572 0.105478 1.742771 -1.569581 0.027276 0.721561 -0.001717
0.210765 -0.006294 -0.093271 1.746586 -0.019646 -0.766575 -0.329786 -0.363355 -0.047112 -0.000572 0.105478 1.742771 -1.569581 0.027276 0.721561 -0.001717
0.210384 -0.006294 -0.092508 1.746586 -0.018120 -0.766575 -0.329786 -0.363355 -0.047112 -0.000572 0.105478 1.742771 -1.569581 0.027276 0.721561 -0.001717
0.210765 -0.006294 -0.090982 1.746586 -0.015831 -0.766575 -0.329786 -0.363355 -0.047112 -0.000572 0.105478 1.742771 -1.569581 0.027276 0.721561 -0.001717
0.210765 -0.006294 -0.089456 1.746586 -0.015831 -0.766575 -0.329786 -0.363355 -0.047112 -0.000572 0.105478 1.742771 -1.569581 0.027276 0.721561 -0.001717
0.210765 -0.006294 -0.087930 1.746586 -0.015831 -0.766575 -0.329786 -0.363355 -0.047112 -0.000572 0.105478 1.742771 -1.569581 0.027657 0.721561 -0.001717
0.210765 -0.006294 -0.086786 1.746586 -0.015450 -0.766575 -0.329786 -0.363355 -0.047112 -0.000572 0.105478 1.742771 -1.569581 0.027657 0.721561 -0.001717
0.210765 -0.006294 -0.085641 1.746586 -0.015831 -0.766575 -0.329786 -0.363355 -0.047112 -0.000572 0.105478 1.742771 -1.569581 0.027276 0.721561 -0.001717
0.210765 -0.006294 -0.085260 1.746586 -0.015831 -0.766575 -0.329786 -0.363355 -0.047112 -0.000572 0.105478 1.742771 -1.569581 0.027276 0.721561 -0.001717
0.210765 -0.006294 -0.084878 1.746586 -0.015450 -0.766575 -0.329786 -0.363355 -0.047112 -0.000572 0.105478 1.742771 -1.569581 0.027657 0.721561 -0.001717
0.210765 -0.006294 -0.083352 1.746586 -0.015450 -0.766575 -0.329786 -0.363355 -0.047112 -0.000572 0.105478 1.742771 -1.569581 0.027657 0.721561 -0.001717
0.210765 -0.006294 -0.083352 1.746586 -0.015068 -0.766575 -0.329786 -0.363355 -0.047112 -0.000572 0.105478 1.742390 -1.569581 0.027276 0.721561 -0.001717
0.210765 -0.006294 -0.082971 1.746586 -0.012398 -0.766575 -0.329786 -0.363355 -0.046731 -0.000191 0.105478 1.742771 -1.569581 0.027657 0.723850 -0.001717
0.210765 -0.006294 -0.082589 1.746586 -0.008965 -0.766575 -0.329786 -0.363355 -0.047112 -0.000572 0.105478 1.742771 -1.569581 0.027276 0.735676 -0.001717
0.210765 -0.006294 -0.082589 1.746586 -0.005531 -0.766575 -0.329786 -0.363355 -0.047112 -0.000954 0.105478 1.742771 -1.569581 0.027276 0.743305 -0.001717
0.210384 -0.006294 -0.082589 1.746586 0.005150 -0.766575 -0.329786 -0.363355 -0.047112 -0.000572 0.105478 1.742771 -1.569581 0.027276 0.746738 -0.001717
0.210765 -0.006294 -0.082589 1.746586 0.016594 -0.766575 -0.329786 -0.363355 -0.047112 -0.000572 0.105478 1.742771 -1.569581 0.027276 0.743687 -0.001717
0.210765 -0.006294 -0.082208 1.746586 0.023461 -0.766575 -0.329786 -0.363355 -0.047112 -0.000191 0.105478 1.742771 -1.569581 0.027657 0.744068 -0.001717
0.210384 -0.006294 -0.082208 1.746586 0.025750 -0.766575 -0.329786 -0.363355 -0.047112 -0.000572 0.105478 1.742771 -1.569581 0.027276 0.743687 -0.001717
0.210765 -0.006294 -0.081827 1.746586 0.025750 -0.766575 -0.329786 -0.363355 -0.047112 -0.000191 0.105478 1.742771 -1.569581 0.027276 0.744068 -0.001717
0.210384 -0.006294 -0.079538 1.746586 0.025750 -0.766575 -0.329786 -0.363355 -0.047112 -0.000572 0.105478 1.742771 -1.569581 0.027276 0.744068 -0.001717
0.210384 -0.006294 -0.076104 1.746586 0.025368 -0.766575 -0.329786 -0.363737 -0.047112 -0.000572 0.105478 1.742771 -1.569581 0.027276 0.744068 -0.001717
0.210384 -0.006294 -0.073434 1.746967 0.025368 -0.766575 -0.329786 -0.363355 -0.047112 -0.000572 0.105478 1.742771 -1.569581 0.027276 0.744068 -0.001717
0.210384 -0.006294 -0.068856 1.746586 0.025368 -0.766575 -0.329786 -0.363355 -0.047112 -0.000572 0.105478 1.742771 -1.569581 0.027276 0.744068 -0.001717
0.210384 -0.006294 -0.065423 1.746586 0.025368 -0.766575 -0.329786 -0.363355 -0.047112 -0.000572 0.105478 1.742771 -1.569581 0.027276 0.744450 -0.001717
0.210384 -0.006294 -0.059701 1.746586 0.025368 -0.766575 -0.330167 -0.363355 -0.047112 -0.000572 0.105478 1.742771 -1.569581 0.027276 0.745212 -0.001717
0.210384 -0.006294 -0.054360 1.746586 0.025368 -0.766575 -0.330167 -0.363737 -0.047112 -0.000572 0.105478 1.742771 -1.569581 0.027276 0.747501 -0.001717
0.210384 -0.006294 -0.048638 1.746586 0.025368 -0.766194 -0.330167 -0.363355 -0.047112 -0.000572 0.105478 1.742771 -1.569581 0.027276 0.749790 -0.001717
0.210765 -0.006294 -0.043297 1.746586 0.024987 -0.766575 -0.330167 -0.363737 -0.047112 -0.000572 0.105478 1.742771 -1.569581 0.027276 0.752079 -0.001717
0.210384 -0.006294 -0.038338 1.746586 0.024987 -0.766575 -0.330167 -0.363355 -0.046731 -0.000191 0.105478 1.742771 -1.569581 0.027276 0.752079 -0.001717
0.210384 -0.006294 -0.033761 1.746586 0.024987 -0.766194 -0.331693 -0.363737 -0.046731 -0.000191 0.105478 1.742771 -1.569581 0.027276 0.752079 -0.001717
0.210384 -0.006294 -0.028801 1.746586 0.024987 -0.766575 -0.339322 -0.363737 -0.046731 -0.000191 0.105478 1.742771 -1.569581 0.027276 0.752079 -0.001717
0.210765 -0.006294 -0.024987 1.746586 0.024987 -0.766575 -0.349241 -0.363737 -0.046731 -0.000191 0.106622 1.742771 -1.569581 0.027276 0.752079 -0.001717
0.210765 -0.006294 -0.020409 1.746586 0.024987 -0.766194 -0.368315 -0.363737 -0.046731 0.000191 0.107767 1.742771 -1.569581 0.027276 0.752461 -0.001717
0.210765 -0.006294 -0.016213 1.746586 0.024987 -0.766575 -0.388151 -0.363737 -0.046731 0.000191 0.107385 1.742771 -1.569581 0.027276 0.753223 -0.001717
0.210765 -0.006294 -0.012016 1.746586 0.024987 -0.766575 -0.410658 -0.363737 -0.046731 0.000191 0.107767 1.742771 -1.569581 0.026894 0.754368 -0.001717
0.210765 -0.006294 -0.008583 1.746586 0.024987 -0.766575 -0.430114 -0.363737 -0.046731 0.000572 0.108148 1.742771 -1.569581 0.026894 0.760472 -0.001717
0.210765 -0.006294 -0.005531 1.746586 0.024987 -0.766575 -0.442702 -0.363737 -0.046349 0.002480 0.110437 1.742771 -1.569581 0.026513 0.771534 -0.001717
0.210765 -0.006294 -0.003624 1.746586 0.024987 -0.766575 -0.445754 -0.363737 -0.045205 0.005913 0.112345 1.742390 -1.569581 0.026513 0.790990 -0.001717
0.210765 -0.006294 -0.001717 1.746586 0.024987 -0.766575 -0.445754 -0.363737 -0.044060 0.012398 0.115015 1.742390 -1.569581 0.025750 0.813115 -0.001717
0.211147 -0.006294 -0.000572 1.746586 0.024987 -0.766575 -0.445754 -0.363737 -0.044060 0.022316 0.115015 1.742390 -1.569581 0.021935 0.832570 -0.001717
0.212291 -0.006294 0.001717 1.746586 0.024987 -0.766575 -0.445754 -0.363737 -0.043679 0.034524 0.115015 1.742390 -1.569581 0.011254 0.846685 -0.001717
0.213817 -0.006294 0.001717 1.746586 0.024987 -0.766575 -0.447280 -0.363737 -0.044060 0.045586 0.115015 1.742390 -1.569581 0.002861 0.856985 -0.001717
0.213817 -0.006294 0.001717 1.746586 0.024605 -0.766575 -0.448806 -0.363737 -0.044060 0.057412 0.115015 1.742390 -1.569581 -0.012398 0.861563 -0.001717
0.214199 -0.006294 0.001717 1.746586 0.024605 -0.766575 -0.448806 -0.363737 -0.044060 0.068856 0.115015 1.742390 -1.569581 -0.031853 0.863851 -0.001717
0.213817 -0.006294 0.001717 1.746586 0.024605 -0.766575 -0.448806 -0.363737 -0.044060 0.079156 0.115015 1.742390 -1.569581 -0.049401 0.864233 -0.001717
0.213817 -0.006294 0.001717 1.746586 0.024605 -0.766575 -0.448806 -0.363737 -0.044060 0.086404 0.115015 1.742390 -1.569581 -0.065423 0.864614 -0.001717
0.214199 -0.006294 0.002861 1.746586 0.024605 -0.766575 -0.448806 -0.363737 -0.044060 0.089075 0.115396 1.742390 -1.569581 -0.077630 0.864233 -0.001717
0.214199 -0.006294 0.004768 1.746586 0.024605 -0.766575 -0.448425 -0.363737 -0.044060 0.091745 0.116922 1.742390 -1.569581 -0.081445 0.864614 -0.001717
0.214199 -0.006294 0.008202 1.746586 0.024605 -0.766575 -0.448425 -0.363737 -0.043679 0.091745 0.116922 1.742390 -1.569581 -0.081445 0.864233 -0.001717
0.215343 -0.006294 0.012779 1.746967 0.024605 -0.766575 -0.448806 -0.363737 -0.044060 0.091745 0.116922 1.742390 -1.569581 -0.081445 0.864233 -0.001717
0.216106 -0.006294 0.018883 1.746586 0.024605 -0.766575 -0.448425 -0.363737 -0.044060 0.091363 0.116541 1.742390 -1.569581 -0.081445 0.864233 -0.001717
0.216106 -0.006294 0.025368 1.746586 0.024987 -0.766575 -0.448043 -0.363737 -0.044060 0.091363 0.116541 1.742390 -1.569581 -0.081827 0.865377 -0.001717
0.216487 -0.006294 0.033761 1.746586 0.024987 -0.766575 -0.448425 -0.363737 -0.043679 0.091363 0.116541 1.742390 -1.569581 -0.086023 0.869192 -0.001717
0.216106 -0.006294 0.041390 1.746586 0.024605 -0.766575 -0.448806 -0.363737 -0.044060 0.091363 0.116541 1.742390 -1.569581 -0.097086 0.871862 -0.001717
0.216106 -0.006294 0.048257 1.746586 0.024605 -0.766575 -0.448425 -0.363737 -0.044060 0.090982 0.116541 1.742390 -1.569581 -0.115778 0.871862 -0.001717
0.216106 -0.006294 0.055505 1.746586 0.024987 -0.766575 -0.448425 -0.363737 -0.044060 0.090982 0.116541 1.742390 -1.569581 -0.139048 0.871862 -0.001717
0.216106 -0.006294 0.062753 1.746586 0.024605 -0.766575 -0.448425 -0.363737 -0.044060 0.091363 0.116541 1.742771 -1.569581 -0.160410 0.871481 -0.001717
0.216106 -0.006294 0.069619 1.746586 0.024605 -0.766575 -0.448425 -0.363737 -0.043679 0.091363 0.116541 1.742771 -1.569581 -0.177195 0.871481 -0.001717
0.216106 -0.006294 0.077249 1.746586 0.024987 -0.766575 -0.448425 -0.363737 -0.041390 0.091363 0.116541 1.742771 -1.569581 -0.188258 0.871481 -0.001717
0.216106 -0.006294 0.083352 1.746586 0.024605 -0.766575 -0.448425 -0.363737 -0.041009 0.091363 0.116541 1.742771 -1.569581 -0.192454 0.871481 -0.001717
0.216106 -0.006294 0.089837 1.746586 0.024987 -0.766575 -0.448043 -0.363737 -0.041009 0.091363 0.116541 1.742771 -1.569581 -0.198558 0.871481 -0.001717
0.216106 -0.006294 0.095560 1.746586 0.024987 -0.766575 -0.447662 -0.363737 -0.041009 0.090982 0.116541 1.742771 -1.569581 -0.202373 0.871481 -0.001717
0.216106 -0.006294 0.100137 1.746586 0.024605 -0.766575 -0.446899 -0.363737 -0.041009 0.090982 0.116541 1.742771 -1.569581 -0.202373 0.871099 -0.001717
0.216106 -0.006294 0.102808 1.746586 0.024987 -0.766575 -0.444228 -0.363737 -0.041390 0.090982 0.116541 1.742771 -1.569581 -0.202373 0.871481 -0.001717
0.216106 -0.006294 0.105859 1.746586 0.024605 -0.766575 -0.440032 -0.363737 -0.041390 0.090982 0.116541 1.742771 -1.569581 -0.202373 0.871481 -0.001717
0.216106 -0.006294 0.107767 1.746586 0.024605 -0.766575 -0.440032 -0.363737 -0.041390 0.090982 0.116541 1.742771 -1.569581 -0.205425 0.871481 -0.001717
0.216106 -0.006294 0.109293 1.746586 0.024605 -0.766575 -0.436980 -0.363737 -0.041390 0.090982 0.116541 1.742771 -1.569581 -0.215724 0.871481 -0.001717
0.216106 -0.006294 0.110437 1.746586 0.024605 -0.766575 -0.430495 -0.363737 -0.041009 0.090982 0.116541 1.742771 -1.569581 -0.229458 0.871481 -0.001717
0.216106 -0.006294 0.111582 1.746586 0.024605 -0.766575 -0.424773 -0.363737 -0.041390 0.090982 0.116541 1.742771 -1.569581 -0.239376 0.871481 -0.001717
0.216106 -0.006294 0.112345 1.746586 0.024605 -0.766575 -0.420195 -0.363737 -0.041009 0.090982 0.116541 1.742771 -1.569581 -0.246242 0.871481 -0.001717
0.216106 -0.006294 0.112345 1.746586 0.024987 -0.766575 -0.417906 -0.363737 -0.041390 0.090982 0.116541 1.742771 -1.569581 -0.254635 0.871481 -0.001717
0.216106 -0.006294 0.113107 1.746586 0.024605 -0.766575 -0.418288 -0.363737 -0.041390 0.090982 0.116541 1.742771 -1.569581 -0.257305 0.871481 -0.001717
0.216106 -0.006294 0.113107 1.746586 0.024605 -0.766575 -0.418288 -0.363737 -0.041390 0.090982 0.116541 1.742771 -1.569581 -0.257305 0.871481 -0.001717
0.216106 -0.006294 0.113107 1.746586 0.024605 -0.766575 -0.418288 -0.363737 -0.041390 0.090982 0.116541 1.742771 -1.569581 -0.257305 0.871481 -0.001717
0.216106 -0.006294 0.113489 1.746586 0.024605 -0.766575 -0.418288 -0.363737 -0.041390 0.090982 0.116541 1.742771 -1.569581 -0.257305 0.871481 -0.001717
0.216106 -0.006294 0.114252 1.746586 0.024605 -0.766575 -0.418288 -0.363737 -0.041390 0.090982 0.116541 1.742771 -1.569581 -0.257305 0.871481 -0.001717
0.216106 -0.006294 0.115778 1.746586 0.024605 -0.766575 -0.418288 -0.363737 -0.041390 0.090982 0.116541 1.742771 -1.569581 -0.257305 0.871481 -0.001717
0.216106 -0.006294 0.115778 1.746586 0.024605 -0.766575 -0.418288 -0.363737 -0.041390 0.090982 0.116541 1.742771 -1.569581 -0.257305 0.871481 -0.001717
0.216106 -0.006294 0.116922 1.746586 0.024987 -0.766575 -0.418288 -0.363737 -0.041390 0.090982 0.116541 1.742771 -1.569581 -0.257305 0.871481 -0.001717
0.216106 -0.006294 0.118830 1.746586 0.024605 -0.766575 -0.417906 -0.363737 -0.041390 0.090982 0.116541 1.742771 -1.569581 -0.257305 0.871481 -0.001717
0.216106 -0.006294 0.119974 1.746586 0.024987 -0.766575 -0.418288 -0.363737 -0.041390 0.090982 0.116541 1.742771 -1.569581 -0.257305 0.871481 -0.001717
0.216106 -0.006294 0.121881 1.746586 0.024605 -0.766575 -0.418288 -0.363737 -0.041390 0.090982 0.116541 1.742771 -1.569581 -0.257305 0.871481 -0.001717
0.216106 -0.006294 0.124170 1.746586 0.024605 -0.766575 -0.417906 -0.363737 -0.041390 0.090982 0.116541 1.742771 -1.569581 -0.257305 0.871481 -0.001717
0.216106 -0.006294 0.126841 1.746586 0.024987 -0.766575 -0.417906 -0.363737 -0.041390 0.090982 0.116541 1.742771 -1.569581 -0.257687 0.871481 -0.001717
0.216106 -0.006294 0.129511 1.746586 0.024987 -0.766575 -0.418288 -0.363737 -0.041390 0.090982 0.116541 1.742771 -1.569581 -0.257687 0.871481 -0.001717
0.216106 -0.006294 0.132181 1.746586 0.024987 -0.766575 -0.417906 -0.363737 -0.041009 0.090982 0.116541 1.742771 -1.569581 -0.257687 0.871481 -0.001717
0.216106 -0.006294 0.135233 1.746586 0.024987 -0.766575 -0.417906 -0.363737 -0.041390 0.090982 0.116541 1.742771 -1.569581 -0.257687 0.871481 -0.001717
0.216106 -0.006294 0.137903 1.746586 0.024987 -0.766575 -0.418288 -0.363737 -0.041390 0.090982 0.116541 1.742771 -1.569581 -0.257687 0.871481 -0.001717
0.216106 -0.006294 0.139429 1.746586 0.024987 -0.766575 -0.417906 -0.363737 -0.041390 0.090982 0.116541 1.742771 -1.569581 -0.257687 0.871481 -0.001717
0.216106 -0.006294 0.140574 1.746586 0.025368 -0.766575 -0.417906 -0.363737 -0.041390 0.090982 0.116541 1.742771 -1.569581 -0.258068 0.871481 -0.001717
0.216106 -0.006294 0.140574 1.746586 0.024987 -0.766575 -0.417906 -0.363737 -0.041390 0.090982 0.116541 1.742771 -1.569581 -0.258831 0.871481 -0.001717
0.216106 -0.006294 0.140574 1.746586 0.024987 -0.766575 -0.417906 -0.363737 -0.041390 0.090982 0.116541 1.742771 -1.569581 -0.260739 0.871481 -0.001717
0.216106 -0.006294 0.140192 1.746586 0.024987 -0.766575 -0.417906 -0.363737 -0.041390 0.090982 0.116541 1.742771 -1.569581 -0.261120 0.871481 -0.001717
0.216106 -0.006294 0.140192 1.746586 0.025368 -0.766575 -0.417906 -0.363737 -0.041390 0.090982 0.116541 1.742771 -1.569581 -0.261120 0.871481 -0.001717
0.216106 -0.006294 0.140192 1.746586 0.025368 -0.766575 -0.417906 -0.363737 -0.041390 0.090982 0.116541 1.742771 -1.569581 -0.261120 0.871481 -0.001717
0.216106 -0.006294 0.140192 1.746586 0.025750 -0.766575 -0.417906 -0.363737 -0.041390 0.090982 0.116541 1.742771 -1.569581 -0.261120 0.871481 -0.001717
0.216106 -0.006294 0.140192 1.746586 0.026131 -0.766575 -0.417906 -0.363737 -0.041390 0.090982 0.116541 1.742771 -1.569581 -0.261120 0.871481 -0.001717
0.216106 -0.006294 0.140192 1.746586 0.029183 -0.766575 -0.417906 -0.363737 -0.041390 0.090982 0.116541 1.742771 -1.569581 -0.261120 0.871481 -0.001717
0.216106 -0.006294 0.140192 1.746586 0.032998 -0.766575 -0.417906 -0.363737 -0.041390 0.090982 0.116541 1.742771 -1.569581 -0.261120 0.871481 -0.001717
0.216106 -0.006294 0.140192 1.746586 0.036812 -0.766575 -0.417525 -0.364118 -0.041390 0.090982 0.116541 1.742771 -1.569581 -0.261120 0.871481 -0.001717
0.216106 -0.006294 0.140574 1.746586 0.036812 -0.766575 -0.417144 -0.364118 -0.041390 0.090982 0.116541 1.742771 -1.569581 -0.261120 0.871481 -0.001717
0.216106 -0.006294 0.140192 1.746586 0.036812 -0.766575 -0.416381 -0.364118 -0.041390 0.090982 0.116541 1.742771 -1.569581 -0.261120 0.871481 -0.001717
0.216106 -0.006294 0.140574 1.746586 0.036812 -0.766575 -0.414855 -0.364118 -0.041009 0.090982 0.116541 1.742771 -1.569581 -0.261120 0.871481 -0.001717
0.216106 -0.006294 0.140192 1.746586 0.036431 -0.766575 -0.410277 -0.364500 -0.041390 0.090982 0.116541 1.742771 -1.569581 -0.261120 0.871481 -0.001717
0.216106 -0.006294 0.140192 1.746586 0.036431 -0.766575 -0.401884 -0.364500 -0.041390 0.090982 0.116541 1.742771 -1.569581 -0.261120 0.871481 -0.001717
0.216106 -0.006294 0.140192 1.746586 0.036812 -0.766575 -0.393874 -0.364881 -0.041390 0.090982 0.116541 1.742771 -1.569581 -0.261120 0.871481 -0.001717
0.216106 -0.006294 0.140192 1.746586 0.036812 -0.766575 -0.391585 -0.369841 -0.041390 0.090982 0.116541 1.742771 -1.569581 -0.261501 0.871481 -0.001717
0.216106 -0.006294 0.140192 1.746586 0.036431 -0.766575 -0.391966 -0.395018 -0.041390 0.090982 0.116541 1.742771 -1.569581 -0.261501 0.871481 -0.001717
0.216106 -0.006294 0.140192 1.746586 0.036431 -0.766575 -0.392348 -0.429351 -0.041390 0.090982 0.116541 1.742771 -1.569581 -0.261501 0.871099 -0.001717
0.215724 -0.006294 0.140192 1.746586 0.036049 -0.766575 -0.392729 -0.469787 -0.041390 0.090982 0.116541 1.742771 -1.569581 -0.261120 0.871481 -0.001717
0.215724 -0.006294 0.140192 1.746586 0.036049 -0.766575 -0.393111 -0.506790 -0.041390 0.090982 0.116541 1.742771 -1.569581 -0.261120 0.871099 -0.001717
0.216106 -0.006294 0.140192 1.746586 0.036049 -0.766575 -0.392729 -0.530060 -0.041009 0.090982 0.116541 1.742771 -1.569581 -0.261501 0.871099 -0.001717
0.216106 -0.006294 0.140192 1.746586 0.036049 -0.766575 -0.392729 -0.541505 -0.041009 0.090982 0.116541 1.742771 -1.569581 -0.261501 0.871099 -0.001717
0.216106 -0.006294 0.140192 1.746586 0.036049 -0.766575 -0.393111 -0.543030 -0.041390 0.090982 0.116541 1.742771 -1.569581 -0.261501 0.871099 -0.001717
0.216106 -0.006294 0.140192 1.746586 0.035668 -0.766575 -0.393492 -0.543030 -0.041390 0.090982 0.116541 1.742771 -1.569581 -0.261501 0.871099 -0.001717
0.216106 -0.006294 0.140192 1.746586 0.036049 -0.766575 -0.393492 -0.543412 -0.041390 0.090982 0.116541 1.742771 -1.569581 -0.261501 0.871099 -0.001717
0.216106 -0.006294 0.140192 1.746586 0.036049 -0.766575 -0.393492 -0.543030 -0.041390 0.090982 0.116541 1.742771 -1.569581 -0.261501 0.871099 -0.001717
0.216106 -0.006294 0.140192 1.746586 0.036049 -0.766575 -0.393874 -0.543030 -0.041390 0.090982 0.116541 1.742771 -1.569581 -0.261501 0.871099 -0.001717
0.216106 -0.006294 0.140192 1.746586 0.035668 -0.766575 -0.396162 -0.543412 -0.041390 0.090982 0.116541 1.742771 -1.569581 -0.261501 0.871099 -0.001717
0.215724 -0.006294 0.140192 1.746586 0.035668 -0.766575 -0.396544 -0.543030 -0.041390 0.090982 0.116541 1.742771 -1.569581 -0.261501 0.871099 -0.001717
0.215724 -0.006294 0.140192 1.746586 0.035668 -0.766575 -0.396925 -0.543412 -0.041390 0.090982 0.116541 1.742771 -1.569581 -0.261501 0.871099 -0.001717
0.215724 -0.006294 0.140192 1.746586 0.036049 -0.766575 -0.398070 -0.543412 -0.041390 0.090982 0.116541 1.742771 -1.569581 -0.261501 0.871099 -0.001717
0.215724 -0.006294 0.140192 1.746586 0.036049 -0.766575 -0.403410 -0.543030 -0.041390 0.090982 0.116541 1.742771 -1.569581 -0.261501 0.871099 -0.001717
0.215724 -0.006294 0.140192 1.746586 0.036049 -0.766575 -0.409895 -0.543412 -0.041390 0.090982 0.116541 1.742771 -1.569581 -0.261501 0.871099 -0.001717
0.215724 -0.006294 0.140192 1.746586 0.036431 -0.766575 -0.420195 -0.543030 -0.041390 0.090982 0.116541 1.742771 -1.569581 -0.261501 0.871099 -0.001717
0.215724 -0.006294 0.140192 1.746586 0.036049 -0.766575 -0.430877 -0.543412 -0.041390 0.090982 0.116541 1.742771 -1.569581 -0.261501 0.871099 -0.001717
0.215724 -0.005913 0.140192 1.746586 0.036049 -0.766575 -0.437362 -0.543412 -0.041390 0.090982 0.116541 1.742771 -1.569581 -0.261501 0.871099 -0.001717
0.215724 -0.005913 0.140192 1.746586 0.036049 -0.766575 -0.437743 -0.543412 -0.041390 0.090982 0.116541 1.742771 -1.569581 -0.261501 0.871099 -0.001717
0.215724 -0.006294 0.140192 1.746586 0.036431 -0.766575 -0.437362 -0.543412 -0.041390 0.090982 0.116541 1.742771 -1.569581 -0.261501 0.871099 -0.001717
0.216106 -0.006294 0.140192 1.746586 0.036049 -0.766575 -0.436980 -0.543030 -0.041390 0.090982 0.116541 1.742771 -1.569581 -0.261501 0.871099 -0.001717
0.216106 -0.006294 0.140192 1.746586 0.036431 -0.766575 -0.436980 -0.543412 -0.041390 0.090982 0.116541 1.742771 -1.569581 -0.261501 0.871099 -0.001717
0.215724 -0.006294 0.140192 1.746586 0.036431 -0.766575 -0.436980 -0.543030 -0.041390 0.090982 0.116541 1.742771 -1.569581 -0.261501 0.871099 -0.001717
0.215724 -0.006294 0.140192 1.746586 0.036431 -0.766575 -0.436980 -0.543030 -0.041009 0.090982 0.116541 1.742771 -1.569581 -0.261501 0.871099 -0.001717
0.215724 -0.006294 0.141337 1.746586 0.036431 -0.766575 -0.436980 -0.543412 -0.041390 0.090982 0.116541 1.742771 -1.569581 -0.261501 0.871099 -0.001717
0.215724 -0.006294 0.143626 1.746586 0.036431 -0.766575 -0.436980 -0.543412 -0.041009 0.090982 0.116541 1.742771 -1.569581 -0.261501 0.871099 -0.001717
0.216106 -0.006294 0.146296 1.746586 0.036431 -0.766575 -0.435836 -0.543030 -0.041009 0.090982 0.116541 1.742771 -1.569581 -0.261501 0.871099 -0.001717
0.216106 -0.006294 0.148585 1.746586 0.036431 -0.766575 -0.433547 -0.543412 -0.041009 0.090982 0.116541 1.742771 -1.569581 -0.261883 0.871099 -0.001717
0.215724 -0.006294 0.151637 1.746586 0.036812 -0.766575 -0.433547 -0.543030 -0.041390 0.090982 0.116541 1.742771 -1.569581 -0.262264 0.871099 -0.001717
0.215724 -0.006294 0.155070 1.746586 0.038720 -0.766575 -0.433547 -0.543412 -0.041390 0.090600 0.116541 1.742771 -1.569581 -0.265316 0.870336 -0.001717
0.215724 -0.006294 0.158503 1.746586 0.041390 -0.766575 -0.433547 -0.543030 -0.041390 0.090600 0.116541 1.742771 -1.569581 -0.272564 0.869574 -0.001717
0.215724 -0.006294 0.161555 1.746586 0.050546 -0.766575 -0.433165 -0.543412 -0.041390 0.090600 0.116541 1.742771 -1.569581 -0.284390 0.866903 -0.001717
0.215724 -0.006294 0.163462 1.746586 0.066949 -0.766575 -0.433165 -0.543412 -0.041390 0.090600 0.116541 1.742771 -1.569581 -0.291638 0.866140 -0.001717
0.215724 -0.006294 0.166133 1.746586 0.086786 -0.766575 -0.433165 -0.543030 -0.041390 0.090600 0.116541 1.742771 -1.569581 -0.303845 0.862707 -0.001717
0.215724 -0.005913 0.169184 1.746586 0.103952 -0.766575 -0.433165 -0.543030 -0.041390 0.090600 0.116541 1.742771 -1.569581 -0.309949 0.862325 -0.001717
0.215724 -0.005913 0.172236 1.746586 0.116541 -0.766575 -0.433165 -0.543412 -0.041390 0.090600 0.116541 1.742771 -1.569581 -0.309949 0.861944 -0.001717
0.215724 -0.005913 0.172999 1.746586 0.118067 -0.766575 -0.433547 -0.543412 -0.041390 0.090600 0.116541 1.742771 -1.569581 -0.309949 0.859655 -0.001717
0.215724 -0.005913 0.172618 1.746586 0.118067 -0.766575 -0.433547 -0.543412 -0.041390 0.090600 0.116541 1.742771 -1.569581 -0.309567 0.860037 -0.001717
0.215724 -0.005913 0.172618 1.746586 0.117685 -0.766575 -0.433547 -0.543412 -0.041772 0.090600 0.116541 1.742771 -1.569581 -0.309567 0.859655 -0.001717
0.215724 -0.006294 0.172618 1.746586 0.117304 -0.766575 -0.433547 -0.543030 -0.041772 0.090600 0.116541 1.742771 -1.569581 -0.309949 0.860037 -0.001717
0.216106 -0.006294 0.172618 1.746586 0.116541 -0.766575 -0.433928 -0.543030 -0.041772 0.090600 0.116541 1.742771 -1.569581 -0.309567 0.860037 -0.001717
0.216106 -0.005913 0.172618 1.746586 0.114633 -0.766194 -0.433928 -0.543412 -0.041772 0.090600 0.116541 1.742771 -1.569581 -0.309567 0.860037 -0.001717
0.216106 -0.005913 0.172999 1.746586 0.114633 -0.766575 -0.434310 -0.543412 -0.041772 0.090600 0.116541 1.742771 -1.569581 -0.309567 0.860037 -0.001717
0.216106 -0.005913 0.172999 1.746586 0.114633 -0.766575 -0.437362 -0.543030 -0.041772 0.090600 0.116541 1.742771 -1.569581 -0.309567 0.860037 -0.001717
0.216106 -0.005913 0.172999 1.746586 0.114252 -0.766575 -0.445373 -0.543412 -0.041772 0.090600 0.116541 1.742771 -1.569581 -0.309567 0.860037 -0.001717
0.216106 -0.005913 0.172999 1.746586 0.113489 -0.766575 -0.454910 -0.543412 -0.041772 0.090600 0.116541 1.742771 -1.569581 -0.309567 0.860037 -0.001717
0.216106 -0.005913 0.172999 1.746586 0.110437 -0.766575 -0.465209 -0.543412 -0.041772 0.090600 0.116541 1.742771 -1.569581 -0.309186 0.860037 -0.001717
0.216106 -0.005913 0.172999 1.746586 0.110056 -0.766575 -0.478943 -0.543412 -0.041772 0.090600 0.116541 1.742771 -1.569581 -0.309186 0.860037 -0.001717
0.216106 -0.005913 0.172999 1.746586 0.110056 -0.766575 -0.488479 -0.543412 -0.041772 0.090600 0.116541 1.742771 -1.569581 -0.309186 0.860037 -0.001717
0.216106 -0.005913 0.172999 1.746586 0.110056 -0.766575 -0.495346 -0.543412 -0.041772 0.090600 0.116541 1.742771 -1.569581 -0.309186 0.860037 -0.001717
0.216106 -0.005913 0.172999 1.746586 0.110056 -0.766194 -0.500687 -0.543412 -0.041772 0.090600 0.116541 1.742771 -1.569581 -0.309186 0.860037 -0.001717
0.216106 -0.005913 0.172999 1.746586 0.109293 -0.766575 -0.502594 -0.543030 -0.041772 0.090600 0.116541 1.742771 -1.569581 -0.309186 0.860037 -0.001717
0.216106 -0.005913 0.172999 1.746586 0.109293 -0.766575 -0.502594 -0.543030 -0.041772 0.090600 0.116541 1.742771 -1.569581 -0.309186 0.860037 -0.001717
0.216106 -0.005913 0.172999 1.746586 0.107767 -0.766575 -0.502594 -0.543412 -0.041772 0.090600 0.116541 1.742771 -1.569581 -0.309186 0.860037 -0.001717
0.216106 -0.005913 0.172999 1.746586 0.104334 -0.766575 -0.502594 -0.543030 -0.041772 0.090600 0.116541 1.742771 -1.569581 -0.309567 0.860037 -0.001717
0.216106 -0.005913 0.172999 1.746586 0.098230 -0.766575 -0.502594 -0.543030 -0.041772 0.090600 0.116541 1.742771 -1.569581 -0.309186 0.860037 -0.001717
0.216106 -0.005913 0.172999 1.746586 0.086786 -0.766194 -0.502213 -0.543412 -0.041772 0.090600 0.116541 1.742771 -1.569581 -0.309186 0.860037 -0.001717
0.216106 -0.005913 0.172999 1.746586 0.074197 -0.766575 -0.502213 -0.543412 -0.041772 0.090600 0.116541 1.742771 -1.569581 -0.309567 0.860037 -0.001717
0.216106 -0.005913 0.172999 1.746586 0.063897 -0.766575 -0.501831 -0.543412 -0.041772 0.090600 0.116541 1.742771 -1.569581 -0.309186 0.860418 -0.001717
0.216106 -0.005913 0.172999 1.746586 0.053597 -0.766575 -0.501831 -0.543030 -0.041772 0.090600 0.116541 1.742771 -1.569581 -0.309186 0.860037 -0.001717
0.216106 -0.005913 0.172999 1.746586 0.053979 -0.766194 -0.501831 -0.543412 -0.041772 0.090600 0.116541 1.742771 -1.569581 -0.309186 0.860037 -0.001717
0.216106 -0.005913 0.172999 1.746586 0.053979 -0.766575 -0.501450 -0.543030 -0.041772 0.090600 0.116541 1.742771 -1.569581 -0.309186 0.860418 -0.001717
0.216106 -0.005913 0.172999 1.746586 0.054360 -0.766575 -0.501068 -0.543412 -0.041772 0.090600 0.116541 1.742771 -1.569581 -0.309186 0.860418 -0.001717
0.215724 -0.005913 0.173762 1.746586 0.054360 -0.766575 -0.501068 -0.543412 -0.041772 0.090600 0.116541 1.742771 -1.569581 -0.309567 0.860418 -0.001717
0.215724 -0.005913 0.173762 1.746586 0.054360 -0.766575 -0.501068 -0.543030 -0.041772 0.090600 0.116541 1.742771 -1.569581 -0.309567 0.860800 -0.001717
0.215724 -0.005913 0.173762 1.746586 0.054360 -0.766194 -0.501068 -0.543412 -0.041772 0.090600 0.116541 1.742771 -1.569581 -0.309567 0.860800 -0.001717
0.215724 -0.005913 0.174144 1.746586 0.054360 -0.766575 -0.501068 -0.543412 -0.041772 0.090219 0.116541 1.742771 -1.569581 -0.309186 0.861181 -0.001717
0.215724 -0.005913 0.175669 1.746586 0.054360 -0.766194 -0.501068 -0.543030 -0.041772 0.090219 0.116541 1.742771 -1.569581 -0.309186 0.861181 -0.001717
0.215724 -0.005913 0.177195 1.746586 0.054360 -0.766575 -0.501068 -0.543030 -0.041772 0.090219 0.116541 1.742771 -1.569581 -0.309567 0.861181 -0.001717
0.215724 -0.005913 0.179103 1.746586 0.054360 -0.766575 -0.501068 -0.543030 -0.041772 0.090219 0.116541 1.742771 -1.569581 -0.309186 0.861181 -0.001717
0.215724 -0.005913 0.181392 1.746586 0.054360 -0.766575 -0.501068 -0.543030 -0.041772 0.090219 0.116541 1.742771 -1.569581 -0.309567 0.861181 -0.001717
0.215724 -0.005913 0.185588 1.746586 0.054360 -0.766194 -0.500687 -0.543030 -0.041772 0.089456 0.116541 1.742771 -1.569581 -0.309567 0.861181 -0.001717
0.215724 -0.005913 0.189784 1.746586 0.054742 -0.766575 -0.499924 -0.543030 -0.041772 0.085641 0.116541 1.742771 -1.569581 -0.309567 0.860418 -0.001717
0.215724 -0.005913 0.194743 1.746586 0.054742 -0.766575 -0.496490 -0.543030 -0.041772 0.081827 0.116541 1.742771 -1.569581 -0.309567 0.860800 -0.001717
0.215343 -0.005913 0.199702 1.746586 0.054742 -0.766194 -0.493057 -0.543030 -0.041772 0.078393 0.116159 1.742771 -1.569581 -0.309567 0.863088 -0.001717
0.215343 -0.005913 0.205425 1.746586 0.054742 -0.766194 -0.493439 -0.543030 -0.041772 0.076486 0.116159 1.742771 -1.569581 -0.309567 0.864233 -0.001717
0.215343 -0.005913 0.209621 1.746586 0.055123 -0.765812 -0.493439 -0.543030 -0.041772 0.076867 0.114633 1.742771 -1.569581 -0.309567 0.863851 -0.001717
0.215343 -0.005913 0.212673 1.746586 0.055123 -0.765049 -0.493439 -0.543412 -0.041772 0.076867 0.114633 1.742771 -1.569581 -0.309567 0.863851 -0.001717
0.215343 -0.005913 0.213054 1.746586 0.055123 -0.762379 -0.493439 -0.543030 -0.041772 0.076867 0.114633 1.742771 -1.569581 -0.309567 0.863851 -0.001717
0.215343 -0.005913 0.213054 1.746586 0.055123 -0.762379 -0.493439 -0.543030 -0.041772 0.076867 0.114633 1.742771 -1.569581 -0.309567 0.863851 -0.001717
0.215343 -0.005913 0.213054 1.746586 0.055886 -0.760853 -0.493439 -0.543030 -0.041772 0.077249 0.114633 1.742771 -1.569581 -0.309567 0.863851 -0.001717
0.214961 -0.005913 0.213054 1.746586 0.058175 -0.753986 -0.493820 -0.543030 -0.041772 0.077249 0.114633 1.742771 -1.569581 -0.309567 0.863851 -0.001717
0.213436 -0.005913 0.213054 1.746586 0.058175 -0.746738 -0.493439 -0.543030 -0.041772 0.077249 0.114633 1.742771 -1.569581 -0.309567 0.863851 -0.001717
0.213054 -0.005913 0.213054 1.746586 0.058175 -0.734913 -0.493820 -0.543030 -0.041772 0.077249 0.114633 1.742771 -1.569581 -0.309567 0.863851 -0.001717
0.212673 -0.005913 0.213054 1.746586 0.058175 -0.727665 -0.494202 -0.543030 -0.041772 0.077249 0.114633 1.742771 -1.569581 -0.309567 0.863851 -0.001717
0.210384 -0.006294 0.213054 1.746586 0.058175 -0.724994 -0.493820 -0.543030 -0.041772 0.077249 0.114633 1.742771 -1.569581 -0.309567 0.863851 -0.001717
0.210384 -0.006294 0.213054 1.746586 0.058175 -0.724613 -0.494202 -0.543030 -0.041772 0.077249 0.114633 1.742771 -1.569581 -0.309567 0.863851 -0.001717
0.210384 -0.006294 0.213054 1.746586 0.058175 -0.724613 -0.494202 -0.543030 -0.041772 0.076867 0.114633 1.742771 -1.569581 -0.309567 0.863851 -0.001717
0.210002 -0.005913 0.213054 1.746586 0.058175 -0.724613 -0.494202 -0.543030 -0.041772 0.077249 0.114633 1.742771 -1.569581 -0.309567 0.864233 -0.001717
0.210384 -0.005913 0.213054 1.746586 0.058556 -0.724613 -0.494202 -0.543030 -0.041772 0.077249 0.114633 1.742771 -1.569581 -0.309567 0.863851 -0.001717
0.210384 -0.005913 0.213054 1.746586 0.060464 -0.724613 -0.494202 -0.543030 -0.041772 0.077249 0.114633 1.742771 -1.569581 -0.309186 0.863851 -0.001717
0.210002 -0.005913 0.213054 1.746586 0.063897 -0.724613 -0.494202 -0.543030 -0.041772 0.077249 0.114633 1.742771 -1.569581 -0.309186 0.863851 -0.001717
0.208476 -0.005913 0.213054 1.746586 0.065805 -0.724613 -0.494202 -0.543030 -0.041772 0.077249 0.114633 1.742771 -1.569581 -0.309186 0.863851 -0.001717
0.207332 -0.005913 0.213054 1.746586 0.065805 -0.723468 -0.493820 -0.543030 -0.041772 0.077249 0.114633 1.742771 -1.569581 -0.309186 0.863851 -0.001717
0.206950 -0.006294 0.213054 1.746586 0.065805 -0.719654 -0.494202 -0.543030 -0.041772 0.077249 0.114633 1.742771 -1.569581 -0.309186 0.863851 -0.001717
0.204662 -0.006294 0.213054 1.746586 0.066949 -0.716983 -0.494202 -0.543412 -0.041772 0.077249 0.114633 1.742771 -1.569581 -0.309186 0.863851 -0.001717
0.201610 -0.005913 0.213054 1.746586 0.075341 -0.716220 -0.494202 -0.543412 -0.041772 0.077249 0.114633 1.742771 -1.569581 -0.308804 0.863851 -0.001717
0.198939 -0.006294 0.213054 1.746586 0.091363 -0.712406 -0.494202 -0.543030 -0.042153 0.077249 0.114633 1.742771 -1.569581 -0.308804 0.863851 -0.001717
0.196269 -0.006294 0.213054 1.746586 0.110819 -0.704776 -0.494583 -0.543030 -0.041772 0.077249 0.114633 1.742771 -1.569581 -0.308804 0.863851 -0.001717
0.193980 -0.006294 0.213054 1.746586 0.125696 -0.699054 -0.494583 -0.543030 -0.041772 0.077249 0.114633 1.742771 -1.569581 -0.308804 0.863851 -0.001717
0.193217 -0.005913 0.213054 1.746586 0.132181 -0.698672 -0.494583 -0.543412 -0.041772 0.077249 0.114633 1.742771 -1.569581 -0.308042 0.864233 -0.001717
0.193599 -0.006294 0.213054 1.746586 0.145151 -0.698672 -0.493820 -0.543030 -0.041772 0.077249 0.114633 1.742771 -1.569581 -0.305371 0.864233 -0.001717
0.193980 -0.006294 0.213054 1.746586 0.162318 -0.698672 -0.493820 -0.543412 -0.041772 0.077249 0.114633 1.742771 -1.569581 -0.304990 0.864233 -0.001717
0.193980 -0.006294 0.213054 1.746586 0.177577 -0.698672 -0.493439 -0.543412 -0.041772 0.077249 0.114633 1.742771 -1.569581 -0.304990 0.864614 -0.001717
0.193980 -0.006294 0.213054 1.746586 0.195506 -0.698291 -0.493820 -0.543412 -0.041772 0.077249 0.114633 1.742771 -1.569581 -0.304990 0.864996 -0.001717
0.193980 -0.006294 0.213054 1.746586 0.197032 -0.698672 -0.494202 -0.543412 -0.041772 0.077249 0.114633 1.742771 -1.569581 -0.304990 0.864996 -0.001717
0.193980 -0.005913 0.213054 1.746586 0.195506 -0.698291 -0.494202 -0.543412 -0.041772 0.077249 0.114633 1.742771 -1.569581 -0.304227 0.864996 -0.001717
0.193980 -0.005913 0.213054 1.746586 0.195125 -0.698291 -0.494202 -0.543412 -0.041772 0.077249 0.114633 1.742771 -1.569581 -0.300793 0.866140 -0.001717
0.193980 -0.005913 0.213054 1.746586 0.193217 -0.697910 -0.494202 -0.543412 -0.041772 0.077249 0.114633 1.742771 -1.569581 -0.296979 0.868429 -0.001717
0.193980 -0.005913 0.213054 1.746586 0.192454 -0.696765 -0.494583 -0.543412 -0.041772 0.077249 0.114633 1.742771 -1.569581 -0.296979 0.870718 -0.001717
0.193980 -0.005913 0.213054 1.746586 0.192454 -0.692569 -0.494583 -0.543412 -0.041772 0.077249 0.114633 1.742771 -1.569581 -0.296979 0.872625 -0.001717
0.193980 -0.005913 0.213054 1.746586 0.192454 -0.681506 -0.495727 -0.543412 -0.041772 0.077249 0.114633 1.742771 -1.569581 -0.296979 0.872625 -0.001717
0.193980 -0.005913 0.213054 1.746586 0.191691 -0.676928 -0.498779 -0.543412 -0.041772 0.077249 0.114252 1.742771 -1.569581 -0.297360 0.874533 -0.001717
0.193980 -0.005913 0.213054 1.746586 0.186732 -0.676547 -0.501450 -0.543412 -0.041772 0.077249 0.114252 1.742771 -1.569581 -0.297360 0.878729 -0.001717
0.193980 -0.005913 0.213054 1.746586 0.179484 -0.676165 -0.501450 -0.543412 -0.041772 0.077249 0.114252 1.742771 -1.569581 -0.297360 0.879492 -0.001717
0.193980 -0.005913 0.213054 1.746586 0.161555 -0.675784 -0.501450 -0.543412 -0.041772 0.077249 0.114252 1.742771 -1.569581 -0.297360 0.879492 -0.001717
0.193980 -0.005913 0.213054 1.746586 0.143626 -0.675784 -0.501450 -0.543030 -0.041772 0.077249 0.113870 1.742771 -1.569581 -0.297742 0.879492 -0.001717
0.193980 -0.005913 0.213054 1.746586 0.123789 -0.675784 -0.501450 -0.543412 -0.042153 0.077249 0.113870 1.742771 -1.569581 -0.297742 0.879492 -0.001717
0.193980 -0.005913 0.213054 1.746586 0.111582 -0.676165 -0.501450 -0.543412 -0.041772 0.077249 0.113870 1.742771 -1.569581 -0.297742 0.879492 -0.001717
0.193980 -0.005913 0.213054 1.746586 0.110056 -0.676165 -0.501450 -0.543030 -0.042153 0.077249 0.113870 1.742771 -1.569581 -0.297742 0.879492 -0.001717
0.193980 -0.005913 0.213054 1.746586 0.110056 -0.676165 -0.501450 -0.543030 -0.042153 0.077249 0.113870 1.742771 -1.569581 -0.297742 0.879492 -0.001717
0.193599 -0.005913 0.213054 1.746586 0.110056 -0.676165 -0.501450 -0.543030 -0.041772 0.077249 0.113870 1.742771 -1.569581 -0.297742 0.879492 -0.001717
0.193599 -0.005913 0.213054 1.746586 0.110056 -0.676165 -0.501831 -0.543030 -0.041772 0.077249 0.113870 1.742771 -1.569581 -0.297742 0.879492 -0.001717
0.193599 -0.005913 0.213054 1.746586 0.110056 -0.676165 -0.501450 -0.543030 -0.041772 0.077249 0.113870 1.742771 -1.569581 -0.297742 0.879492 -0.001717
0.193599 -0.005913 0.213054 1.746586 0.110437 -0.676165 -0.501831 -0.543412 -0.041772 0.077249 0.113870 1.742771 -1.569581 -0.297742 0.879492 -0.001717
0.193599 -0.005913 0.213054 1.746586 0.110437 -0.676165 -0.501831 -0.543030 -0.041772 0.077249 0.113870 1.742771 -1.569581 -0.297742 0.879492 -0.001717
0.193599 -0.005913 0.213054 1.746586 0.110437 -0.676165 -0.501831 -0.543030 -0.041772 0.077249 0.113870 1.742771 -1.569581 -0.297742 0.879492 -0.001717
0.193599 -0.005913 0.213054 1.746586 0.110056 -0.676165 -0.501831 -0.543030 -0.041772 0.077249 0.113870 1.742771 -1.569581 -0.297742 0.879492 -0.001717
0.193599 -0.005913 0.213054 1.746586 0.110056 -0.676165 -0.501831 -0.543030 -0.042153 0.077249 0.113870 1.742771 -1.569581 -0.297742 0.879492 -0.001717
0.193599 -0.005913 0.213054 1.746586 0.110056 -0.676165 -0.501831 -0.543412 -0.041772 0.077249 0.113870 1.742771 -1.569581 -0.297742 0.879492 -0.001717
0.193599 -0.005913 0.213054 1.746586 0.110056 -0.676165 -0.502213 -0.543030 -0.041772 0.077249 0.113870 1.742771 -1.569581 -0.297742 0.879492 -0.001717
0.193217 -0.005913 0.213054 1.746586 0.110056 -0.676165 -0.502213 -0.543030 -0.041772 0.077249 0.113870 1.742771 -1.569581 -0.297742 0.879492 -0.001717
0.193217 -0.005913 0.213054 1.746586 0.110056 -0.676165 -0.502213 -0.543030 -0.042153 0.077249 0.113870 1.742771 -1.569581 -0.297742 0.879492 -0.001717
0.193217 -0.005913 0.213054 1.746586 0.110056 -0.676165 -0.502213 -0.543030 -0.042153 0.077249 0.113870 1.742771 -1.569581 -0.297742 0.879492 -0.001717
0.193217 -0.005913 0.213054 1.746586 0.110056 -0.676165 -0.502213 -0.543030 -0.041772 0.077249 0.113870 1.742771 -1.569581 -0.297742 0.879492 -0.001717
0.192836 -0.005913 0.213054 1.746586 0.110437 -0.676165 -0.502213 -0.543030 -0.042153 0.077249 0.113870 1.742771 -1.569581 -0.297742 0.879492 -0.001717
0.191310 -0.005913 0.213054 1.746586 0.110056 -0.676165 -0.501831 -0.543030 -0.042153 0.077249 0.113870 1.742771 -1.569581 -0.297742 0.880636 -0.001717
0.189784 -0.005913 0.213054 1.746586 0.110056 -0.676165 -0.502213 -0.543030 -0.043297 0.077249 0.113870 1.742771 -1.569581 -0.297360 0.883688 -0.001717
0.187495 -0.005913 0.213054 1.746586 0.110056 -0.676165 -0.503738 -0.543030 -0.045205 0.077249 0.113870 1.742771 -1.569581 -0.297742 0.889792 -0.001717
0.181773 -0.005913 0.213054 1.746586 0.110056 -0.676165 -0.503738 -0.543030 -0.047875 0.077249 0.113870 1.742771 -1.569581 -0.297742 0.899329 -0.001717
0.179103 -0.005913 0.213054 1.746586 0.110056 -0.676165 -0.504501 -0.543030 -0.050927 0.077249 0.113489 1.742771 -1.569581 -0.298123 0.908103 -0.001717
0.176432 -0.005913 0.213054 1.746586 0.110056 -0.676165 -0.507935 -0.543030 -0.053597 0.076867 0.113107 1.742771 -1.569581 -0.298123 0.912680 -0.001717
0.174907 -0.005913 0.213054 1.746586 0.110056 -0.676547 -0.509079 -0.543412 -0.056268 0.077249 0.112345 1.742771 -1.569581 -0.298505 0.913062 -0.001717
0.174907 -0.005913 0.213054 1.746586 0.110437 -0.676547 -0.509079 -0.543030 -0.058556 0.077249 0.111963 1.742771 -1.569581 -0.298886 0.909628 -0.001717
0.174907 -0.005913 0.213054 1.746586 0.110437 -0.676547 -0.508698 -0.543030 -0.058938 0.077249 0.111963 1.742771 -1.569581 -0.298505 0.908103 -0.001717
0.175288 -0.005913 0.213054 1.746586 0.110056 -0.676547 -0.508698 -0.543030 -0.061227 0.077249 0.111963 1.742771 -1.569581 -0.298505 0.907340 -0.001717
0.175669 -0.005913 0.213054 1.746586 0.110437 -0.676547 -0.508698 -0.543412 -0.061227 0.077249 0.111963 1.742771 -1.569581 -0.299268 0.907721 -0.001717
0.177577 -0.005913 0.213054 1.746586 0.110437 -0.677310 -0.508698 -0.543412 -0.061227 0.077249 0.111963 1.742771 -1.569581 -0.298886 0.907721 -0.001717
0.177577 -0.005913 0.213436 1.746586 0.110437 -0.680362 -0.508316 -0.543412 -0.061227 0.077249 0.111963 1.742771 -1.569581 -0.298886 0.907721 -0.001717
0.177958 -0.006294 0.214580 1.746586 0.110437 -0.680362 -0.508316 -0.543030 -0.061227 0.076867 0.111963 1.742771 -1.569581 -0.298886 0.907721 -0.001717
0.179103 -0.005913 0.217250 1.746586 0.110819 -0.679980 -0.508316 -0.543030 -0.060845 0.077249 0.111963 1.742771 -1.569581 -0.298886 0.907721 -0.001717
0.180247 -0.006294 0.219158 1.746586 0.110819 -0.679980 -0.508316 -0.543412 -0.061227 0.077249 0.111963 1.742771 -1.569581 -0.298505 0.907340 -0.001717
0.180247 -0.005913 0.221828 1.746586 0.111200 -0.679980 -0.507935 -0.543030 -0.061227 0.077249 0.111963 1.742771 -1.569581 -0.298123 0.905051 -0.001717
0.180247 -0.006294 0.225261 1.746586 0.111200 -0.679980 -0.507935 -0.543030 -0.060845 0.076867 0.111963 1.742771 -1.569581 -0.298505 0.904288 -0.001717
0.180247 -0.005913 0.228313 1.746586 0.110819 -0.679980 -0.507935 -0.543030 -0.060845 0.076867 0.111963 1.742771 -1.569581 -0.298505 0.903906 -0.001717
0.180629 -0.005913 0.232509 1.746586 0.110819 -0.679980 -0.507935 -0.543030 -0.061227 0.076867 0.111963 1.742771 -1.569581 -0.298505 0.900473 -0.001717
0.182155 -0.006294 0.237087 1.746586 0.110819 -0.679980 -0.507935 -0.543030 -0.061227 0.076867 0.111963 1.742771 -1.569581 -0.298505 0.894751 -0.001717
0.183299 -0.005913 0.240520 1.746586 0.110819 -0.679980 -0.508316 -0.543030 -0.060845 0.076867 0.111963 1.742771 -1.569581 -0.298505 0.885595 -0.001717
0.184062 -0.006294 0.243954 1.746586 0.110437 -0.679980 -0.506027 -0.543030 -0.060845 0.076867 0.111963 1.742771 -1.569581 -0.298505 0.873770 -0.001717
0.186732 -0.005913 0.246242 1.746586 0.110437 -0.679980 -0.504501 -0.543030 -0.061227 0.076867 0.111963 1.742771 -1.569581 -0.298505 0.860418 -0.001717
0.189403 -0.005913 0.248913 1.746586 0.110437 -0.679980 -0.504883 -0.543030 -0.061227 0.076867 0.111963 1.742771 -1.569581 -0.298505 0.850118 -0.001717
0.192836 -0.005913 0.251583 1.746586 0.110437 -0.679599 -0.504883 -0.543030 -0.061227 0.076867 0.111963 1.742771 -1.569581 -0.298505 0.843633 -0.001717
0.196651 -0.005913 0.252346 1.746586 0.110437 -0.679980 -0.504883 -0.543030 -0.061227 0.076867 0.111963 1.742771 -1.569581 -0.298886 0.840963 -0.001717
0.199702 -0.005913 0.252346 1.746586 0.110437 -0.679599 -0.504501 -0.543030 -0.061227 0.076867 0.111963 1.742771 -1.569581 -0.298886 0.840963 -0.001717
0.200465 -0.005913 0.252346 1.746586 0.110056 -0.679599 -0.505264 -0.543030 -0.061227 0.077249 0.111963 1.742771 -1.569581 -0.298886 0.840963 -0.001717
0.200465 -0.005913 0.252346 1.746586 0.110056 -0.676928 -0.505264 -0.543030 -0.061227 0.076867 0.111963 1.742771 -1.569581 -0.298886 0.841344 -0.001717
0.200084 -0.005913 0.252346 1.746586 0.110056 -0.675784 -0.505264 -0.543030 -0.061227 0.076867 0.111963 1.742771 -1.569581 -0.298886 0.840963 -0.001717
0.199702 -0.005913 0.252346 1.746586 0.108911 -0.675784 -0.505646 -0.543030 -0.061227 0.076867 0.111963 1.742771 -1.569581 -0.298886 0.840963 -0.001717
0.199321 -0.005913 0.252346 1.746586 0.105859 -0.675402 -0.505646 -0.543030 -0.061227 0.076867 0.111963 1.742771 -1.569581 -0.298886 0.840963 -0.001717
0.199321 -0.005913 0.252346 1.746586 0.100519 -0.675402 -0.505646 -0.543030 -0.061227 0.076867 0.111963 1.742771 -1.569581 -0.298886 0.841344 -0.001717
0.199321 -0.005913 0.252346 1.746586 0.089456 -0.675402 -0.505264 -0.543412 -0.061227 0.076867 0.111963 1.742771 -1.569581 -0.298886 0.841344 -0.001717
0.199321 -0.005913 0.252346 1.746586 0.078775 -0.671206 -0.505264 -0.543030 -0.061227 0.076867 0.111963 1.742771 -1.569581 -0.298886 0.841344 -0.001717
0.199321 -0.005913 0.252346 1.746586 0.071908 -0.660906 -0.505646 -0.543030 -0.061227 0.076867 0.111963 1.742771 -1.569581 -0.298886 0.841344 -0.001717
0.199321 -0.005913 0.252346 1.746586 0.061990 -0.647936 -0.504883 -0.543030 -0.061227 0.076867 0.111963 1.742771 -1.569581 -0.298886 0.841344 -0.001717
0.199321 -0.005913 0.252346 1.746586 0.056268 -0.644884 -0.505264 -0.543030 -0.061227 0.076867 0.111963 1.742771 -1.569581 -0.299268 0.841344 -0.001717
0.199321 -0.006294 0.252346 1.746586 0.054360 -0.641070 -0.505264 -0.543030 -0.061227 0.077249 0.111963 1.742771 -1.569581 -0.298886 0.841344 -0.001717
0.199321 -0.006294 0.252346 1.746586 0.053979 -0.632296 -0.505264 -0.543030 -0.061227 0.077249 0.111963 1.742771 -1.569581 -0.298886 0.841344 -0.001717
0.199321 -0.005913 0.252346 1.746586 0.054360 -0.626574 -0.504883 -0.543030 -0.061227 0.077249 0.111963 1.742771 -1.569581 -0.299268 0.841344 -0.001717
0.199321 -0.006294 0.251965 1.746586 0.054360 -0.626574 -0.505264 -0.543030 -0.061227 0.077249 0.111963 1.742771 -1.569581 -0.299268 0.841344 -0.001717
0.199321 -0.005913 0.251965 1.746586 0.054360 -0.626574 -0.505264 -0.543030 -0.061227 0.077249 0.111963 1.742771 -1.569581 -0.299268 0.841726 -0.001717
0.199321 -0.006294 0.252346 1.746586 0.054360 -0.626574 -0.504883 -0.543030 -0.061227 0.076867 0.111963 1.742771 -1.569581 -0.299268 0.842870 -0.001717
0.199321 -0.006294 0.252346 1.746586 0.054360 -0.626574 -0.504883 -0.543030 -0.061227 0.077249 0.111963 1.742771 -1.569581 -0.299268 0.844778 -0.001717
0.199321 -0.005913 0.252346 1.746586 0.054360 -0.626574 -0.504883 -0.543030 -0.061227 0.077249 0.111963 1.742771 -1.569581 -0.299268 0.845922 -0.001717
0.198939 -0.005913 0.252346 1.746586 0.054360 -0.626955 -0.505264 -0.543412 -0.061227 0.076867 0.111963 1.742771 -1.569581 -0.299268 0.846304 -0.001717
0.198558 -0.005913 0.252346 1.746586 0.054742 -0.626955 -0.504883 -0.543030 -0.061227 0.077249 0.111963 1.742771 -1.569581 -0.299268 0.847066 -0.001717
0.196651 -0.005913 0.252346 1.746586 0.054742 -0.626955 -0.504883 -0.543030 -0.061227 0.077249 0.111963 1.742771 -1.569581 -0.301938 0.848211 -0.001717
0.195506 -0.005913 0.252346 1.746586 0.054360 -0.626955 -0.504883 -0.543030 -0.061227 0.076867 0.111963 1.742771 -1.569581 -0.305371 0.849355 -0.001717
0.193599 -0.005913 0.252346 1.746586 0.054742 -0.626955 -0.504120 -0.543030 -0.061227 0.076867 0.111963 1.742771 -1.569581 -0.305753 0.851263 -0.001717
0.192454 -0.005913 0.252346 1.746586 0.054742 -0.626955 -0.504120 -0.543030 -0.061227 0.077249 0.111963 1.742771 -1.569581 -0.306134 0.854314 -0.001717
0.190929 -0.005913 0.252346 1.746586 0.054742 -0.626955 -0.503738 -0.543030 -0.061227 0.077249 0.111963 1.742771 -1.569581 -0.305753 0.854696 -0.001717
0.190929 -0.006294 0.252346 1.746586 0.055123 -0.626955 -0.503357 -0.543030 -0.061608 0.077249 0.111963 1.742771 -1.569581 -0.305753 0.856603 -0.001717
0.190929 -0.006294 0.252346 1.746586 0.057031 -0.627337 -0.502976 -0.543030 -0.061608 0.077249 0.111963 1.742771 -1.569581 -0.305753 0.856985 -0.001717
0.190929 -0.005913 0.252346 1.746586 0.058556 -0.627337 -0.500305 -0.543030 -0.061608 0.076867 0.111963 1.742771 -1.569581 -0.305753 0.857748 -0.001717
0.190929 -0.005913 0.252346 1.746586 0.058556 -0.627718 -0.500305 -0.543030 -0.061608 0.077249 0.111963 1.742771 -1.569581 -0.305753 0.860418 -0.001717
0.190929 -0.006294 0.252346 1.746586 0.058556 -0.627718 -0.500687 -0.543412 -0.061608 0.077249 0.111963 1.742771 -1.569581 -0.305753 0.864614 -0.001717
0.190929 -0.005913 0.252346 1.746586 0.058556 -0.627718 -0.500687 -0.543030 -0.061608 0.077249 0.111963 1.742771 -1.569581 -0.305753 0.869192 -0.001717
0.190929 -0.006294 0.252346 1.746586 0.058938 -0.627718 -0.500687 -0.543030 -0.061608 0.077249 0.111963 1.742771 -1.569581 -0.305753 0.875296 -0.001717
0.190929 -0.006294 0.252346 1.746586 0.058938 -0.627718 -0.500687 -0.543030 -0.061608 0.077249 0.111963 1.742771 -1.569581 -0.305753 0.880636 -0.001717
0.190929 -0.006294 0.252346 1.746586 0.058938 -0.627718 -0.500305 -0.543030 -0.061608 0.076867 0.111963 1.742771 -1.569581 -0.305753 0.882925 -0.001717
0.190929 -0.006294 0.252346 1.746586 0.059319 -0.627718 -0.500687 -0.543030 -0.061608 0.077249 0.111963 1.742771 -1.569581 -0.305753 0.883307 -0.001717
0.190929 -0.006294 0.252346 1.746586 0.060082 -0.627718 -0.500687 -0.543030 -0.061608 0.077249 0.111963 1.742771 -1.569581 -0.305753 0.882925 -0.001717
0.190929 -0.006294 0.252346 1.746586 0.061990 -0.628099 -0.500687 -0.543030 -0.061608 0.077249 0.111963 1.742771 -1.569581 -0.305753 0.882925 -0.001717
0.190929 -0.006294 0.252346 1.746586 0.062371 -0.628099 -0.500687 -0.543030 -0.061990 0.077249 0.111963 1.742771 -1.569581 -0.305753 0.882925 -0.001717
0.190929 -0.005913 0.252346 1.746586 0.062371 -0.628481 -0.500687 -0.543030 -0.063516 0.077249 0.111963 1.742771 -1.569581 -0.305753 0.883307 -0.001717
0.190929 -0.006294 0.252346 1.746586 0.062371 -0.629244 -0.500687 -0.543030 -0.063897 0.077249 0.111963 1.742771 -1.569581 -0.305753 0.887503 -0.001717
0.190929 -0.006294 0.252346 1.746586 0.062371 -0.632296 -0.500687 -0.543030 -0.063897 0.077249 0.111963 1.742771 -1.569581 -0.305371 0.890173 -0.001717
0.190929 -0.006294 0.252346 1.746586 0.063516 -0.635729 -0.500687 -0.543030 -0.063897 0.077249 0.111963 1.742771 -1.569581 -0.305371 0.890936 -0.001717
0.190929 -0.006294 0.252346 1.746586 0.067330 -0.635729 -0.500687 -0.543030 -0.063897 0.077249 0.111963 1.742771 -1.569581 -0.305371 0.890936 -0.001717
0.190929 -0.005913 0.252346 1.746586 0.071908 -0.635729 -0.500687 -0.543030 -0.063897 0.077249 0.111963 1.742771 -1.569581 -0.305371 0.890555 -0.001717
0.190929 -0.006294 0.252346 1.746586 0.079156 -0.635729 -0.501068 -0.543030 -0.063897 0.077249 0.111963 1.742771 -1.569581 -0.305371 0.890555 -0.001717
0.190929 -0.006294 0.252346 1.746586 0.085641 -0.635729 -0.501068 -0.543030 -0.063897 0.077249 0.111963 1.742771 -1.569581 -0.305371 0.890555 -0.001717
0.191310 -0.005913 0.252346 1.746586 0.088693 -0.635729 -0.501068 -0.543030 -0.063897 0.077249 0.111963 1.742771 -1.569581 -0.305371 0.890555 -0.001717
0.191310 -0.006294 0.252346 1.746586 0.088693 -0.635729 -0.501068 -0.542649 -0.063897 0.077249 0.111963 1.742771 -1.569581 -0.305371 0.890555 -0.001717
0.191310 -0.005913 0.252346 1.746586 0.088693 -0.635729 -0.501068 -0.542649 -0.063897 0.077249 0.111963 1.742771 -1.569581 -0.305371 0.890555 -0.001717
0.190929 -0.006294 0.252346 1.746586 0.088312 -0.635729 -0.501068 -0.541505 -0.063897 0.077249 0.111963 1.742771 -1.569581 -0.305371 0.890555 -0.001717
0.190929 -0.005913 0.252346 1.746586 0.088312 -0.635729 -0.501068 -0.532731 -0.063897 0.077249 0.111963 1.742771 -1.569581 -0.305371 0.890555 -0.001717
0.191310 -0.006294 0.252346 1.746586 0.088312 -0.635729 -0.501068 -0.516709 -0.063897 0.077249 0.111963 1.742771 -1.569581 -0.305371 0.890555 -0.001717
0.191310 -0.006294 0.252346 1.746586 0.088312 -0.635729 -0.501068 -0.490387 -0.063897 0.077249 0.111963 1.742771 -1.569581 -0.305371 0.890555 -0.001717
0.191310 -0.005913 0.252346 1.746586 0.088312 -0.635729 -0.501068 -0.470932 -0.063897 0.077249 0.111963 1.742771 -1.569581 -0.305371 0.890555 -0.001717
0.191310 -0.006294 0.252346 1.746586 0.088312 -0.635729 -0.501068 -0.438888 -0.063897 0.077249 0.111963 1.742771 -1.569581 -0.305371 0.890555 -0.001717
0.191310 -0.005913 0.252346 1.746586 0.088312 -0.635729 -0.501450 -0.412184 -0.063897 0.077249 0.111963 1.742771 -1.569581 -0.305371 0.890555 -0.001717
0.191310 -0.006294 0.252346 1.746586 0.088312 -0.635729 -0.501450 -0.387007 -0.063897 0.077249 0.111963 1.742771 -1.569581 -0.305371 0.890555 -0.001717
0.191310 -0.005913 0.252346 1.746586 0.088312 -0.635729 -0.501068 -0.366407 -0.063897 0.077249 0.111963 1.742771 -1.569581 -0.305371 0.890555 -0.001717
0.191310 -0.005913 0.252346 1.746586 0.088312 -0.635729 -0.501068 -0.351530 -0.063897 0.077249 0.111963 1.742771 -1.569581 -0.305371 0.890555 -0.001717
0.191310 -0.006294 0.252346 1.746586 0.088312 -0.635729 -0.501068 -0.347333 -0.063897 0.077249 0.111963 1.742771 -1.569581 -0.305371 0.890555 -0.001717
0.191310 -0.005913 0.252346 1.746586 0.088312 -0.635729 -0.501068 -0.347715 -0.063897 0.077249 0.111963 1.742771 -1.569581 -0.305371 0.890936 -0.001717
0.191310 -0.005913 0.252346 1.746586 0.088693 -0.636110 -0.501068 -0.348096 -0.063897 0.077249 0.111963 1.742771 -1.569581 -0.305753 0.890936 -0.001717
0.191310 -0.005913 0.252346 1.746586 0.088312 -0.636873 -0.501068 -0.347715 -0.063897 0.077249 0.111963 1.742771 -1.569581 -0.305371 0.891318 -0.001717
0.191310 -0.006294 0.252346 1.746586 0.088693 -0.639925 -0.501068 -0.347715 -0.063897 0.077249 0.111963 1.742771 -1.569581 -0.305371 0.890936 -0.001717
0.191310 -0.005913 0.252346 1.746586 0.088312 -0.643740 -0.501068 -0.348096 -0.063897 0.077249 0.111963 1.742771 -1.569581 -0.305753 0.890936 -0.001717
0.191310 -0.005913 0.252346 1.746586 0.088693 -0.645266 -0.501068 -0.348096 -0.063897 0.077249 0.111963 1.742771 -1.569581 -0.305371 0.890936 -0.001717
0.191310 -0.005913 0.253109 1.746586 0.088312 -0.653277 -0.501068 -0.348096 -0.063897 0.077249 0.111963 1.742771 -1.569581 -0.305753 0.890936 -0.001717
0.191310 -0.006294 0.253109 1.746586 0.088693 -0.656329 -0.501068 -0.348096 -0.063897 0.077249 0.111963 1.742771 -1.569581 -0.305753 0.890936 -0.001717
0.191310 -0.005913 0.254635 1.746586 0.088693 -0.658618 -0.501068 -0.348478 -0.063897 0.077249 0.111963 1.742771 -1.569581 -0.305753 0.890936 -0.001717
0.191310 -0.005913 0.257687 1.746586 0.088312 -0.658236 -0.501068 -0.348478 -0.063897 0.077249 0.111963 1.742771 -1.569581 -0.305753 0.890936 -0.001717
0.191310 -0.005913 0.259594 1.746586 0.088312 -0.658236 -0.501068 -0.348478 -0.063897 0.076867 0.111963 1.742771 -1.569581 -0.305753 0.890936 -0.001717
0.191310 -0.006294 0.262646 1.746586 0.088312 -0.658236 -0.501068 -0.349241 -0.063897 0.077249 0.111963 1.742771 -1.569581 -0.305753 0.890936 -0.001717
0.191691 -0.005913 0.265698 1.746586 0.088693 -0.658236 -0.501450 -0.359159 -0.063897 0.077249 0.111963 1.742771 -1.569581 -0.305753 0.890936 -0.001717
0.191310 -0.006294 0.267987 1.746586 0.088312 -0.658236 -0.501068 -0.367552 -0.063897 0.077249 0.111963 1.742771 -1.569581 -0.305753 0.890936 -0.001717
0.191310 -0.005913 0.270275 1.746586 0.088312 -0.657855 -0.501068 -0.367552 -0.063897 0.076867 0.111963 1.742771 -1.569581 -0.305753 0.890936 -0.001717
0.191310 -0.005913 0.271801 1.746586 0.088312 -0.657855 -0.501068 -0.367552 -0.063897 0.077249 0.111963 1.742771 -1.569581 -0.305753 0.890555 -0.001717
0.191310 -0.005913 0.272946 1.746586 0.088312 -0.657855 -0.501068 -0.367552 -0.063897 0.077249 0.111963 1.742771 -1.569581 -0.305371 0.890555 -0.001717
0.191310 -0.006294 0.272946 1.746586 0.088312 -0.657855 -0.501068 -0.367552 -0.063897 0.077249 0.111963 1.742771 -1.569581 -0.305753 0.890555 -0.001717
0.191310 -0.006294 0.272946 1.746586 0.088312 -0.657473 -0.501068 -0.367552 -0.063897 0.076867 0.111963 1.742771 -1.569581 -0.305753 0.890555 -0.001717
0.191310 -0.005913 0.272946 1.746586 0.088312 -0.657473 -0.501068 -0.367170 -0.063897 0.076867 0.111963 1.742771 -1.569581 -0.305753 0.890555 -0.001717
0.191310 -0.006294 0.272946 1.746586 0.088312 -0.657092 -0.501068 -0.367170 -0.063897 0.077249 0.111963 1.742771 -1.569581 -0.305753 0.890173 -0.001717
0.191310 -0.006294 0.272564 1.746586 0.087930 -0.655566 -0.501068 -0.367170 -0.063897 0.077249 0.111963 1.742771 -1.569581 -0.305753 0.890173 -0.001717
0.191310 -0.006294 0.272946 1.746586 0.088312 -0.652895 -0.501450 -0.367170 -0.063897 0.076867 0.111963 1.742771 -1.569581 -0.305753 0.889792 -0.001717
0.191310 -0.006294 0.272946 1.746586 0.087930 -0.651369 -0.501450 -0.367170 -0.063897 0.076867 0.111963 1.742771 -1.569581 -0.305753 0.890173 -0.001717
0.191310 -0.006294 0.272946 1.746586 0.087930 -0.649844 -0.501450 -0.366789 -0.063897 0.077249 0.111963 1.742771 -1.569581 -0.305753 0.889792 -0.001717
0.191310 -0.005913 0.272946 1.746586 0.087930 -0.649844 -0.501450 -0.366789 -0.063897 0.077249 0.111963 1.742771 -1.569581 -0.305753 0.889410 -0.001717
0.191310 -0.006294 0.272946 1.746586 0.087930 -0.649844 -0.501450 -0.367170 -0.063897 0.076867 0.111963 1.742771 -1.569581 -0.305753 0.888647 -0.001717
0.191310 -0.005913 0.272946 1.746586 0.087930 -0.649462 -0.501450 -0.366789 -0.063897 0.076867 0.111963 1.742771 -1.569581 -0.305753 0.886358 -0.001717
0.191310 -0.005913 0.272946 1.746586 0.087930 -0.649462 -0.501450 -0.366789 -0.063897 0.076867 0.111963 1.742771 -1.569581 -0.305753 0.886358 -0.001717
0.191310 -0.005913 0.272946 1.746586 0.087549 -0.649462 -0.501450 -0.367170 -0.063897 0.076867 0.111963 1.742771 -1.569581 -0.305753 0.885977 -0.001717
0.191310 -0.005913 0.272946 1.746586 0.087930 -0.649081 -0.501450 -0.366789 -0.063897 0.076867 0.111963 1.742771 -1.569581 -0.305753 0.885977 -0.001717
0.191310 -0.005913 0.272946 1.746586 0.087549 -0.644884 -0.501450 -0.367170 -0.063897 0.076867 0.111963 1.742771 -1.569581 -0.305753 0.885977 -0.001717
0.191310 -0.005913 0.272946 1.746586 0.086786 -0.629244 -0.501450 -0.367170 -0.063897 0.076867 0.111963 1.742771 -1.569581 -0.305753 0.885977 -0.001717
0.191310 -0.005913 0.272946 1.746586 0.086404 -0.614748 -0.501450 -0.367170 -0.063897 0.076867 0.111963 1.742771 -1.569581 -0.305753 0.885977 -0.001717
0.191310 -0.005913 0.272946 1.746586 0.085260 -0.605974 -0.501450 -0.367170 -0.063897 0.076867 0.111963 1.742771 -1.569581 -0.305753 0.885977 -0.001717
0.191310 -0.005913 0.272946 1.746586 0.082971 -0.601015 -0.501450 -0.367170 -0.063897 0.076867 0.111963 1.742771 -1.569581 -0.305753 0.885595 -0.001717
0.191310 -0.005913 0.272946 1.746586 0.079538 -0.600252 -0.501450 -0.367170 -0.063897 0.076867 0.111963 1.742771 -1.569581 -0.305753 0.885595 -0.001717
0.191691 -0.005913 0.272946 1.746586 0.079919 -0.600633 -0.501450 -0.367170 -0.063897 0.076867 0.111963 1.742771 -1.569581 -0.305753 0.883307 -0.001717
0.191691 -0.005913 0.272946 1.746586 0.080301 -0.600633 -0.501450 -0.367170 -0.063897 0.076867 0.111963 1.742771 -1.569581 -0.305753 0.876440 -0.001717
0.191691 -0.005913 0.272946 1.746586 0.080301 -0.601015 -0.501450 -0.367170 -0.063897 0.076867 0.111963 1.742771 -1.569581 -0.305753 0.869192 -0.001717
0.192073 -0.005913 0.272946 1.746586 0.080301 -0.601015 -0.501450 -0.367170 -0.063516 0.076867 0.111963 1.742771 -1.569581 -0.305753 0.861944 -0.001717
0.193217 -0.005913 0.272946 1.746586 0.080301 -0.601015 -0.501450 -0.367170 -0.063897 0.077249 0.111963 1.742771 -1.569581 -0.305753 0.854696 -0.001717
0.194362 -0.005913 0.272946 1.746586 0.079919 -0.601015 -0.502594 -0.367170 -0.063897 0.076867 0.111963 1.742771 -1.569581 -0.305753 0.850118 -0.001717
0.194362 -0.005913 0.272946 1.746586 0.079919 -0.601015 -0.501831 -0.367170 -0.063897 0.077249 0.111963 1.742771 -1.569581 -0.305753 0.849355 -0.001717
0.194362 -0.005913 0.272946 1.746586 0.079919 -0.601015 -0.502213 -0.367552 -0.063897 0.076867 0.111963 1.742771 -1.569581 -0.305753 0.849355 -0.001717
0.194362 -0.005913 0.272946 1.746586 0.079919 -0.600633 -0.502594 -0.367552 -0.063516 0.077249 0.111963 1.742771 -1.569581 -0.305753 0.849737 -0.001717
0.194362 -0.005913 0.272946 1.746586 0.079919 -0.600633 -0.502594 -0.367170 -0.063897 0.076867 0.111963 1.742771 -1.569581 -0.305753 0.850118 -0.001717
0.194362 -0.005913 0.272946 1.746586 0.079919 -0.601015 -0.502213 -0.367170 -0.063897 0.077249 0.111963 1.742771 -1.569581 -0.305753 0.850500 -0.001717
0.194362 -0.005913 0.272946 1.746586 0.079538 -0.600633 -0.502594 -0.367552 -0.063897 0.077249 0.111963 1.742771 -1.569581 -0.305753 0.852026 -0.001717
0.194362 -0.005913 0.272946 1.746586 0.079538 -0.600633 -0.502594 -0.367170 -0.063897 0.077249 0.111963 1.742771 -1.569581 -0.305753 0.852789 -0.001717
0.194362 -0.005913 0.272946 1.746586 0.079156 -0.600633 -0.502594 -0.367170 -0.063897 0.076867 0.111963 1.742771 -1.569581 -0.305753 0.852789 -0.001717
0.194362 -0.005913 0.272946 1.746586 0.079156 -0.600633 -0.502213 -0.367552 -0.063897 0.076867 0.111963 1.742771 -1.569581 -0.305753 0.853170 -0.001717
0.194362 -0.005913 0.272946 1.746586 0.079156 -0.600633 -0.501831 -0.367170 -0.063897 0.076867 0.111963 1.742771 -1.569581 -0.305753 0.852789 -0.001717
0.194362 -0.005913 0.272946 1.746586 0.079156 -0.600633 -0.501831 -0.367170 -0.063897 0.077249 0.111963 1.742771 -1.569581 -0.305753 0.853170 -0.001717
0.193980 -0.005913 0.272946 1.746586 0.079156 -0.600633 -0.501831 -0.367170 -0.063897 0.076867 0.111963 1.742771 -1.569581 -0.305753 0.853552 -0.001717
0.193980 -0.005913 0.272946 1.746586 0.079538 -0.600633 -0.501450 -0.366789 -0.063897 0.076867 0.111963 1.742771 -1.569581 -0.305753 0.855077 -0.001717
0.193980 -0.006294 0.272946 1.746586 0.079538 -0.600633 -0.501450 -0.366789 -0.063897 0.077249 0.111963 1.742771 -1.569581 -0.305753 0.857366 -0.001717
0.193980 -0.005913 0.272946 1.746586 0.079538 -0.601015 -0.501450 -0.366407 -0.063897 0.076867 0.111963 1.742771 -1.569581 -0.305753 0.859655 -0.001717
0.193980 -0.005913 0.272946 1.746586 0.079538 -0.600633 -0.501450 -0.366026 -0.063897 0.077249 0.111963 1.742771 -1.569581 -0.305753 0.863470 -0.001717
0.193980 -0.005913 0.272946 1.746586 0.079538 -0.600633 -0.501450 -0.361067 -0.063897 0.076867 0.111963 1.742771 -1.569581 -0.305753 0.864233 -0.001717
0.193980 -0.005913 0.272946 1.746586 0.079538 -0.600633 -0.501450 -0.354200 -0.063897 0.076867 0.111963 1.742771 -1.569581 -0.305753 0.864233 -0.001717
0.193980 -0.005913 0.272946 1.746586 0.079538 -0.600633 -0.501450 -0.351148 -0.063897 0.076867 0.111963 1.742771 -1.569581 -0.305753 0.864233 -0.001717
0.193980 -0.005913 0.272946 1.746586 0.079538 -0.600633 -0.501450 -0.350767 -0.063897 0.076867 0.111963 1.742771 -1.569581 -0.305753 0.864233 -0.001717
0.193980 -0.005913 0.272946 1.746586 0.079538 -0.600633 -0.501450 -0.350004 -0.063897 0.076867 0.111963 1.742771 -1.569581 -0.305753 0.864233 -0.001717
0.193980 -0.005913 0.272946 1.746586 0.079538 -0.600633 -0.501450 -0.339704 -0.063897 0.076867 0.111963 1.742771 -1.569581 -0.305753 0.864233 -0.001717
0.193980 -0.006294 0.272946 1.746586 0.079538 -0.600633 -0.501450 -0.320630 -0.063897 0.076867 0.111963 1.742771 -1.569581 -0.305753 0.864233 -0.001717
0.193980 -0.005913 0.272946 1.746586 0.079538 -0.600633 -0.501450 -0.293164 -0.063897 0.076867 0.111963 1.742771 -1.569581 -0.305753 0.864614 -0.001717
0.193980 -0.005913 0.272946 1.746586 0.079538 -0.600633 -0.501450 -0.260357 -0.064279 0.076867 0.111963 1.742771 -1.569581 -0.305753 0.864614 -0.001717
0.193980 -0.005913 0.272946 1.746586 0.079538 -0.600633 -0.501450 -0.242809 -0.064279 0.076867 0.111963 1.742771 -1.569581 -0.305753 0.864614 -0.001717
0.193980 -0.006294 0.272946 1.746586 0.079538 -0.600633 -0.501450 -0.234798 -0.064660 0.076867 0.111963 1.742771 -1.569581 -0.305753 0.864614 -0.001717
0.193980 -0.005913 0.272946 1.746586 0.079919 -0.601015 -0.501450 -0.226406 -0.066567 0.076867 0.111963 1.742771 -1.569581 -0.305753 0.864614 -0.001717
0.194362 -0.005913 0.272946 1.746586 0.079919 -0.601015 -0.501450 -0.226787 -0.066949 0.076867 0.111963 1.742771 -1.569581 -0.305753 0.866522 -0.001717
0.193980 -0.006294 0.272946 1.746586 0.079919 -0.600633 -0.501450 -0.226787 -0.067712 0.076867 0.111963 1.742771 -1.569581 -0.305753 0.868811 -0.001717
0.193980 -0.005913 0.272946 1.746586 0.079538 -0.600633 -0.501450 -0.226787 -0.069238 0.076867 0.111963 1.742771 -1.569581 -0.306134 0.869574 -0.001717
0.193980 -0.006294 0.272946 1.746586 0.079919 -0.600633 -0.501450 -0.226787 -0.069619 0.076867 0.111963 1.742771 -1.569581 -0.305753 0.871862 -0.001717
0.194362 -0.005913 0.272946 1.746586 0.079919 -0.600633 -0.501450 -0.226787 -0.069619 0.076867 0.111963 1.742771 -1.569581 -0.305753 0.871481 -0.001717
0.193980 -0.005913 0.272946 1.746586 0.079919 -0.600633 -0.501450 -0.226787 -0.069619 0.076867 0.111963 1.742771 -1.569581 -0.305753 0.871481 -0.001717
0.193980 -0.005913 0.272946 1.746586 0.079919 -0.601015 -0.501450 -0.226787 -0.069619 0.076867 0.111963 1.742771 -1.569581 -0.305753 0.871862 -0.001717
0.194362 -0.006294 0.272946 1.746586 0.079919 -0.601015 -0.501450 -0.226787 -0.069619 0.076867 0.111963 1.742771 -1.569581 -0.305753 0.871481 -0.001717
0.193980 -0.005913 0.272946 1.746586 0.079919 -0.601015 -0.501450 -0.226787 -0.069619 0.076867 0.111963 1.742771 -1.569581 -0.305753 0.871862 -0.001717
0.194362 -0.006294 0.272946 1.746586 0.079919 -0.600633 -0.501450 -0.226787 -0.069619 0.076867 0.111963 1.742771 -1.569581 -0.305753 0.871481 -0.001717
0.193980 -0.005913 0.272946 1.746586 0.079919 -0.600633 -0.501450 -0.226787 -0.069619 0.076867 0.111963 1.742771 -1.569581 -0.305753 0.871862 -0.001717
0.193980 -0.005913 0.272946 1.746586 0.079919 -0.601015 -0.501450 -0.226787 -0.069619 0.076867 0.111963 1.742771 -1.569581 -0.305753 0.871862 -0.001717
0.193980 -0.005913 0.272946 1.746586 0.080301 -0.601015 -0.501450 -0.226787 -0.069619 0.076867 0.111963 1.742771 -1.569581 -0.305753 0.871862 -0.001717
0.193980 -0.006294 0.272946 1.746586 0.080301 -0.600633 -0.501450 -0.226406 -0.069619 0.076867 0.111963 1.742771 -1.569581 -0.305753 0.871862 -0.001717
0.193980 -0.005913 0.272946 1.746586 0.080301 -0.601015 -0.501450 -0.223354 -0.069619 0.076867 0.111963 1.742771 -1.569581 -0.305753 0.871862 -0.001717
0.193980 -0.005913 0.272946 1.746586 0.080301 -0.600633 -0.501450 -0.220302 -0.069619 0.076867 0.111963 1.742771 -1.569581 -0.305753 0.871862 -0.001717
0.193980 -0.005913 0.272946 1.746586 0.080301 -0.601015 -0.501450 -0.219921 -0.069619 0.076867 0.111963 1.742771 -1.569581 -0.305753 0.871862 -0.001717
0.193980 -0.005913 0.272946 1.746586 0.080301 -0.601015 -0.501450 -0.219539 -0.069619 0.076867 0.111963 1.742771 -1.569581 -0.305753 0.871862 -0.001717
0.193980 -0.005913 0.272946 1.746586 0.080301 -0.601015 -0.501450 -0.219539 -0.069619 0.076867 0.111963 1.742771 -1.569581 -0.305753 0.871862 -0.001717
0.193980 -0.005913 0.272946 1.746586 0.079919 -0.601015 -0.501450 -0.216869 -0.069619 0.076867 0.111963 1.742771 -1.569581 -0.305753 0.871862 -0.001717
0.193980 -0.005913 0.272946 1.746586 0.079919 -0.601015 -0.501450 -0.192836 -0.069619 0.076867 0.111963 1.742771 -1.569581 -0.305753 0.871862 -0.001717
0.193980 -0.005913 0.272946 1.746586 0.079919 -0.601015 -0.501450 -0.170329 -0.069619 0.076867 0.111963 1.742771 -1.569581 -0.305753 0.871862 -0.001717
0.193980 -0.006294 0.272946 1.746586 0.080301 -0.601015 -0.501450 -0.147822 -0.070001 0.076867 0.111963 1.742771 -1.569581 -0.305753 0.871862 -0.001717
0.193980 -0.005913 0.272946 1.746586 0.080301 -0.601015 -0.501450 -0.132563 -0.070001 0.076867 0.111963 1.742771 -1.569581 -0.305753 0.871862 -0.001717
0.193980 -0.005913 0.272946 1.746586 0.080301 -0.601015 -0.501450 -0.133326 -0.070001 0.076867 0.111963 1.742771 -1.569581 -0.305753 0.871862 -0.001717
0.193980 -0.006294 0.272946 1.746586 0.080301 -0.601015 -0.501450 -0.133707 -0.070382 0.076867 0.111963 1.742771 -1.569581 -0.305753 0.871862 -0.001717
0.193980 -0.006294 0.272946 1.746586 0.080301 -0.601015 -0.501450 -0.133707 -0.072671 0.076867 0.111963 1.742771 -1.569581 -0.306134 0.872625 -0.001717
0.193980 -0.005913 0.272946 1.746586 0.080301 -0.601015 -0.501450 -0.133707 -0.075723 0.076867 0.111582 1.742771 -1.569581 -0.306134 0.873770 -0.001717
0.193980 -0.006294 0.272946 1.746586 0.080301 -0.601015 -0.501450 -0.134089 -0.081064 0.076867 0.111582 1.742771 -1.569581 -0.306134 0.876822 -0.001717
0.193980 -0.006294 0.272946 1.746586 0.080301 -0.601015 -0.501450 -0.134089 -0.086404 0.076867 0.111582 1.742771 -1.569581 -0.306134 0.880636 -0.001717
0.193980 -0.005913 0.272946 1.746586 0.080301 -0.601015 -0.501450 -0.134089 -0.092508 0.076867 0.111582 1.742771 -1.569581 -0.306134 0.882544 -0.001717
0.193980 -0.006294 0.272946 1.746586 0.080682 -0.601015 -0.501450 -0.134470 -0.099374 0.076867 0.111582 1.742771 -1.569581 -0.306516 0.884070 -0.001717
0.193980 -0.006294 0.272946 1.746586 0.080301 -0.601015 -0.501450 -0.134470 -0.103189 0.076867 0.111582 1.742771 -1.569581 -0.306897 0.885977 -0.001717
0.193980 -0.005913 0.272946 1.746586 0.080682 -0.601015 -0.501450 -0.134470 -0.105859 0.077249 0.111582 1.742771 -1.569581 -0.306516 0.886358 -0.001717
0.193980 -0.005913 0.272946 1.746586 0.080301 -0.601396 -0.501450 -0.134470 -0.108148 0.076867 0.111582 1.742771 -1.569581 -0.306516 0.886358 -0.001717
0.193980 -0.005913 0.272946 1.746586 0.080682 -0.601778 -0.501450 -0.134470 -0.108148 0.076867 0.111582 1.742771 -1.569581 -0.309949 0.886358 -0.001717
0.193980 -0.006294 0.272946 1.746586 0.080682 -0.601778 -0.501450 -0.134852 -0.108148 0.076867 0.111582 1.742771 -1.569581 -0.310330 0.886740 -0.001717
0.193980 -0.006294 0.272946 1.746586 0.080301 -0.601396 -0.501450 -0.134852 -0.107767 0.076867 0.111582 1.742771 -1.569581 -0.310712 0.886740 -0.001717
0.193980 -0.006294 0.272946 1.746586 0.080682 -0.601396 -0.501450 -0.135615 -0.107767 0.076867 0.111582 1.742771 -1.569581 -0.311856 0.886358 -0.001717
0.193980 -0.006294 0.272946 1.746586 0.080682 -0.601396 -0.501450 -0.142481 -0.107767 0.076867 0.111582 1.742771 -1.569581 -0.313382 0.886740 -0.001717
0.193980 -0.006294 0.272946 1.746586 0.080682 -0.601396 -0.501450 -0.162699 -0.107767 0.076867 0.111582 1.742771 -1.569581 -0.313382 0.886358 -0.001717
0.193980 -0.005913 0.272946 1.746586 0.080682 -0.601396 -0.501450 -0.180629 -0.107767 0.076867 0.111582 1.742771 -1.569581 -0.313382 0.886358 -0.001717
0.193980 -0.006294 0.272946 1.746586 0.080682 -0.601396 -0.501068 -0.200465 -0.107767 0.076867 0.111582 1.742771 -1.569581 -0.313382 0.886358 -0.001717
0.194362 -0.006294 0.272946 1.746586 0.080682 -0.601396 -0.501450 -0.212673 -0.107767 0.076867 0.111582 1.742771 -1.569581 -0.313382 0.886358 -0.001717
0.193980 -0.006294 0.272946 1.746586 0.080682 -0.601396 -0.501068 -0.213436 -0.107767 0.076867 0.111582 1.742771 -1.569581 -0.313382 0.886358 -0.001717
0.194362 -0.006294 0.272946 1.746586 0.080682 -0.601396 -0.501068 -0.213436 -0.107767 0.076867 0.111582 1.742771 -1.569581 -0.313382 0.886358 -0.001717
0.193980 -0.006294 0.272946 1.746586 0.080682 -0.601396 -0.501068 -0.213054 -0.107767 0.076867 0.111963 1.742771 -1.569581 -0.313382 0.886358 -0.001717
0.193980 -0.006294 0.272946 1.746586 0.080682 -0.601396 -0.501450 -0.212291 -0.107767 0.076867 0.111582 1.742771 -1.569581 -0.313382 0.886358 -0.001717
0.193980 -0.006294 0.272946 1.746586 0.080682 -0.601396 -0.501450 -0.199321 -0.107767 0.076867 0.111582 1.742771 -1.569581 -0.313382 0.886358 -0.001717
0.193980 -0.006294 0.272946 1.746586 0.080682 -0.601396 -0.501450 -0.187495 -0.107767 0.076867 0.111963 1.742771 -1.569581 -0.313382 0.886358 -0.001717
0.193980 -0.006294 0.272946 1.746586 0.080682 -0.601396 -0.501450 -0.163844 -0.107767 0.076867 0.111582 1.742771 -1.569581 -0.313382 0.886358 -0.001717
0.193980 -0.006294 0.272946 1.746586 0.080682 -0.601396 -0.501450 -0.142863 -0.107767 0.076867 0.111582 1.742771 -1.569581 -0.313382 0.886358 -0.001717
0.194362 -0.006294 0.272946 1.746586 0.080682 -0.601396 -0.501450 -0.129511 -0.107767 0.077249 0.111963 1.742771 -1.569581 -0.313382 0.886358 -0.001717
0.193980 -0.006294 0.272946 1.746586 0.080682 -0.601396 -0.501450 -0.119593 -0.107767 0.077249 0.111963 1.742771 -1.569581 -0.313382 0.886358 -0.001717
0.193980 -0.006294 0.272946 1.746586 0.080682 -0.601396 -0.501450 -0.115396 -0.107767 0.077249 0.111963 1.742771 -1.569581 -0.313382 0.886358 -0.001717
0.194362 -0.006294 0.272946 1.746586 0.080682 -0.601396 -0.501450 -0.115778 -0.107767 0.077249 0.111963 1.742771 -1.569581 -0.313382 0.886358 -0.001717
0.193980 -0.006294 0.272946 1.746586 0.080682 -0.601396 -0.501450 -0.115778 -0.107767 0.077249 0.111963 1.742771 -1.569581 -0.313382 0.886358 -0.001717
0.193980 -0.006294 0.272946 1.746586 0.080682 -0.601396 -0.501450 -0.115778 -0.107767 0.077249 0.111963 1.742771 -1.569581 -0.313382 0.886358 -0.001717
0.193980 -0.006294 0.272946 1.746586 0.080682 -0.601396 -0.501450 -0.115778 -0.107767 0.077249 0.111963 1.742771 -1.569581 -0.313001 0.886358 -0.001717
0.194362 -0.006294 0.272946 1.746586 0.080682 -0.601396 -0.501450 -0.115396 -0.107767 0.077249 0.111963 1.742771 -1.569581 -0.313382 0.886358 -0.001717
0.194362 -0.006294 0.272946 1.746586 0.080682 -0.601396 -0.501450 -0.115396 -0.107767 0.077249 0.111963 1.742771 -1.569581 -0.313382 0.885977 -0.001717
0.194362 -0.006294 0.272946 1.746586 0.080682 -0.601396 -0.501450 -0.115396 -0.107767 0.077249 0.111963 1.742771 -1.569581 -0.313382 0.886358 -0.001717
0.194362 -0.006294 0.272946 1.746586 0.080682 -0.601396 -0.501450 -0.115396 -0.107767 0.077249 0.111963 1.742771 -1.569581 -0.313382 0.886358 -0.001717
0.194362 -0.006294 0.272946 1.746586 0.080682 -0.601396 -0.501450 -0.115396 -0.107767 0.077249 0.111963 1.742771 -1.569581 -0.313382 0.886358 -0.001717
0.194362 -0.006294 0.272946 1.746586 0.080682 -0.601396 -0.501450 -0.115396 -0.107767 0.077249 0.111963 1.742771 -1.569581 -0.313382 0.886358 -0.001717
0.193980 -0.006294 0.272946 1.746586 0.080682 -0.601396 -0.501450 -0.115396 -0.107767 0.077249 0.111963 1.742771 -1.569581 -0.313001 0.886358 -0.001717
0.194362 -0.006294 0.272946 1.746586 0.080682 -0.601396 -0.501450 -0.115396 -0.107767 0.077249 0.111963 1.742771 -1.569581 -0.313001 0.886358 -0.001717
0.194362 -0.006294 0.272946 1.746586 0.080682 -0.601396 -0.501450 -0.115778 -0.107767 0.077249 0.111963 1.742771 -1.569581 -0.313001 0.886358 -0.001717
0.194362 -0.006294 0.272946 1.746586 0.080682 -0.601396 -0.501450 -0.115396 -0.107767 0.077249 0.111963 1.742771 -1.569581 -0.313001 0.886358 -0.001717
0.194362 -0.006294 0.272946 1.746586 0.080682 -0.601396 -0.501450 -0.115396 -0.107767 0.077249 0.111963 1.742771 -1.569581 -0.313001 0.886358 -0.001717
0.194362 -0.006294 0.272946 1.746586 0.080682 -0.601396 -0.501450 -0.115778 -0.107767 0.077249 0.111963 1.742771 -1.569581 -0.313001 0.886358 -0.001717
0.194362 -0.006294 0.272946 1.746586 0.080682 -0.601396 -0.501450 -0.115396 -0.107767 0.077249 0.111963 1.742771 -1.569581 -0.313001 0.886358 -0.001717
0.194362 -0.006294 0.272946 1.746586 0.080682 -0.601396 -0.501450 -0.115778 -0.107767 0.077249 0.111963 1.742771 -1.569581 -0.313001 0.886358 -0.001717
0.194362 -0.006294 0.272946 1.746586 0.080682 -0.601396 -0.501450 -0.115396 -0.107767 0.077249 0.111963 1.742771 -1.569581 -0.313001 0.886358 -0.001717
0.194362 -0.006294 0.272946 1.746586 0.080682 -0.601396 -0.501450 -0.115778 -0.107767 0.077249 0.111963 1.742771 -1.569581 -0.313001 0.886358 -0.001717
0.194362 -0.006294 0.272946 1.746586 0.080682 -0.601396 -0.501450 -0.115778 -0.107767 0.077630 0.111963 1.742771 -1.569581 -0.313382 0.885977 -0.001717
0.194362 -0.006294 0.272946 1.746586 0.080682 -0.601396 -0.501450 -0.115778 -0.107767 0.077630 0.111963 1.742771 -1.569581 -0.313001 0.886358 -0.001717
0.194362 -0.006294 0.272946 1.746586 0.080682 -0.601396 -0.501450 -0.115778 -0.107767 0.077630 0.111963 1.742771 -1.569581 -0.313001 0.886358 -0.001717
0.194362 -0.006294 0.272946 1.746586 0.080682 -0.601396 -0.501450 -0.115778 -0.107767 0.077249 0.111963 1.742771 -1.569581 -0.313001 0.886358 -0.001717
0.194362 -0.006294 0.272946 1.746586 0.080682 -0.601015 -0.501450 -0.115778 -0.107767 0.077249 0.111963 1.742771 -1.569581 -0.313001 0.886358 -0.001717
0.193980 -0.006294 0.272946 1.746586 0.080682 -0.601015 -0.501450 -0.115778 -0.107767 0.077630 0.111963 1.742771 -1.569581 -0.313001 0.886358 -0.001717
0.194362 -0.006294 0.272564 1.746586 0.080682 -0.601015 -0.501450 -0.115778 -0.107767 0.077630 0.111963 1.742771 -1.569581 -0.313001 0.886358 -0.001717
0.194362 -0.006294 0.272564 1.746586 0.080682 -0.601015 -0.501450 -0.115778 -0.107767 0.077249 0.111963 1.742771 -1.569581 -0.313001 0.886358 -0.001717
0.194362 -0.006294 0.272946 1.746586 0.080682 -0.601015 -0.501450 -0.115778 -0.107767 0.077249 0.111963 1.742771 -1.569581 -0.313001 0.886358 -0.001717
0.194362 -0.006294 0.272946 1.746586 0.080682 -0.601015 -0.501450 -0.115778 -0.108148 0.077630 0.111963 1.742771 -1.569581 -0.313001 0.886358 -0.001717
0.194362 -0.006294 0.272946 1.746586 0.080682 -0.601015 -0.501450 -0.115778 -0.107767 0.077630 0.111963 1.742771 -1.569581 -0.313001 0.886358 -0.001717
0.193980 -0.006294 0.272946 1.746586 0.080682 -0.601015 -0.501450 -0.115778 -0.107767 0.077249 0.111963 1.742771 -1.569581 -0.313001 0.886358 -0.001717
0.193980 -0.006294 0.272946 1.746586 0.080682 -0.601015 -0.501450 -0.115778 -0.107767 0.077630 0.111963 1.742771 -1.569581 -0.313001 0.885977 -0.001717
0.193980 -0.006294 0.272946 1.746586 0.080682 -0.601015 -0.501450 -0.115778 -0.107767 0.077630 0.111963 1.742771 -1.569581 -0.313001 0.886358 -0.001717
0.194362 -0.006294 0.272564 1.746586 0.080682 -0.601015 -0.501450 -0.115778 -0.107767 0.077630 0.111963 1.742771 -1.569581 -0.313001 0.886358 -0.001717
0.193980 -0.006294 0.272946 1.746586 0.080682 -0.601015 -0.501450 -0.115778 -0.107767 0.077630 0.111963 1.742771 -1.569581 -0.313001 0.886358 -0.001717
0.193980 -0.006294 0.272946 1.746586 0.080682 -0.601015 -0.501450 -0.115778 -0.107767 0.077630 0.111963 1.742771 -1.569581 -0.313001 0.886358 -0.001717
0.193980 -0.006294 0.272946 1.746586 0.080682 -0.601015 -0.501450 -0.115778 -0.108148 0.077630 0.111963 1.742771 -1.569581 -0.313001 0.886358 -0.001717
0.194362 -0.006294 0.272946 1.746586 0.080682 -0.601015 -0.501450 -0.115778 -0.107767 0.077630 0.111963 1.742771 -1.569581 -0.313001 0.886358 -0.001717
0.193980 -0.006294 0.272946 1.746586 0.080682 -0.601015 -0.501450 -0.115778 -0.107767 0.077630 0.111963 1.742771 -1.569581 -0.313001 0.886358 -0.001717
0.194362 -0.006294 0.272946 1.746586 0.080682 -0.601015 -0.501450 -0.115778 -0.107767 0.077630 0.111963 1.742771 -1.569581 -0.313001 0.886358 -0.001717
0.193980 -0.006294 0.272946 1.746586 0.080682 -0.601015 -0.501450 -0.115778 -0.107767 0.077630 0.111963 1.742771 -1.569581 -0.313001 0.886358 -0.001717
0.193980 -0.006294 0.272946 1.746586 0.080682 -0.601015 -0.501450 -0.115778 -0.107767 0.077249 0.111963 1.742771 -1.569581 -0.313001 0.886358 -0.001717
0.194362 -0.006294 0.272564 1.746586 0.080682 -0.601015 -0.501450 -0.115778 -0.107767 0.077630 0.111963 1.742771 -1.569581 -0.312619 0.886358 -0.001717
0.193980 -0.006294 0.272946 1.746586 0.080682 -0.601015 -0.501450 -0.115778 -0.107767 0.077249 0.111963 1.742771 -1.569581 -0.313001 0.886358 -0.001717
0.193980 -0.006294 0.272564 1.746586 0.080682 -0.601015 -0.501450 -0.115778 -0.107767 0.077249 0.111963 1.742771 -1.569581 -0.312619 0.886358 -0.001717
0.193980 -0.006294 0.272946 1.746586 0.081064 -0.601015 -0.501450 -0.115778 -0.107767 0.077249 0.111963 1.742771 -1.569581 -0.312619 0.886358 -0.001717
0.193980 -0.006294 0.272946 1.746586 0.081064 -0.601015 -0.501450 -0.115778 -0.108148 0.077249 0.111963 1.742771 -1.569581 -0.312619 0.886358 -0.001717
0.193980 -0.006294 0.272946 1.746586 0.081064 -0.601396 -0.501450 -0.115778 -0.107767 0.077630 0.111963 1.742771 -1.569581 -0.312619 0.886358 -0.001717
0.193980 -0.006294 0.272946 1.746586 0.081064 -0.601396 -0.501450 -0.115778 -0.107767 0.077249 0.111963 1.742771 -1.569581 -0.312619 0.885977 -0.001717
0.193980 -0.006294 0.272946 1.746586 0.081064 -0.601396 -0.501450 -0.115778 -0.107767 0.077630 0.111963 1.742771 -1.569581 -0.312619 0.885977 -0.001717
0.193980 -0.006294 0.272946 1.746586 0.081064 -0.601396 -0.501450 -0.115778 -0.108148 0.077630 0.111963 1.742771 -1.569581 -0.312619 0.885977 -0.001717
0.193980 -0.006294 0.272946 1.746586 0.081064 -0.601396 -0.501068 -0.115778 -0.108148 0.077630 0.111963 1.742771 -1.569581 -0.312619 0.885595 -0.001717
0.193980 -0.006294 0.272946 1.746586 0.081064 -0.601015 -0.501068 -0.115778 -0.108148 0.077630 0.111963 1.742771 -1.569581 -0.312619 0.885214 -0.001717
0.193980 -0.006294 0.272946 1.746586 0.081064 -0.601015 -0.501068 -0.115778 -0.107767 0.077630 0.111963 1.742771 -1.569581 -0.313001 0.885595 -0.001717
0.193980 -0.006294 0.272564 1.746586 0.081064 -0.601015 -0.501068 -0.115778 -0.107767 0.077249 0.111963 1.742771 -1.569581 -0.312619 0.885977 -0.001717
0.193980 -0.006294 0.272564 1.746586 0.081064 -0.601015 -0.501450 -0.115778 -0.107767 0.077249 0.111963 1.742771 -1.569581 -0.312619 0.885977 -0.001717
0.193980 -0.006294 0.272946 1.746586 0.081064 -0.601015 -0.501450 -0.115778 -0.107767 0.077630 0.111963 1.742771 -1.569581 -0.312619 0.885595 -0.001717
0.193980 -0.006294 0.272946 1.746586 0.081064 -0.601015 -0.501068 -0.115778 -0.107767 0.077249 0.111963 1.742771 -1.569581 -0.312619 0.885595 -0.001717
0.193980 -0.006294 0.272946 1.746586 0.081064 -0.601015 -0.501068 -0.115778 -0.107767 0.077630 0.111963 1.742771 -1.569581 -0.312619 0.885595 -0.001717
0.193980 -0.006294 0.272946 1.746586 0.081064 -0.601015 -0.501068 -0.115778 -0.108148 0.077630 0.111963 1.742771 -1.569581 -0.312619 0.885595 -0.001717
0.193980 -0.006294 0.272946 1.746586 0.081064 -0.601015 -0.501068 -0.115778 -0.108148 0.077630 0.111963 1.742771 -1.569581 -0.313001 0.885595 -0.001717
0.193980 -0.006294 0.272946 1.746586 0.081064 -0.601396 -0.501068 -0.115778 -0.107767 0.077249 0.111963 1.742771 -1.569581 -0.312619 0.885595 -0.002098
0.193980 -0.006294 0.272946 1.746586 0.081064 -0.601015 -0.501068 -0.115778 -0.107767 0.077249 0.111963 1.742771 -1.569581 -0.312619 0.885595 -0.002861
0.193980 -0.006294 0.272946 1.746586 0.081064 -0.601015 -0.501068 -0.115778 -0.107767 0.077249 0.111963 1.742771 -1.569581 -0.312619 0.885977 -0.005531
0.193980 -0.006294 0.272946 1.746586 0.081064 -0.601015 -0.501068 -0.115778 -0.107767 0.077249 0.111963 1.742771 -1.569581 -0.312619 0.885977 -0.005531
0.193980 -0.006294 0.272946 1.746586 0.081064 -0.601015 -0.501068 -0.115778 -0.107767 0.077249 0.111963 1.742771 -1.569581 -0.312619 0.885595 -0.005531
0.193980 -0.006294 0.272946 1.746586 0.081064 -0.601015 -0.501068 -0.115778 -0.107767 0.077249 0.111963 1.742771 -1.569581 -0.312619 0.885595 -0.006294
0.193980 -0.006294 0.272564 1.746586 0.081064 -0.601015 -0.501068 -0.115778 -0.107767 0.077249 0.111963 1.742771 -1.569581 -0.312619 0.885595 -0.012016
0.193980 -0.006294 0.272946 1.746586 0.081064 -0.601396 -0.501068 -0.115778 -0.107767 0.077249 0.111963 1.742771 -1.569581 -0.313001 0.885595 -0.044823
0.193980 -0.006294 0.272946 1.746586 0.081064 -0.601396 -0.501068 -0.115778 -0.107767 0.077630 0.111963 1.742771 -1.569581 -0.313001 0.885977 -0.085641
0.193980 -0.006294 0.272946 1.746586 0.081064 -0.601396 -0.501068 -0.115778 -0.108148 0.077249 0.111963 1.742771 -1.569581 -0.313001 0.885595 -0.143626
0.193980 -0.006294 0.272946 1.746586 0.081064 -0.601015 -0.501068 -0.115778 -0.107767 0.077630 0.111963 1.742771 -1.569581 -0.313001 0.885595 -0.192073
0.193980 -0.006294 0.272946 1.746586 0.081064 -0.601396 -0.501068 -0.115778 -0.107767 0.077249 0.111963 1.742771 -1.569581 -0.313001 0.885595 -0.272564
0.193980 -0.006294 0.272564 1.746586 0.081064 -0.601015 -0.501068 -0.115778 -0.108148 0.077249 0.111963 1.742771 -1.569581 -0.313001 0.885595 -0.342756
0.193980 -0.006294 0.272946 1.746586 0.081064 -0.601015 -0.501068 -0.115778 -0.107767 0.077630 0.111963 1.742771 -1.569581 -0.313001 0.885595 -0.399977
0.193980 -0.006294 0.272946 1.746586 0.081064 -0.601015 -0.501068 -0.115778 -0.107767 0.077249 0.111963 1.742771 -1.569581 -0.313001 0.885595 -0.454528
0.193980 -0.006294 0.272946 1.746586 0.081064 -0.601015 -0.501450 -0.115778 -0.107767 0.077249 0.111963 1.742771 -1.569581 -0.313001 0.885595 -0.496109
0.193980 -0.006294 0.272946 1.746586 0.081064 -0.601015 -0.501068 -0.115778 -0.107767 0.077249 0.111963 1.742771 -1.569581 -0.313382 0.885595 -0.533875
0.193980 -0.006294 0.272564 1.746586 0.081064 -0.601015 -0.501068 -0.115778 -0.107767 0.077249 0.111963 1.742771 -1.569581 -0.313382 0.885977 -0.564012
0.193980 -0.006294 0.272564 1.746586 0.081064 -0.601015 -0.501068 -0.115778 -0.107767 0.077249 0.111963 1.742771 -1.569581 -0.313382 0.885977 -0.588045
0.193980 -0.006294 0.272564 1.746586 0.081064 -0.601015 -0.501068 -0.115778 -0.107767 0.077249 0.111963 1.742771 -1.569581 -0.313382 0.885595 -0.594530
0.193980 -0.006294 0.272946 1.746586 0.081064 -0.601015 -0.501068 -0.115778 -0.107767 0.077630 0.111963 1.742771 -1.569581 -0.313382 0.884070 -0.601015
0.193980 -0.006294 0.272564 1.746586 0.081064 -0.601015 -0.501068 -0.115778 -0.107767 0.077630 0.111963 1.742771 -1.569581 -0.313382 0.874533 -0.604448
0.194362 -0.006294 0.272946 1.746586 0.081064 -0.601015 -0.501068 -0.115778 -0.107767 0.077630 0.111963 1.742771 -1.569581 -0.313382 0.862325 -0.604448
0.194362 -0.006294 0.272564 1.746586 0.081064 -0.601015 -0.501068 -0.115778 -0.107767 0.077630 0.111963 1.742771 -1.569581 -0.313764 0.847448 -0.604448
0.194362 -0.006294 0.272564 1.746586 0.081064 -0.600633 -0.501068 -0.115778 -0.107767 0.077630 0.111963 1.742771 -1.569581 -0.313382 0.828756 -0.604448
0.194362 -0.006294 0.272564 1.746586 0.081064 -0.600633 -0.501068 -0.115778 -0.107385 0.077630 0.111963 1.742771 -1.569581 -0.313764 0.807012 -0.604448
0.194362 -0.006294 0.272564 1.746586 0.081064 -0.600252 -0.501068 -0.115778 -0.107767 0.077630 0.111963 1.742771 -1.569581 -0.313764 0.786793 -0.604448
0.194362 -0.006294 0.272564 1.746586 0.081064 -0.599489 -0.501068 -0.115778 -0.107385 0.077630 0.111963 1.742771 -1.569581 -0.313764 0.761997 -0.604448
0.194362 -0.006294 0.272564 1.746586 0.081064 -0.596437 -0.501068 -0.115778 -0.107767 0.077630 0.111963 1.742771 -1.569581 -0.313764 0.738346 -0.604448
0.194362 -0.006294 0.272564 1.746586 0.081064 -0.593004 -0.501068 -0.115778 -0.107767 0.077630 0.111963 1.742771 -1.569581 -0.313764 0.710498 -0.604448
0.194362 -0.006294 0.272564 1.746586 0.080682 -0.585374 -0.501068 -0.115778 -0.107767 0.077630 0.111963 1.742771 -1.569581 -0.313764 0.681506 -0.604448
0.194362 -0.006294 0.272564 1.746586 0.080682 -0.572404 -0.501068 -0.115778 -0.107767 0.077630 0.111963 1.742771 -1.569581 -0.313764 0.648699 -0.604448
0.194362 -0.006294 0.272564 1.746586 0.081064 -0.561723 -0.501068 -0.115778 -0.107767 0.077630 0.111963 1.742771 -1.569581 -0.313764 0.616655 -0.604448
0.194362 -0.006294 0.272564 1.746586 0.080682 -0.545701 -0.501068 -0.115778 -0.107767 0.077630 0.111963 1.742771 -1.569581 -0.313764 0.581559 -0.604448
0.194362 -0.006294 0.272564 1.746586 0.080682 -0.532349 -0.501068 -0.115778 -0.107767 0.077630 0.111963 1.742771 -1.569581 -0.313764 0.544556 -0.604448
0.194362 -0.006294 0.272564 1.746586 0.080682 -0.517472 -0.501068 -0.115778 -0.107767 0.077630 0.111963 1.742771 -1.569581 -0.313382 0.509079 -0.604448
0.194362 -0.006294 0.272564 1.746586 0.080682 -0.502976 -0.501068 -0.115778 -0.107767 0.077630 0.111963 1.742771 -1.569581 -0.313382 0.477798 -0.604448
0.194362 -0.006294 0.272564 1.746586 0.080682 -0.486191 -0.501068 -0.115778 -0.107767 0.077630 0.111963 1.742771 -1.569581 -0.313382 0.445373 -0.604448
0.194362 -0.006294 0.272564 1.746586 0.080682 -0.469787 -0.501068 -0.115778 -0.107767 0.077630 0.111963 1.742771 -1.569581 -0.313382 0.416762 -0.604448
0.194362 -0.006294 0.272564 1.746586 0.080301 -0.458724 -0.501068 -0.115778 -0.107767 0.077630 0.111963 1.742771 -1.569581 -0.313382 0.390822 -0.604067
0.194362 -0.006294 0.272564 1.746586 0.080301 -0.446899 -0.501068 -0.115778 -0.107767 0.077630 0.111963 1.742771 -1.569581 -0.313001 0.370603 -0.604448
0.194362 -0.006294 0.272564 1.746586 0.080301 -0.432784 -0.501068 -0.115778 -0.108148 0.077630 0.111963 1.742771 -1.569581 -0.313001 0.353819 -0.604448
0.194362 -0.006294 0.272564 1.746586 0.080301 -0.419051 -0.501068 -0.115778 -0.108148 0.077630 0.111963 1.742771 -1.569581 -0.313001 0.342374 -0.604448
0.194362 -0.006294 0.272564 1.746586 0.080301 -0.409514 -0.501068 -0.116159 -0.108148 0.077630 0.111963 1.742771 -1.569581 -0.313001 0.330930 -0.604448
0.194362 -0.006294 0.272564 1.746586 0.080301 -0.402647 -0.501068 -0.115778 -0.108148 0.077630 0.111963 1.742771 -1.569581 -0.313001 0.321012 -0.604067
0.194362 -0.006294 0.272564 1.746586 0.080301 -0.393492 -0.501068 -0.115778 -0.108148 0.077630 0.111963 1.742771 -1.569581 -0.313001 0.314908 -0.604448
0.194362 -0.006294 0.272564 1.746586 0.080301 -0.380903 -0.501068 -0.115778 -0.108148 0.077630 0.111963 1.742771 -1.569581 -0.313001 0.309186 -0.604448
0.194362 -0.006294 0.272564 1.746586 0.080301 -0.362974 -0.501068 -0.115778 -0.108148 0.077249 0.111963 1.742771 -1.569581 -0.313001 0.308804 -0.604448
0.194362 -0.006294 0.272564 1.746586 0.080301 -0.349241 -0.501068 -0.115778 -0.108148 0.077249 0.111963 1.742771 -1.569581 -0.313001 0.309186 -0.604448
0.194362 -0.006294 0.272564 1.746586 0.080301 -0.331693 -0.501068 -0.115778 -0.108148 0.077630 0.111963 1.742771 -1.569581 -0.312619 0.308804 -0.604067
0.194362 -0.006294 0.272564 1.746586 0.080301 -0.313764 -0.501068 -0.115778 -0.108148 0.077630 0.111963 1.742771 -1.569581 -0.312619 0.308804 -0.604448
0.194362 -0.006294 0.272564 1.746586 0.080301 -0.293545 -0.501068 -0.115778 -0.108148 0.077630 0.111963 1.742771 -1.569581 -0.312619 0.308804 -0.604067
0.194362 -0.006294 0.272564 1.746586 0.080301 -0.266461 -0.501068 -0.115778 -0.108148 0.077630 0.111963 1.742771 -1.569581 -0.312619 0.308804 -0.604448
0.194362 -0.006294 0.272564 1.746586 0.080301 -0.235943 -0.501068 -0.115778 -0.108530 0.077249 0.111963 1.742771 -1.569581 -0.312619 0.308804 -0.604067
0.194362 -0.006294 0.272564 1.746586 0.080301 -0.209239 -0.501068 -0.116159 -0.108148 0.077249 0.111963 1.742771 -1.569581 -0.312619 0.308804 -0.604067
0.194362 -0.006294 0.272564 1.746586 0.080301 -0.179484 -0.501068 -0.115778 -0.108148 0.077249 0.111963 1.742771 -1.569581 -0.312619 0.308804 -0.604448
0.194362 -0.006294 0.272564 1.746586 0.080301 -0.156214 -0.501068 -0.115778 -0.108530 0.077630 0.111963 1.742771 -1.569581 -0.312619 0.308804 -0.604448
0.194362 -0.006294 0.272564 1.746586 0.080301 -0.130274 -0.501068 -0.115778 -0.108530 0.077630 0.111963 1.742771 -1.569581 -0.312619 0.308804 -0.604448
0.194362 -0.006294 0.272564 1.746586 0.079919 -0.113107 -0.500687 -0.115778 -0.108530 0.077630 0.111963 1.742771 -1.569581 -0.312619 0.308804 -0.604067
0.194362 -0.006294 0.272564 1.746586 0.079919 -0.098611 -0.500687 -0.115778 -0.108530 0.077249 0.111963 1.742771 -1.569581 -0.312619 0.308804 -0.604067
0.194362 -0.006676 0.272564 1.746586 0.079919 -0.089837 -0.500687 -0.115778 -0.108530 0.077249 0.111963 1.742771 -1.569581 -0.312619 0.308804 -0.604067
0.194362 -0.006294 0.272564 1.746586 0.079919 -0.082208 -0.500687 -0.115778 -0.108530 0.077249 0.111963 1.742771 -1.569581 -0.312619 0.308804 -0.604067
0.194362 -0.006294 0.272564 1.746586 0.079919 -0.076104 -0.500687 -0.116159 -0.108530 0.077249 0.111963 1.742771 -1.569581 -0.312619 0.308804 -0.604067
0.194743 -0.006294 0.272564 1.746586 0.079156 -0.076104 -0.500687 -0.116159 -0.108148 0.077249 0.111963 1.742771 -1.569581 -0.312619 0.308804 -0.604067
0.194362 -0.006294 0.272564 1.746586 0.075723 -0.076104 -0.500687 -0.116159 -0.108530 0.077249 0.111963 1.742771 -1.569581 -0.312619 0.308804 -0.604448
0.194362 -0.006294 0.272564 1.746586 0.064660 -0.076104 -0.500687 -0.116159 -0.108148 0.077249 0.111963 1.742771 -1.569581 -0.312619 0.308804 -0.604067
0.194362 -0.006294 0.272564 1.746586 0.054360 -0.076104 -0.500687 -0.115778 -0.108148 0.077249 0.111963 1.742771 -1.569581 -0.312619 0.308804 -0.604067
0.194362 -0.006294 0.272564 1.746586 0.053216 -0.076104 -0.500305 -0.116159 -0.108148 0.077249 0.111963 1.742771 -1.569581 -0.312619 0.308804 -0.604448
0.194362 -0.006676 0.272564 1.746586 0.053216 -0.076104 -0.497253 -0.116159 -0.108148 0.077249 0.111963 1.742771 -1.569581 -0.312619 0.308804 -0.604067
0.194362 -0.006294 0.272564 1.746586 0.053216 -0.076104 -0.492676 -0.116159 -0.108148 0.077249 0.111963 1.742771 -1.569581 -0.312619 0.308804 -0.604067
0.194362 -0.006676 0.272564 1.746586 0.052834 -0.076104 -0.492676 -0.116159 -0.108530 0.077249 0.111963 1.742771 -1.569581 -0.312619 0.308804 -0.604448
0.194362 -0.006676 0.272564 1.746586 0.048257 -0.076104 -0.492676 -0.116159 -0.108148 0.077249 0.111963 1.742771 -1.569581 -0.312619 0.308804 -0.604067
0.194362 -0.006294 0.272564 1.746586 0.037575 -0.076104 -0.492676 -0.116159 -0.108148 0.077249 0.111963 1.742771 -1.569581 -0.312619 0.309186 -0.604448
0.194362 -0.006294 0.272564 1.746586 0.026131 -0.076104 -0.492294 -0.116159 -0.108530 0.077249 0.111963 1.742771 -1.569581 -0.312619 0.308804 -0.604067
0.194362 -0.006676 0.272564 1.746586 0.015450 -0.076104 -0.483902 -0.116159 -0.108530 0.077249 0.111963 1.742771 -1.569581 -0.312619 0.309186 -0.604448
0.194362 -0.006676 0.272564 1.746586 0.004005 -0.075723 -0.469024 -0.116159 -0.108530 0.077249 0.111963 1.742771 -1.569581 -0.312619 0.309186 -0.604448
0.194362 -0.006676 0.272564 1.746586 0.000572 -0.073434 -0.456054 -0.116159 -0.108530 0.077249 0.111963 1.742771 -1.569581 -0.312619 0.309186 -0.604067
0.194362 -0.006676 0.272183 1.746586 0.000191 -0.073434 -0.439651 -0.116159 -0.108530 0.077249 0.111963 1.742771 -1.569581 -0.312619 0.309186 -0.604448
0.194743 -0.006676 0.270275 1.746586 -0.002861 -0.073053 -0.428588 -0.115778 -0.108530 0.077249 0.111963 1.742771 -1.569581 -0.312619 0.309186 -0.604448
0.196269 -0.006676 0.268368 1.746586 -0.008965 -0.073053 -0.418669 -0.116159 -0.108148 0.077249 0.111963 1.742771 -1.569581 -0.312619 0.309186 -0.604448
0.196651 -0.006676 0.266461 1.746586 -0.018883 -0.072671 -0.417525 -0.116159 -0.108148 0.077249 0.111963 1.742771 -1.569581 -0.312619 0.309186 -0.604067
0.196651 -0.006676 0.264935 1.746586 -0.025750 -0.068093 -0.417525 -0.116159 -0.108530 0.077630 0.111963 1.742771 -1.569581 -0.312619 0.309186 -0.604448
0.196651 -0.006676 0.263027 1.746586 -0.027657 -0.055123 -0.417144 -0.116159 -0.108148 0.077249 0.111963 1.742771 -1.569581 -0.312619 0.309186 -0.604067
0.196651 -0.006676 0.261883 1.746586 -0.028801 -0.046731 -0.416762 -0.116159 -0.108148 0.077249 0.111963 1.742771 -1.569581 -0.312619 0.309186 -0.604067
0.196651 -0.006676 0.260739 1.746586 -0.029183 -0.046731 -0.414092 -0.116159 -0.108530 0.077630 0.111963 1.742771 -1.569581 -0.312619 0.309186 -0.604067
0.196651 -0.006676 0.257687 1.746586 -0.030327 -0.045968 -0.412184 -0.116159 -0.108530 0.077249 0.111963 1.742771 -1.569581 -0.312619 0.309186 -0.604067
0.196651 -0.006676 0.254253 1.746586 -0.032616 -0.042535 -0.400740 -0.116159 -0.108530 0.077249 0.111963 1.742771 -1.569581 -0.312619 0.309186 -0.604067
0.196651 -0.006676 0.250820 1.746586 -0.032998 -0.035286 -0.388151 -0.116159 -0.108148 0.077249 0.111963 1.742771 -1.569581 -0.312619 0.309186 -0.604067
0.196651 -0.006676 0.247768 1.746586 -0.032998 -0.020790 -0.377470 -0.116159 -0.108530 0.077249 0.111963 1.742771 -1.569581 -0.312619 0.309186 -0.604448
0.196651 -0.006676 0.244717 1.746586 -0.037957 -0.016594 -0.358015 -0.116159 -0.108530 0.077249 0.111963 1.742771 -1.569581 -0.312619 0.309186 -0.604067
0.196651 -0.006676 0.242428 1.746586 -0.048638 -0.010872 -0.344663 -0.115778 -0.108530 0.077249 0.111963 1.742771 -1.569581 -0.312619 0.309186 -0.604067
0.196651 -0.006676 0.238231 1.746586 -0.058175 0.001335 -0.330930 -0.115778 -0.108530 0.077249 0.111963 1.742771 -1.569581 -0.312619 0.309186 -0.604067
0.196651 -0.006676 0.235180 1.746586 -0.063516 0.002480 -0.314145 -0.115778 -0.108530 0.077249 0.111963 1.742771 -1.569581 -0.312619 0.309186 -0.604067
0.196651 -0.006676 0.231365 1.746586 -0.074960 0.002480 -0.296597 -0.116159 -0.108530 0.077249 0.111963 1.742771 -1.569581 -0.312619 0.309186 -0.604067
0.196651 -0.006676 0.228313 1.746586 -0.083734 0.002480 -0.282101 -0.116159 -0.108530 0.077249 0.111963 1.742771 -1.569581 -0.312619 0.309186 -0.604067
0.196651 -0.006676 0.224498 1.746586 -0.094415 0.002480 -0.271801 -0.116159 -0.108530 0.077249 0.111963 1.742771 -1.569581 -0.312619 0.309186 -0.604067
0.196651 -0.006676 0.220684 1.746586 -0.103571 0.002480 -0.266461 -0.116159 -0.108530 0.077249 0.111963 1.742771 -1.569581 -0.312619 0.309186 -0.604067
0.196651 -0.006676 0.217250 1.746586 -0.108148 0.002480 -0.264553 -0.116159 -0.108530 0.077249 0.111963 1.742771 -1.569581 -0.312619 0.309186 -0.604067
0.196651 -0.006676 0.214580 1.746586 -0.113489 0.002480 -0.264935 -0.116159 -0.108148 0.077249 0.111963 1.742771 -1.569581 -0.312619 0.309186 -0.604067
0.196651 -0.006676 0.211528 1.746586 -0.123789 0.002098 -0.264935 -0.116159 -0.108530 0.077630 0.111963 1.742771 -1.569581 -0.312619 0.309186 -0.604067
0.196651 -0.006676 0.210384 1.746586 -0.126078 0.002098 -0.264935 -0.115778 -0.108530 0.077249 0.111963 1.742771 -1.569581 -0.312619 0.309186 -0.604067
0.196651 -0.006676 0.209621 1.746586 -0.126459 0.002098 -0.264935 -0.116159 -0.108530 0.077249 0.111963 1.742771 -1.569581 -0.312619 0.309186 -0.604448
0.196651 -0.006676 0.209621 1.746586 -0.130274 0.002098 -0.264935 -0.116159 -0.108148 0.077249 0.111963 1.742771 -1.569581 -0.312619 0.309567 -0.604448
0.196651 -0.006676 0.209621 1.746586 -0.138285 0.002098 -0.265316 -0.116159 -0.108530 0.077249 0.111963 1.742771 -1.569581 -0.312619 0.309567 -0.604067
0.196651 -0.006676 0.209621 1.746586 -0.150874 0.001717 -0.265316 -0.115778 -0.108148 0.077249 0.111963 1.742771 -1.569581 -0.312238 0.309567 -0.604448
0.196651 -0.006676 0.209621 1.746586 -0.159266 0.001717 -0.265316 -0.115778 -0.108530 0.077249 0.111963 1.742771 -1.569581 -0.312619 0.309567 -0.604067
0.196651 -0.006676 0.209621 1.746586 -0.164988 0.002098 -0.264935 -0.116159 -0.108530 0.077249 0.111963 1.742771 -1.569581 -0.312619 0.309567 -0.604067
0.196651 -0.006676 0.209621 1.746586 -0.172618 0.002098 -0.264935 -0.116159 -0.108530 0.077249 0.111963 1.742771 -1.569581 -0.312619 0.309567 -0.604067
0.196651 -0.006676 0.209621 1.746586 -0.175288 0.002098 -0.264935 -0.115778 -0.108530 0.077249 0.111963 1.742771 -1.569581 -0.312619 0.309567 -0.604448
0.196651 -0.006676 0.209621 1.746586 -0.174907 0.002098 -0.264935 -0.116159 -0.108148 0.077249 0.111963 1.742771 -1.569581 -0.312619 0.309949 -0.604067
0.196651 -0.006676 0.209621 1.746586 -0.174525 0.002098 -0.264935 -0.115778 -0.108148 0.077249 0.111963 1.742771 -1.569581 -0.312238 0.309949 -0.604067
0.196651 -0.006676 0.208476 1.746586 -0.174525 0.002098 -0.264935 -0.115778 -0.108148 0.077249 0.111963 1.742771 -1.569581 -0.312238 0.309949 -0.604067
0.196651 -0.006676 0.205806 1.746586 -0.174525 0.002098 -0.264935 -0.116159 -0.108148 0.077249 0.111963 1.742771 -1.569581 -0.312619 0.309949 -0.604067
0.196651 -0.006676 0.200847 1.746586 -0.174525 0.002098 -0.264935 -0.116159 -0.108148 0.077249 0.111963 1.742771 -1.569581 -0.312619 0.309949 -0.604067
0.196269 -0.006676 0.195125 1.746586 -0.174525 0.002098 -0.264935 -0.115778 -0.108148 0.077249 0.111963 1.742771 -1.569581 -0.312619 0.309949 -0.604067
0.196269 -0.006676 0.188258 1.746586 -0.174525 0.002098 -0.264935 -0.115778 -0.108148 0.077249 0.111963 1.742771 -1.569581 -0.312619 0.309949 -0.604067
0.196269 -0.006676 0.180629 1.746586 -0.174144 0.001717 -0.264935 -0.116159 -0.108148 0.077249 0.111963 1.742771 -1.569581 -0.312619 0.309949 -0.604067
0.195125 -0.006676 0.172999 1.746586 -0.174144 0.001335 -0.264935 -0.115778 -0.108148 0.077249 0.111963 1.742771 -1.569581 -0.312619 0.309949 -0.604067
0.193599 -0.006676 0.165751 1.746586 -0.174144 0.000954 -0.264553 -0.115778 -0.108148 0.077249 0.111963 1.742771 -1.569581 -0.312619 0.310330 -0.604067
0.190547 -0.006676 0.156977 1.746586 -0.174144 0.000572 -0.264935 -0.115778 -0.108148 0.077249 0.111963 1.742771 -1.569581 -0.312619 0.310330 -0.604067
0.185206 -0.006676 0.150492 1.746586 -0.174144 0.000572 -0.264935 -0.116159 -0.108148 0.077630 0.111963 1.742771 -1.569581 -0.312619 0.309949 -0.604067
0.175288 -0.006676 0.142100 1.746586 -0.174144 0.000572 -0.261501 -0.115778 -0.108148 0.077249 0.111963 1.742771 -1.569581 -0.312619 0.310330 -0.604067
0.166133 -0.006676 0.134470 1.746586 -0.174144 0.000572 -0.260739 -0.115778 -0.108148 0.077249 0.111963 1.742771 -1.569581 -0.312619 0.309949 -0.604067
0.155070 -0.006676 0.127222 1.746586 -0.174907 0.000572 -0.256924 -0.115778 -0.108148 0.077249 0.111963 1.742771 -1.569581 -0.312619 0.309949 -0.604067
0.143244 -0.006676 0.122644 1.746586 -0.174525 0.000572 -0.245098 -0.115778 -0.108148 0.077249 0.111963 1.742771 -1.569581 -0.312619 0.309949 -0.604067
0.127604 -0.006676 0.118830 1.746586 -0.174525 0.000572 -0.219921 -0.116159 -0.108530 0.077249 0.111963 1.742771 -1.569581 -0.312619 0.309949 -0.604067
0.109674 -0.006676 0.116922 1.746586 -0.174525 0.000954 -0.180629 -0.116159 -0.108148 0.077249 0.111963 1.742771 -1.569581 -0.312619 0.309949 -0.604067
0.092126 -0.006676 0.117304 1.746586 -0.174525 0.000954 -0.134852 -0.115778 -0.108148 0.077249 0.111963 1.742771 -1.569581 -0.312619 0.309949 -0.604448
0.075723 -0.006676 0.117304 1.746586 -0.174525 0.000954 -0.096323 -0.116159 -0.108148 0.077249 0.111963 1.742771 -1.569581 -0.313001 0.309949 -0.604448
0.055123 -0.006676 0.117304 1.746586 -0.174525 0.000572 -0.047112 -0.116159 -0.108148 0.077249 0.111963 1.742771 -1.569581 -0.312619 0.309949 -0.604067
0.036812 -0.006676 0.117304 1.746586 -0.174525 0.000572 -0.015068 -0.116159 -0.108148 0.077249 0.111963 1.742771 -1.569581 -0.312619 0.309949 -0.604067
0.019265 -0.006676 0.117304 1.746586 -0.174907 0.000572 0.007057 -0.116159 -0.108148 0.077249 0.111963 1.742771 -1.569581 -0.312619 0.309949 -0.604448
0.004387 -0.006676 0.117304 1.746586 -0.174525 0.000572 0.023079 -0.116159 -0.108148 0.077249 0.111963 1.742771 -1.569581 -0.313001 0.309949 -0.604448
-0.015450 -0.006676 0.117304 1.746586 -0.174525 0.000572 0.041390 -0.116159 -0.108148 0.077249 0.111963 1.742771 -1.569581 -0.313001 0.310330 -0.604067
-0.036812 -0.006676 0.117304 1.746586 -0.174525 0.000572 0.061990 -0.116541 -0.108530 0.077249 0.111963 1.742771 -1.569581 -0.313001 0.310330 -0.604067
-0.059701 -0.006676 0.117304 1.746586 -0.174525 0.000572 0.089075 -0.116159 -0.108148 0.077249 0.111963 1.742771 -1.569581 -0.313001 0.310330 -0.604067
-0.077630 -0.006676 0.117304 1.746586 -0.174525 0.000572 0.118830 -0.116541 -0.108148 0.077249 0.111963 1.742771 -1.569581 -0.313001 0.310330 -0.604067
-0.095560 -0.006676 0.117304 1.746586 -0.174525 0.000572 0.141337 -0.116159 -0.108148 0.077249 0.111963 1.742771 -1.569581 -0.313001 0.310330 -0.604067
-0.110056 -0.006676 0.117304 1.746586 -0.174525 0.000954 0.161555 -0.116159 -0.108148 0.077249 0.111963 1.742771 -1.569581 -0.313001 0.310330 -0.604448
-0.124170 -0.006676 0.117304 1.746586 -0.174144 0.000572 0.182536 -0.116159 -0.108148 0.077249 0.111963 1.742771 -1.569581 -0.313001 0.310330 -0.604067
-0.136759 -0.006676 0.117304 1.746586 -0.174144 0.000572 0.196651 -0.116541 -0.108148 0.077249 0.111963 1.742771 -1.569581 -0.313001 0.310330 -0.604448
-0.148966 -0.006676 0.117304 1.746586 -0.174144 0.000572 0.210765 -0.116541 -0.108148 0.077249 0.111963 1.742771 -1.569581 -0.313001 0.310330 -0.604448
-0.157359 -0.006676 0.117304 1.746586 -0.174525 0.000954 0.218395 -0.116541 -0.108148 0.077249 0.111963 1.742771 -1.569581 -0.313001 0.310330 -0.604067
-0.166896 -0.006676 0.117304 1.746586 -0.174144 0.000572 0.227550 -0.116541 -0.108148 0.077249 0.111963 1.742771 -1.569581 -0.313001 0.310330 -0.604448
-0.174144 -0.006676 0.117304 1.746586 -0.174525 0.000954 0.236706 -0.116541 -0.108148 0.077249 0.111963 1.742771 -1.569581 -0.313001 0.310330 -0.604067
-0.180247 -0.006676 0.117304 1.746586 -0.174144 0.000572 0.240520 -0.116541 -0.108148 0.077249 0.111963 1.742771 -1.569581 -0.313001 0.310330 -0.604067
-0.186351 -0.006676 0.117304 1.746204 -0.174144 0.000572 0.241665 -0.116541 -0.108148 0.077249 0.111963 1.742771 -1.569581 -0.313001 0.310330 -0.604448
-0.191310 -0.006676 0.116922 1.746204 -0.174144 0.000572 0.246624 -0.116541 -0.108148 0.077249 0.111963 1.742771 -1.569581 -0.313001 0.310330 -0.604067
-0.196269 -0.006676 0.116922 1.746204 -0.174144 0.000572 0.247768 -0.116541 -0.108148 0.077249 0.111963 1.742771 -1.569581 -0.313001 0.310330 -0.604448
-0.201228 -0.006676 0.116922 1.746204 -0.174144 0.000572 0.248150 -0.116541 -0.108148 0.077249 0.111963 1.742771 -1.569581 -0.313001 0.310330 -0.604448
-0.205806 -0.006676 0.116922 1.746204 -0.173762 0.000572 0.248150 -0.116541 -0.108148 0.077249 0.111963 1.742771 -1.569581 -0.313382 0.310330 -0.604067
-0.210765 -0.006676 0.116922 1.746204 -0.172618 0.000572 0.247768 -0.116541 -0.108148 0.077249 0.111963 1.742771 -1.569581 -0.313001 0.310712 -0.604067
-0.218013 -0.006676 0.116922 1.746204 -0.170329 0.000572 0.248531 -0.116541 -0.108148 0.077249 0.111963 1.742771 -1.569581 -0.313001 0.310712 -0.604448
-0.223354 -0.006676 0.115778 1.746204 -0.170329 0.000572 0.248531 -0.116541 -0.108148 0.077249 0.111963 1.742771 -1.569581 -0.313001 0.311475 -0.604067
-0.229076 -0.006676 0.113489 1.746204 -0.170329 0.000572 0.248531 -0.116541 -0.108148 0.077249 0.111963 1.742771 -1.569581 -0.313001 0.312619 -0.604067
-0.235943 -0.006676 0.111200 1.746204 -0.170329 0.000954 0.254635 -0.116541 -0.108148 0.077249 0.111963 1.742771 -1.569581 -0.313001 0.313764 -0.604067
-0.239376 -0.006676 0.110056 1.746204 -0.170329 0.000954 0.262646 -0.116541 -0.108148 0.077249 0.111963 1.742771 -1.569581 -0.313001 0.313382 -0.604448
-0.240902 -0.006676 0.108911 1.746204 -0.169947 0.000954 0.262646 -0.116541 -0.108148 0.077249 0.111963 1.742771 -1.569581 -0.313001 0.313382 -0.604448
-0.240902 -0.006676 0.107767 1.746204 -0.170329 0.000954 0.262646 -0.116541 -0.108148 0.077249 0.111963 1.742771 -1.569581 -0.313001 0.313382 -0.604067
-0.240520 -0.006676 0.107767 1.746204 -0.169947 0.000954 0.262646 -0.116541 -0.108148 0.077249 0.111963 1.742771 -1.569581 -0.313001 0.313382 -0.604448
-0.240520 -0.006676 0.107004 1.746204 -0.170329 0.000954 0.262646 -0.116541 -0.108148 0.077249 0.111963 1.742771 -1.569581 -0.313001 0.313764 -0.604067
-0.240520 -0.006676 0.105859 1.746204 -0.170329 0.000954 0.262646 -0.116541 -0.108148 0.077249 0.111963 1.742771 -1.569581 -0.313001 0.313764 -0.604067
-0.241283 -0.006676 0.105859 1.746204 -0.170329 0.000954 0.262264 -0.116541 -0.108148 0.077249 0.111963 1.742771 -1.569581 -0.313001 0.313764 -0.604067
-0.241665 -0.006676 0.105859 1.746204 -0.170329 0.000572 0.262264 -0.116541 -0.108148 0.077249 0.111963 1.742771 -1.569581 -0.313001 0.313382 -0.604067
-0.242428 -0.006676 0.105859 1.746204 -0.170329 0.000572 0.262264 -0.116541 -0.108148 0.077249 0.111963 1.742771 -1.569581 -0.313001 0.313382 -0.604067
-0.244335 -0.006676 0.105859 1.746204 -0.169947 0.000572 0.262646 -0.116541 -0.108148 0.077249 0.111963 1.742771 -1.569581 -0.313001 0.313382 -0.604067
-0.245098 -0.006676 0.105859 1.746204 -0.170329 0.000191 0.262646 -0.116541 -0.108148 0.077249 0.111963 1.742771 -1.569581 -0.313001 0.313382 -0.604067
-0.246624 -0.006676 0.105859 1.746204 -0.169947 0.000191 0.262646 -0.116541 -0.108148 0.077249 0.111963 1.742771 -1.569581 -0.313001 0.313382 -0.604067
-0.249294 -0.006676 0.105859 1.746204 -0.169184 0.000572 0.264172 -0.116541 -0.108148 0.077249 0.111963 1.742771 -1.569581 -0.313001 0.313382 -0.604067
-0.251202 -0.006676 0.105859 1.746204 -0.162318 0.000954 0.271801 -0.117685 -0.108148 0.077249 0.111963 1.742771 -1.569581 -0.313001 0.313382 -0.604067
-0.253109 -0.006676 0.105097 1.746204 -0.147822 0.000572 0.280194 -0.125315 -0.108148 0.077249 0.111963 1.742771 -1.569581 -0.313001 0.313382 -0.604067
-0.255016 -0.006676 0.103952 1.746204 -0.135996 0.000572 0.286679 -0.136759 -0.108148 0.077249 0.111963 1.742771 -1.569581 -0.313001 0.313382 -0.604448
-0.255779 -0.006676 0.103952 1.746204 -0.128748 0.000572 0.288586 -0.147059 -0.108148 0.077249 0.111963 1.742771 -1.569581 -0.313001 0.313382 -0.604448
-0.255779 -0.007057 0.103571 1.746204 -0.119593 0.000954 0.288586 -0.156596 -0.108148 0.077249 0.111963 1.742771 -1.569581 -0.313382 0.313382 -0.604067
-0.255398 -0.007057 0.101663 1.745441 -0.117685 0.000572 0.288586 -0.158122 -0.108148 0.077249 0.111963 1.742771 -1.569581 -0.313001 0.313382 -0.604067
-0.255398 -0.006676 0.098230 1.745441 -0.117685 0.000572 0.288586 -0.158122 -0.108148 0.077249 0.111963 1.742771 -1.569581 -0.313382 0.313764 -0.604448
-0.255398 -0.007057 0.095941 1.745441 -0.117304 0.000572 0.288586 -0.158122 -0.108148 0.077249 0.111963 1.742771 -1.569581 -0.313001 0.313382 -0.604448
-0.255779 -0.007057 0.091745 1.745441 -0.117685 0.000191 0.288205 -0.158122 -0.108148 0.077249 0.111963 1.742771 -1.569581 -0.313001 0.313382 -0.604067
-0.255779 -0.007057 0.089456 1.745441 -0.117685 -0.000191 0.288205 -0.157740 -0.108148 0.077249 0.111963 1.742771 -1.569581 -0.313382 0.313382 -0.604448
-0.255779 -0.007057 0.086023 1.745441 -0.116159 -0.004005 0.288205 -0.157740 -0.108148 0.077249 0.111963 1.742771 -1.569581 -0.313382 0.313382 -0.604067
-0.256161 -0.007057 0.084115 1.745441 -0.107004 -0.007820 0.288205 -0.157740 -0.108148 0.077249 0.111963 1.742771 -1.569581 -0.313382 0.313764 -0.604067
-0.258068 -0.007057 0.083734 1.745060 -0.088312 -0.011635 0.288205 -0.157740 -0.108148 0.077249 0.111963 1.742771 -1.569581 -0.313382 0.313764 -0.604067
-0.258450 -0.006676 0.083734 1.745060 -0.077249 -0.012779 0.285916 -0.157740 -0.108148 0.077249 0.111963 1.742771 -1.569581 -0.313382 0.313764 -0.604067
-0.261120 -0.006676 0.083734 1.745060 -0.062753 -0.014687 0.284009 -0.157740 -0.107767 0.077249 0.111963 1.742771 -1.569581 -0.313382 0.313764 -0.604067
-0.263790 -0.006676 0.083734 1.745060 -0.056649 -0.014305 0.284771 -0.157740 -0.107767 0.077630 0.111963 1.742771 -1.569581 -0.313382 0.313764 -0.604067
-0.266079 -0.007057 0.083734 1.745060 -0.055505 -0.014305 0.285153 -0.157740 -0.108148 0.077249 0.111963 1.742771 -1.569581 -0.313382 0.313764 -0.604067
-0.266842 -0.006676 0.083734 1.745060 -0.052834 -0.014305 0.284771 -0.157740 -0.108148 0.077249 0.111963 1.742771 -1.569581 -0.313382 0.313764 -0.604067
-0.266461 -0.006676 0.083734 1.745060 -0.049020 -0.014305 0.284771 -0.157740 -0.108148 0.077249 0.111963 1.742771 -1.569581 -0.313001 0.313764 -0.604067
-0.266079 -0.006676 0.083734 1.745060 -0.046349 -0.014305 0.285153 -0.157740 -0.108148 0.077249 0.111963 1.742771 -1.569581 -0.313382 0.313764 -0.604067
-0.266079 -0.006676 0.083734 1.745060 -0.046349 -0.014305 0.285153 -0.157740 -0.108148 0.077249 0.111963 1.742771 -1.569581 -0.313382 0.313764 -0.604067
-0.266079 -0.006676 0.083734 1.745060 -0.046349 -0.014305 0.285153 -0.157740 -0.108148 0.077249 0.111963 1.742771 -1.569581 -0.313382 0.313764 -0.604067
-0.266079 -0.006676 0.083734 1.745060 -0.046349 -0.014305 0.285153 -0.157740 -0.108148 0.077249 0.111963 1.742771 -1.569581 -0.313382 0.313764 -0.604067
-0.266079 -0.006676 0.083734 1.745060 -0.046349 -0.014305 0.285153 -0.157740 -0.108148 0.077249 0.111963 1.742771 -1.569581 -0.313382 0.313764 -0.604067
-0.266461 -0.006676 0.083734 1.745060 -0.046349 -0.014305 0.284771 -0.157740 -0.108148 0.077249 0.111963 1.742771 -1.569581 -0.313382 0.313764 -0.604448
-0.266461 -0.006676 0.083734 1.745060 -0.046349 -0.014305 0.284771 -0.157740 -0.107767 0.077249 0.111963 1.742771 -1.569581 -0.313382 0.313764 -0.604067
-0.266461 -0.006676 0.083734 1.745060 -0.046349 -0.014687 0.284771 -0.157740 -0.108148 0.077249 0.111963 1.742771 -1.569581 -0.313382 0.313764 -0.604067
-0.266079 -0.006676 0.083734 1.745060 -0.046349 -0.014305 0.284771 -0.157740 -0.108148 0.077249 0.111963 1.742771 -1.569581 -0.313382 0.313764 -0.604067
-0.266079 -0.006676 0.083734 1.745060 -0.046349 -0.014305 0.284771 -0.157740 -0.108148 0.077249 0.111963 1.742771 -1.569581 -0.313382 0.313764 -0.604067
-0.266079 -0.006676 0.083734 1.745060 -0.046349 -0.014687 0.284771 -0.157740 -0.108148 0.077249 0.111963 1.742771 -1.569581 -0.313382 0.313764 -0.604067
-0.266079 -0.006676 0.083734 1.745060 -0.046349 -0.014305 0.284390 -0.157740 -0.108148 0.077249 0.111963 1.742771 -1.569581 -0.313382 0.313764 -0.604067
-0.266079 -0.006676 0.083734 1.745441 -0.046349 -0.014305 0.284390 -0.157740 -0.108148 0.077249 0.111963 1.742771 -1.569581 -0.313382 0.313764 -0.604067
-0.266461 -0.006676 0.083734 1.745441 -0.046349 -0.014305 0.284390 -0.157740 -0.107767 0.077249 0.111963 1.742771 -1.569581 -0.313382 0.313764 -0.604067
-0.266461 -0.006676 0.083734 1.745441 -0.046349 -0.014305 0.284390 -0.157740 -0.108148 0.077249 0.111963 1.742771 -1.569581 -0.313382 0.313764 -0.604067
-0.266079 -0.006676 0.083734 1.745441 -0.046349 -0.014305 0.284771 -0.157740 -0.108148 0.077249 0.111963 1.742771 -1.569581 -0.313001 0.313764 -0.604448
-0.266079 -0.006676 0.083734 1.745441 -0.046349 -0.014305 0.284390 -0.157359 -0.108148 0.077249 0.111963 1.742771 -1.569581 -0.313382 0.313764 -0.604067
-0.266079 -0.006294 0.083734 1.745441 -0.046349 -0.014687 0.284390 -0.157740 -0.108148 0.077249 0.111963 1.742771 -1.569581 -0.313382 0.313764 -0.604067
-0.266079 -0.006294 0.083734 1.745441 -0.046349 -0.014305 0.284390 -0.157740 -0.107767 0.077249 0.111963 1.742771 -1.569581 -0.313382 0.313764 -0.604067
-0.266079 -0.006294 0.083734 1.745441 -0.046349 -0.014687 0.284390 -0.157359 -0.107767 0.077249 0.111963 1.742771 -1.569581 -0.313382 0.313764 -0.604067
-0.266079 -0.006294 0.083734 1.745441 -0.046349 -0.014305 0.284390 -0.157740 -0.108148 0.077249 0.111963 1.742771 -1.569581 -0.313001 0.313764 -0.604067
-0.266079 -0.006676 0.083734 1.745441 -0.046349 -0.014305 0.284390 -0.157740 -0.108148 0.077249 0.111963 1.742771 -1.569581 -0.313382 0.313764 -0.604067
-0.266079 -0.006294 0.083734 1.745441 -0.046349 -0.014305 0.284771 -0.157359 -0.108148 0.077249 0.111963 1.742771 -1.569581 -0.313001 0.313764 -0.604067
-0.266079 -0.006294 0.083734 1.745441 -0.046349 -0.014305 0.284771 -0.157740 -0.108148 0.077249 0.111963 1.742771 -1.569581 -0.313382 0.313382 -0.604067
-0.266079 -0.006676 0.083734 1.745441 -0.046349 -0.014305 0.284390 -0.157740 -0.108148 0.077249 0.111963 1.742771 -1.569581 -0.313001 0.313382 -0.604448
-0.266079 -0.006676 0.083734 1.745441 -0.046349 -0.014305 0.284771 -0.157740 -0.108148 0.077630 0.111963 1.742771 -1.569581 -0.313001 0.313382 -0.604067
-0.266079 -0.006294 0.083734 1.745441 -0.046349 -0.014305 0.284771 -0.157359 -0.108148 0.077630 0.111963 1.742771 -1.569581 -0.313001 0.313382 -0.604067
-0.266079 -0.006676 0.083734 1.745441 -0.046349 -0.014305 0.284771 -0.157740 -0.108148 0.077630 0.111963 1.742771 -1.569581 -0.313001 0.313382 -0.604067
-0.266079 -0.006294 0.083734 1.745441 -0.046349 -0.014305 0.284771 -0.157359 -0.108148 0.077249 0.111963 1.742771 -1.569581 -0.313001 0.313382 -0.604067
-0.266079 -0.006676 0.083734 1.745441 -0.046731 -0.014305 0.284771 -0.157740 -0.108148 0.077249 0.111963 1.742771 -1.569581 -0.313001 0.313382 -0.604067
-0.266079 -0.006676 0.083734 1.745441 -0.046349 -0.014305 0.284771 -0.157740 -0.108148 0.077249 0.111963 1.742771 -1.569581 -0.313001 0.313382 -0.604067
-0.266079 -0.006676 0.083734 1.745441 -0.046349 -0.014305 0.284771 -0.157740 -0.108148 0.077249 0.111963 1.742771 -1.569581 -0.313001 0.313382 -0.604067
-0.266079 -0.006676 0.083734 1.745441 -0.046349 -0.014305 0.284771 -0.157740 -0.108148 0.077630 0.111963 1.742771 -1.569581 -0.313001 0.313382 -0.604067
-0.266079 -0.006676 0.083734 1.745441 -0.046349 -0.014305 0.284771 -0.157359 -0.108148 0.077249 0.111963 1.742771 -1.569581 -0.313001 0.313382 -0.604067
-0.266079 -0.006676 0.083734 1.745441 -0.046349 -0.014305 0.284771 -0.157359 -0.107767 0.077630 0.111963 1.742771 -1.569581 -0.313001 0.313382 -0.604067
-0.266079 -0.006676 0.083734 1.745441 -0.046349 -0.014305 0.284771 -0.157359 -0.107767 0.077249 0.111963 1.742771 -1.569581 -0.313001 0.313382 -0.604067
-0.266079 -0.006676 0.083734 1.745441 -0.046349 -0.014305 0.284771 -0.157359 -0.107767 0.077630 0.111963 1.742771 -1.569581 -0.313001 0.313382 -0.604067
-0.266079 -0.006676 0.083734 1.745441 -0.046349 -0.014305 0.284771 -0.157740 -0.108148 0.077249 0.111963 1.742771 -1.569581 -0.313001 0.313382 -0.604448
-0.266079 -0.006676 0.083734 1.745441 -0.046349 -0.014305 0.284771 -0.157359 -0.107767 0.077249 0.111963 1.742771 -1.569581 -0.313001 0.313382 -0.604448
-0.266079 -0.006294 0.083734 1.745441 -0.046349 -0.014305 0.284771 -0.157359 -0.108148 0.077630 0.111963 1.742771 -1.569581 -0.313001 0.313382 -0.604067
-0.266461 -0.006676 0.083734 1.745441 -0.046349 -0.014305 0.284771 -0.157359 -0.108148 0.077249 0.111963 1.742771 -1.569581 -0.313001 0.313382 -0.604067
-0.266079 -0.006294 0.083734 1.745441 -0.046349 -0.014305 0.284771 -0.157359 -0.107767 0.077249 0.111963 1.742771 -1.569581 -0.313001 0.313382 -0.604067
-0.266079 -0.006676 0.083734 1.745441 -0.046349 -0.014305 0.284771 -0.157359 -0.108148 0.077630 0.111963 1.742771 -1.569581 -0.313001 0.313382 -0.604067
-0.266079 -0.006676 0.083734 1.745441 -0.046349 -0.014305 0.284771 -0.157359 -0.108148 0.077630 0.111963 1.742771 -1.569581 -0.313001 0.313382 -0.604067
-0.266079 -0.006294 0.083734 1.745441 -0.046731 -0.014305 0.284771 -0.157740 -0.108148 0.077630 0.111963 1.742771 -1.569581 -0.313001 0.313382 -0.604067
-0.266079 -0.006676 0.083734 1.745441 -0.046731 -0.014305 0.284771 -0.157359 -0.107767 0.077249 0.111963 1.742771 -1.569581 -0.313001 0.313382 -0.604067
-0.266079 -0.006676 0.083734 1.745441 -0.046731 -0.014305 0.284771 -0.157740 -0.107767 0.077630 0.111963 1.742771 -1.569581 -0.313001 0.313382 -0.604067
-0.266461 -0.006294 0.083734 1.745441 -0.046731 -0.014305 0.284771 -0.157740 -0.107767 0.077630 0.111963 1.742771 -1.569581 -0.313001 0.313382 -0.604067
-0.266461 -0.006676 0.083734 1.745441 -0.046349 -0.014305 0.284771 -0.157359 -0.107767 0.077630 0.111963 1.742771 -1.569581 -0.313001 0.313382 -0.604067
-0.266461 -0.006676 0.083734 1.745441 -0.046731 -0.014305 0.284771 -0.157740 -0.107767 0.077630 0.111963 1.742771 -1.569581 -0.313001 0.313382 -0.604067
-0.266079 -0.006294 0.083734 1.745441 -0.046731 -0.014305 0.284771 -0.157740 -0.108148 0.077630 0.111963 1.742771 -1.569581 -0.313001 0.313382 -0.604067
-0.266461 -0.006676 0.083734 1.745441 -0.046731 -0.014305 0.284771 -0.157359 -0.107767 0.077630 0.111963 1.742771 -1.569581 -0.313001 0.313382 -0.604067
-0.266461 -0.006676 0.083734 1.745441 -0.046349 -0.014305 0.284771 -0.157359 -0.108148 0.077630 0.111963 1.742771 -1.569581 -0.313001 0.313382 -0.604067
-0.266461 -0.006676 0.083734 1.745441 -0.046349 -0.014305 0.284771 -0.157359 -0.107767 0.077249 0.111963 1.742771 -1.569581 -0.313001 0.313382 -0.604067
-0.266079 -0.006294 0.083734 1.745441 -0.046731 -0.014305 0.284771 -0.157359 -0.107767 0.077249 0.111963 1.742771 -1.569581 -0.313001 0.313382 -0.604067
-0.266079 -0.006676 0.083734 1.745441 -0.046731 -0.014305 0.284771 -0.157740 -0.107767 0.077630 0.111963 1.742771 -1.569581 -0.313001 0.313382 -0.604067
-0.266461 -0.006294 0.083734 1.745441 -0.046349 -0.014305 0.284771 -0.157359 -0.107767 0.077630 0.111963 1.742771 -1.569581 -0.313001 0.313382 -0.604067
-0.266461 -0.006676 0.083734 1.745441 -0.046349 -0.014305 0.284390 -0.157740 -0.108148 0.077249 0.111963 1.742771 -1.569581 -0.313001 0.313382 -0.604067
-0.266461 -0.006676 0.083734 1.745441 -0.046349 -0.014305 0.284771 -0.157359 -0.108148 0.077630 0.111963 1.742771 -1.569581 -0.313001 0.313382 -0.604067
-0.266079 -0.006676 0.083734 1.745441 -0.046349 -0.014305 0.284771 -0.157740 -0.107767 0.077630 0.111963 1.742771 -1.569581 -0.313001 0.313382 -0.604067
-0.266079 -0.006676 0.083734 1.745441 -0.046349 -0.014305 0.284771 -0.157740 -0.108148 0.077630 0.111963 1.742771 -1.569581 -0.313001 0.313382 -0.604067
-0.266461 -0.006676 0.083734 1.745441 -0.046349 -0.014305 0.284390 -0.157359 -0.107767 0.077249 0.111963 1.742771 -1.569581 -0.313001 0.313382 -0.604067
-0.266461 -0.006676 0.083734 1.745441 -0.046349 -0.014305 0.284771 -0.157740 -0.107767 0.077630 0.111963 1.742771 -1.569581 -0.313001 0.313382 -0.604067
-0.266461 -0.006676 0.083734 1.745441 -0.046349 -0.014305 0.284771 -0.157740 -0.108148 0.077249 0.111963 1.742771 -1.569581 -0.313001 0.313382 -0.604067
-0.266079 -0.006676 0.083734 1.745441 -0.046349 -0.014305 0.284771 -0.157359 -0.107767 0.077249 0.111963 1.742771 -1.569581 -0.313001 0.313382 -0.604067
-0.266461 -0.006676 0.083734 1.745441 -0.046349 -0.014305 0.284771 -0.157359 -0.108148 0.077249 0.111963 1.742771 -1.569581 -0.313001 0.313382 -0.604067
-0.266461 -0.006676 0.083734 1.745441 -0.046349 -0.014305 0.284771 -0.157359 -0.107767 0.077630 0.111963 1.742771 -1.569581 -0.313001 0.313382 -0.604067
-0.266461 -0.006676 0.083734 1.745441 -0.046731 -0.014305 0.284771 -0.157359 -0.107767 0.077630 0.111963 1.742771 -1.569581 -0.313001 0.313382 -0.604067
-0.266079 -0.006294 0.083734 1.745441 -0.046731 -0.014305 0.284771 -0.157740 -0.107767 0.077630 0.111963 1.742771 -1.569581 -0.313001 0.313382 -0.604067
-0.266079 -0.006676 0.083734 1.745441 -0.046349 -0.014305 0.284771 -0.157359 -0.107767 0.077249 0.111963 1.742771 -1.569581 -0.313001 0.313382 -0.604067
-0.266461 -0.006676 0.083734 1.745441 -0.046349 -0.014305 0.284771 -0.157359 -0.107767 0.077630 0.111963 1.742771 -1.569581 -0.313001 0.313382 -0.604067
-0.266461 -0.006294 0.083734 1.745441 -0.046731 -0.014305 0.284771 -0.157740 -0.108148 0.077630 0.111963 1.742771 -1.569581 -0.313001 0.313382 -0.604067
-0.266461 -0.006294 0.083734 1.745441 -0.046349 -0.014305 0.284771 -0.157359 -0.107767 0.077630 0.111963 1.742771 -1.569581 -0.313001 0.313382 -0.604067
-0.266079 -0.006676 0.083734 1.745441 -0.046731 -0.014305 0.284771 -0.157359 -0.108148 0.077249 0.111963 1.742771 -1.569581 -0.313001 0.313382 -0.604067
-0.266461 -0.006294 0.083734 1.745441 -0.046349 -0.014305 0.284771 -0.157359 -0.107767 0.077630 0.111963 1.742771 -1.569581 -0.313001 0.313382 -0.604067
-0.266461 -0.006676 0.083734 1.745441 -0.046731 -0.014305 0.284771 -0.157740 -0.107767 0.077630 0.111963 1.742771 -1.569581 -0.313001 0.313382 -0.604067
-0.266461 -0.006294 0.083734 1.745441 -0.046349 -0.014305 0.284771 -0.157359 -0.107767 0.077630 0.111963 1.742771 -1.569581 -0.313001 0.313382 -0.604067
-0.266079 -0.006294 0.083734 1.745441 -0.046349 -0.014305 0.284771 -0.157359 -0.107767 0.077630 0.111963 1.742771 -1.569581 -0.313001 0.313382 -0.604067
-0.266461 -0.006294 0.083734 1.745441 -0.046349 -0.014305 0.284771 -0.157359 -0.108148 0.077249 0.111963 1.742771 -1.569581 -0.313001 0.313382 -0.604067
-0.266461 -0.006676 0.083734 1.745441 -0.046349 -0.014305 0.284771 -0.157740 -0.107767 0.077249 0.111963 1.742771 -1.569581 -0.313001 0.313382 -0.604067
-0.266079 -0.006676 0.083734 1.745441 -0.046731 -0.014305 0.284771 -0.157740 -0.108148 0.077630 0.111963 1.742771 -1.569581 -0.313001 0.313382 -0.604067
-0.266461 -0.006676 0.083734 1.745441 -0.046349 -0.014305 0.284771 -0.157740 -0.107767 0.077630 0.111963 1.742771 -1.569581 -0.313001 0.313382 -0.604448
-0.266461 -0.006676 0.083734 1.745441 -0.046349 -0.014305 0.284771 -0.157359 -0.107767 0.077630 0.111963 1.742771 -1.569581 -0.313001 0.313382 -0.604067
-0.266079 -0.006676 0.083734 1.745441 -0.046349 -0.014305 0.284771 -0.157359 -0.108148 0.077630 0.111963 1.742771 -1.569581 -0.313001 0.313382 -0.604067
-0.266079 -0.006676 0.083734 1.745441 -0.046349 -0.014305 0.284771 -0.157740 -0.108148 0.077249 0.111963 1.742771 -1.569581 -0.313001 0.313382 -0.604067
-0.266461 -0.006294 0.083734 1.745441 -0.046349 -0.014305 0.284771 -0.157359 -0.108148 0.077249 0.111963 1.742771 -1.569581 -0.313001 0.313382 -0.604067
-0.266079 -0.006294 0.083734 1.745441 -0.046349 -0.014305 0.284771 -0.157359 -0.107767 0.077630 0.111963 1.742771 -1.569581 -0.313001 0.313382 -0.604067
-0.266079 -0.006676 0.083734 1.745441 -0.046731 -0.014305 0.284771 -0.157359 -0.107767 0.077630 0.111963 1.742771 -1.569581 -0.313001 0.313382 -0.604067
-0.266079 -0.006676 0.083734 1.745441 -0.046349 -0.014305 0.284771 -0.157359 -0.107767 0.077630 0.111963 1.742771 -1.569581 -0.313001 0.313382 -0.604067
-0.266461 -0.006676 0.083734 1.745441 -0.046731 -0.014305 0.284771 -0.157359 -0.107767 0.077630 0.111963 1.742771 -1.569581 -0.313001 0.313382 -0.604067
-0.266079 -0.006676 0.083734 1.745441 -0.046731 -0.014305 0.284771 -0.157359 -0.108148 0.077630 0.111963 1.742771 -1.569581 -0.313001 0.313382 -0.604448
-0.266079 -0.006676 0.083734 1.745441 -0.046349 -0.014305 0.284771 -0.157740 -0.107767 0.077630 0.111963 1.742771 -1.569581 -0.313001 0.313382 -0.604067
-0.266461 -0.006294 0.083734 1.745441 -0.046349 -0.014305 0.284771 -0.157359 -0.107767 0.077630 0.111963 1.742771 -1.569581 -0.313001 0.313382 -0.604067
-0.266461 -0.006676 0.083734 1.745441 -0.046731 -0.014305 0.284771 -0.157740 -0.107767 0.077630 0.111963 1.742771 -1.569581 -0.313001 0.313382 -0.604067
-0.266461 -0.006676 0.083734 1.745441 -0.046731 -0.014305 0.284771 -0.157740 -0.108148 0.077249 0.111963 1.742771 -1.569581 -0.313001 0.313382 -0.604067
-0.266079 -0.006676 0.083734 1.745441 -0.046349 -0.014305 0.284771 -0.157359 -0.108148 0.077630 0.111963 1.742771 -1.569581 -0.313001 0.313382 -0.604067
-0.266079 -0.006294 0.083734 1.745441 -0.046349 -0.014305 0.284771 -0.157740 -0.107767 0.077630 0.111963 1.742771 -1.569581 -0.313001 0.313382 -0.604067
-0.266461 -0.006676 0.083734 1.745441 -0.046349 -0.014305 0.284771 -0.157740 -0.107767 0.077630 0.111963 1.742771 -1.569581 -0.313001 0.313382 -0.604067
-0.266461 -0.006676 0.083734 1.745441 -0.046349 -0.014305 0.284771 -0.157359 -0.107767 0.077630 0.111963 1.742771 -1.569581 -0.313001 0.313382 -0.604067
-0.266461 -0.006294 0.083734 1.745441 -0.046731 -0.014305 0.284771 -0.157359 -0.107767 0.077630 0.111963 1.742771 -1.569581 -0.313001 0.313382 -0.604067
-0.266461 -0.006294 0.083734 1.745441 -0.046349 -0.014305 0.284771 -0.157359 -0.107767 0.077630 0.111963 1.742771 -1.569581 -0.313001 0.313382 -0.604067
-0.266079 -0.006294 0.083734 1.745441 -0.046349 -0.014305 0.284771 -0.157359 -0.107767 0.077630 0.111963 1.742771 -1.569581 -0.313001 0.313382 -0.604067
-0.266079 -0.006294 0.083734 1.745441 -0.046349 -0.014305 0.284771 -0.157359 -0.107767 0.077630 0.111963 1.742771 -1.569581 -0.313001 0.313382 -0.604067
-0.266461 -0.006294 0.083734 1.745441 -0.046349 -0.014305 0.284771 -0.157359 -0.107767 0.077249 0.111963 1.742771 -1.569581 -0.313001 0.313382 -0.604067
-0.266461 -0.006676 0.083734 1.745441 -0.046349 -0.014305 0.284771 -0.157359 -0.107767 0.077630 0.111963 1.742771 -1.569581 -0.313001 0.313382 -0.604067
-0.266461 -0.006676 0.083734 1.745441 -0.046349 -0.014305 0.284771 -0.157740 -0.108148 0.077249 0.111963 1.742771 -1.569581 -0.313001 0.313382 -0.604067
-0.266461 -0.006294 0.083734 1.745441 -0.046731 -0.014305 0.284771 -0.157359 -0.108148 0.077630 0.111963 1.742771 -1.569581 -0.313001 0.313382 -0.604067
-0.266461 -0.006676 0.083734 1.745441 -0.046349 -0.014305 0.284771 -0.157359 -0.107767 0.077630 0.111963 1.742771 -1.569581 -0.313001 0.313382 -0.604067
-0.266461 -0.006676 0.083734 1.745441 -0.046349 -0.014305 0.284771 -0.157359 -0.108148 0.077630 0.111963 1.742771 -1.569581 -0.313001 0.313382 -0.604067
-0.266461 -0.006676 0.083734 1.745441 -0.046349 -0.014305 0.284771 -0.157740 -0.108148 0.077249 0.111963 1.742771 -1.569581 -0.313001 0.313382 -0.604067
-0.266079 -0.006676 0.083734 1.745441 -0.046349 -0.014305 0.284771 -0.157740 -0.107767 0.077249 0.111963 1.742771 -1.569581 -0.313001 0.313382 -0.604067
-0.266461 -0.006676 0.083734 1.745441 -0.046731 -0.014305 0.284771 -0.157359 -0.107767 0.077630 0.111963 1.742771 -1.569581 -0.313001 0.313382 -0.604067
-0.266079 -0.006676 0.083734 1.745441 -0.046349 -0.014305 0.284771 -0.157740 -0.108148 0.077630 0.111963 1.742771 -1.569581 -0.313001 0.313382 -0.604067
-0.266461 -0.006676 0.083734 1.745441 -0.046349 -0.014305 0.284771 -0.157740 -0.107767 0.077630 0.111963 1.742771 -1.569581 -0.313001 0.313382 -0.604067
-0.266461 -0.006676 0.083734 1.745441 -0.046731 -0.014305 0.284771 -0.157359 -0.107767 0.077630 0.111963 1.742771 -1.569581 -0.313001 0.313382 -0.604067
-0.266079 -0.006676 0.083734 1.745441 -0.046349 -0.014305 0.284771 -0.157740 -0.107767 0.077630 0.111963 1.742771 -1.569581 -0.313001 0.313382 -0.604067
-0.266461 -0.006294 0.083734 1.745441 -0.046349 -0.014305 0.284771 -0.157740 -0.108148 0.077630 0.111963 1.742771 -1.569581 -0.313001 0.313382 -0.604067
-0.266461 -0.006294 0.083734 1.745441 -0.046349 -0.014305 0.284771 -0.157359 -0.107767 0.077630 0.111963 1.742771 -1.569581 -0.313001 0.313382 -0.604067
-0.266079 -0.006676 0.083734 1.745441 -0.046349 -0.014305 0.284771 -0.157740 -0.108148 0.077630 0.111963 1.742771 -1.569581 -0.313001 0.313382 -0.604067
-0.266461 -0.006294 0.083734 1.745441 -0.046731 -0.014305 0.284771 -0.157359 -0.108148 0.077630 0.111963 1.742771 -1.569581 -0.313001 0.313382 -0.604067
-0.266079 -0.006676 0.083734 1.745441 -0.046349 -0.014305 0.284771 -0.157359 -0.108148 0.077630 0.111963 1.742771 -1.569581 -0.313001 0.313382 -0.604067
-0.266079 -0.006676 0.083734 1.745441 -0.046349 -0.014305 0.284771 -0.157359 -0.108148 0.077630 0.111963 1.742771 -1.569581 -0.313001 0.313382 -0.604067
-0.266461 -0.006676 0.083734 1.745441 -0.046349 -0.014305 0.284771 -0.157740 -0.107767 0.077630 0.111963 1.742771 -1.569581 -0.313001 0.313382 -0.604067
-0.266461 -0.006676 0.083734 1.745441 -0.046349 -0.014305 0.284771 -0.157359 -0.107767 0.077630 0.111963 1.742771 -1.569581 -0.313001 0.313382 -0.604067
-0.266079 -0.006676 0.083734 1.745441 -0.046349 -0.014305 0.284771 -0.157359 -0.108148 0.077249 0.111963 1.742771 -1.569581 -0.313001 0.313382 -0.604067
-0.266461 -0.006676 0.083734 1.745441 -0.046731 -0.014305 0.284771 -0.157740 -0.108148 0.077630 0.111963 1.742771 -1.569581 -0.313001 0.313382 -0.604067
-0.266461 -0.006676 0.083734 1.745441 -0.046349 -0.014305 0.284771 -0.157359 -0.107767 0.077249 0.111963 1.742771 -1.569581 -0.313001 0.313382 -0.604067
-0.266461 -0.006676 0.083734 1.745441 -0.046349 -0.014305 0.284771 -0.157740 -0.107767 0.077630 0.111963 1.742771 -1.569581 -0.313001 0.313382 -0.604067
-0.266461 -0.006676 0.083734 1.745441 -0.046731 -0.014305 0.284771 -0.157359 -0.107767 0.077249 0.111963 1.742771 -1.569581 -0.313001 0.313382 -0.604067
-0.266461 -0.006676 0.083734 1.745441 -0.046349 -0.014305 0.284771 -0.157359 -0.107767 0.077249 0.111963 1.742771 -1.569581 -0.313001 0.313382 -0.604067
-0.266461 -0.006676 0.083734 1.745441 -0.046349 -0.014305 0.284771 -0.157359 -0.108148 0.077630 0.111963 1.742771 -1.569581 -0.313001 0.313382 -0.604067
-0.266079 -0.006676 0.083734 1.745441 -0.046731 -0.014305 0.284771 -0.157359 -0.108148 0.077249 0.111963 1.742771 -1.569581 -0.313001 0.313382 -0.604067
-0.266079 -0.006676 0.083734 1.745441 -0.046731 -0.014305 0.284771 -0.157359 -0.108148 0.077249 0.111963 1.742771 -1.569581 -0.313001 0.313382 -0.604067
-0.266079 -0.006676 0.083734 1.745441 -0.046731 -0.014305 0.284771 -0.157359 -0.107767 0.077630 0.111963 1.742771 -1.569581 -0.313001 0.313382 -0.604067
-0.266079 -0.006676 0.083734 1.745441 -0.046731 -0.014305 0.284771 -0.157740 -0.107767 0.077249 0.111963 1.742771 -1.569581 -0.313001 0.313382 -0.604067
-0.266461 -0.006676 0.083734 1.745441 -0.046731 -0.014305 0.284771 -0.157359 -0.107767 0.077630 0.111963 1.742771 -1.569581 -0.313001 0.313382 -0.604067
-0.266079 -0.006676 0.083734 1.745441 -0.046349 -0.014305 0.284771 -0.157740 -0.108148 0.077630 0.111963 1.742771 -1.569581 -0.313001 0.313382 -0.604067
-0.266461 -0.006676 0.083734 1.745441 -0.046349 -0.014305 0.284771 -0.157740 -0.108148 0.077249 0.111963 1.742771 -1.569581 -0.313001 0.313382 -0.604067
-0.266079 -0.006294 0.083734 1.745441 -0.046349 -0.014305 0.284771 -0.157740 -0.107767 0.077630 0.111963 1.742771 -1.569581 -0.313001 0.313382 -0.604067
-0.266461 -0.006676 0.083734 1.745441 -0.046349 -0.014305 0.284771 -0.157359 -0.107767 0.077630 0.111963 1.742771 -1.569581 -0.313001 0.313382 -0.604067
-0.266461 -0.006676 0.083734 1.745441 -0.046349 -0.014305 0.284771 -0.157359 -0.108148 0.077630 0.111963 1.742771 -1.569581 -0.313001 0.313382 -0.604067
-0.266461 -0.006676 0.083734 1.745441 -0.046349 -0.014305 0.284771 -0.157740 -0.107767 0.077630 0.111963 1.742771 -1.569581 -0.313001 0.313382 -0.604067
-0.266461 -0.006676 0.083734 1.745441 -0.046349 -0.014305 0.284771 -0.157359 -0.107767 0.077630 0.111963 1.742771 -1.569581 -0.313001 0.313382 -0.604067
-0.266461 -0.006676 0.083734 1.745441 -0.046349 -0.014305 0.284771 -0.157359 -0.107767 0.077630 0.111963 1.742771 -1.569581 -0.313001 0.313382 -0.604067
-0.266461 -0.006676 0.083734 1.745441 -0.046349 -0.014305 0.284771 -0.157740 -0.107767 0.077630 0.111963 1.742771 -1.569581 -0.313001 0.313382 -0.604067
-0.266461 -0.006294 0.083734 1.745441 -0.046349 -0.014305 0.284771 -0.157359 -0.107767 0.077630 0.111963 1.742771 -1.569581 -0.313001 0.313382 -0.604067
-0.266079 -0.006676 0.083734 1.745441 -0.046349 -0.014305 0.284771 -0.157740 -0.107767 0.077630 0.111963 1.742771 -1.569581 -0.313001 0.313382 -0.604067
-0.266079 -0.006676 0.083734 1.745441 -0.046349 -0.014305 0.284771 -0.157740 -0.108148 0.077630 0.111963 1.742771 -1.569581 -0.313001 0.313382 -0.604067
-0.266079 -0.006676 0.083734 1.745441 -0.046349 -0.014305 0.284771 -0.157359 -0.107767 0.077630 0.111963 1.742771 -1.569581 -0.313001 0.313382 -0.604067
-0.266461 -0.006676 0.083734 1.745441 -0.046349 -0.014305 0.284771 -0.157359 -0.108148 0.077630 0.111963 1.742771 -1.569581 -0.313001 0.313382 -0.604067
