# left 8 right 8
-0.052834 -0.087167 -0.024605 1.549744 0.276379 -0.605211 0.014305 0.000191 -0.285153 -0.185969 0.383192 1.783589 -0.167277 0.716220 0.243191 -0.004387
-0.052834 -0.087167 -0.024605 1.549744 0.276379 -0.605211 0.014305 -0.000191 -0.285153 -0.185969 0.383192 1.783589 -0.167277 0.716220 0.243191 -0.004387
-0.052834 -0.086786 -0.024605 1.549744 0.276379 -0.605211 0.014305 0.000191 -0.285153 -0.185969 0.383192 1.783589 -0.167277 0.716220 0.243191 -0.004387
-0.052834 -0.087167 -0.024605 1.549744 0.276379 -0.605211 0.014305 -0.000191 -0.285153 -0.185969 0.383192 1.783589 -0.167277 0.716220 0.243191 -0.004387
-0.052834 -0.087167 -0.024605 1.549744 0.276379 -0.605211 0.014305 -0.000191 -0.285153 -0.185969 0.383192 1.783589 -0.167277 0.716220 0.243191 -0.004387
-0.052834 -0.087167 -0.024605 1.549744 0.276379 -0.605211 0.014305 0.000191 -0.285153 -0.185969 0.383192 1.783589 -0.167277 0.716220 0.243191 -0.004387
-0.052834 -0.087167 -0.024605 1.549744 0.276379 -0.605211 0.014305 0.000191 -0.285153 -0.185969 0.383192 1.783589 -0.167277 0.716220 0.243191 -0.004387
-0.052834 -0.087167 -0.024605 1.549744 0.276379 -0.605211 0.014305 -0.000191 -0.285153 -0.185969 0.383192 1.783589 -0.167277 0.716220 0.243191 -0.004387
-0.052834 -0.087167 -0.024605 1.549744 0.276379 -0.605211 0.014305 -0.000191 -0.285153 -0.185969 0.383192 1.783589 -0.167277 0.716220 0.243191 -0.004387
-0.052834 -0.086786 -0.024605 1.549744 0.276379 -0.605211 0.014305 0.000191 -0.285153 -0.185969 0.383192 1.783589 -0.167277 0.716220 0.243191 -0.004768
-0.052834 -0.087167 -0.024605 1.549744 0.276379 -0.605211 0.014305 0.000191 -0.285153 -0.185969 0.383192 1.783589 -0.167277 0.716220 0.243191 -0.004387
-0.052834 -0.087167 -0.024605 1.549744 0.276379 -0.605211 0.014305 -0.000191 -0.285153 -0.185969 0.383192 1.783589 -0.167277 0.716220 0.243191 -0.004387
-0.052834 -0.086786 -0.024605 1.549744 0.276379 -0.605211 0.014305 0.000191 -0.285153 -0.185969 0.383192 1.783589 -0.167277 0.716220 0.243191 -0.004387
-0.052834 -0.087167 -0.024605 1.549744 0.276379 -0.605211 0.014305 -0.000191 -0.285153 -0.185969 0.383192 1.783589 -0.167277 0.716220 0.243191 -0.004387
-0.052834 -0.087167 -0.024605 1.549744 0.276379 -0.605211 0.014305 -0.000191 -0.285153 -0.185969 0.383192 1.783589 -0.167277 0.716220 0.243191 -0.004387
-0.052834 -0.087167 -0.024605 1.549744 0.276379 -0.605211 0.014305 0.000191 -0.285153 -0.185969 0.383192 1.783589 -0.167277 0.716220 0.243191 -0.004387
-0.052834 -0.087167 -0.024605 1.549744 0.276379 -0.605211 0.014305 0.000191 -0.285153 -0.185969 0.383192 1.783589 -0.167277 0.716220 0.243191 -0.004387
-0.052834 -0.086786 -0.024605 1.549744 0.276379 -0.605211 0.014305 -0.000191 -0.285153 -0.185969 0.383192 1.783589 -0.167277 0.716220 0.243191 -0.004387
-0.052834 -0.086786 -0.024605 1.549744 0.276379 -0.605211 0.014305 -0.000191 -0.285153 -0.185969 0.383192 1.783589 -0.167277 0.716220 0.243191 -0.004387
-0.052834 -0.087167 -0.024605 1.549744 0.276379 -0.605211 0.014305 0.000191 -0.285153 -0.185969 0.383192 1.783589 -0.167277 0.716220 0.243191 -0.004387
-0.052834 -0.086786 -0.024605 1.549744 0.276379 -0.605211 0.014305 0.000191 -0.285153 -0.185969 0.383192 1.783589 -0.167277 0.716220 0.243191 -0.004387
-0.052834 -0.087167 -0.024605 1.549744 0.276379 -0.605211 0.014305 -0.000191 -0.285153 -0.185969 0.383192 1.783589 -0.167277 0.716220 0.243191 -0.004387
-0.052834 -0.086786 -0.024605 1.549744 0.276379 -0.605211 0.014305 0.000191 -0.285153 -0.185969 0.383192 1.783589 -0.167277 0.716220 0.243191 -0.004387
-0.052834 -0.087167 -0.024605 1.549744 0.276379 -0.605211 0.014305 0.000191 -0.285153 -0.185969 0.383192 1.783589 -0.167277 0.716220 0.243191 -0.004387
-0.052834 -0.087167 -0.024605 1.549744 0.276379 -0.605211 0.014305 0.000191 -0.285153 -0.185969 0.383192 1.783589 -0.167277 0.716220 0.243191 -0.004387
-0.052834 -0.087167 -0.024605 1.549744 0.276379 -0.605211 0.014305 -0.000191 -0.285153 -0.185969 0.383192 1.783589 -0.167277 0.716220 0.242809 -0.004768
-0.052834 -0.086786 -0.024605 1.549744 0.276379 -0.605211 0.014305 0.000191 -0.285153 -0.185969 0.383192 1.783589 -0.167277 0.716220 0.243191 -0.004387
-0.052834 -0.086786 -0.024605 1.549744 0.276379 -0.605211 0.014305 0.000191 -0.285153 -0.185969 0.383192 1.783589 -0.167277 0.716220 0.242809 -0.004768
-0.052834 -0.087167 -0.024605 1.549744 0.276379 -0.605211 0.014305 0.000191 -0.285153 -0.185969 0.383192 1.783589 -0.167277 0.716220 0.243191 -0.004768
-0.052834 -0.087167 -0.024605 1.549744 0.276379 -0.605211 0.014305 -0.000191 -0.285153 -0.185969 0.383192 1.783589 -0.167277 0.716220 0.242809 -0.004387
-0.052834 -0.086786 -0.024605 1.549744 0.276379 -0.605211 0.014305 0.000191 -0.285153 -0.185969 0.383192 1.783589 -0.167277 0.716220 0.243191 -0.004387
-0.052834 -0.087167 -0.024605 1.549744 0.276379 -0.605211 0.014305 0.000191 -0.285153 -0.185969 0.383192 1.783589 -0.167659 0.716220 0.243191 -0.004768
-0.052834 -0.086786 -0.024605 1.549744 0.276379 -0.605211 0.014305 0.000191 -0.285153 -0.185969 0.383192 1.783589 -0.168040 0.716220 0.243191 -0.004768
-0.052834 -0.087167 -0.024605 1.549744 0.276379 -0.605211 0.014305 -0.000191 -0.285153 -0.185969 0.383192 1.783589 -0.171473 0.716220 0.243191 -0.004768
-0.052834 -0.087167 -0.024605 1.549744 0.276379 -0.605211 0.014305 0.000191 -0.285153 -0.185969 0.383192 1.783589 -0.176814 0.716220 0.243191 -0.004387
-0.052834 -0.086786 -0.024605 1.549744 0.276379 -0.605211 0.014305 0.000191 -0.285153 -0.185969 0.383192 1.783589 -0.184443 0.716220 0.243191 -0.004768
-0.052834 -0.087167 -0.024605 1.549744 0.276379 -0.605211 0.014305 0.000191 -0.285153 -0.185969 0.383192 1.783589 -0.191691 0.716220 0.243191 -0.004387
-0.052834 -0.087167 -0.024605 1.549744 0.276379 -0.605211 0.014305 0.000191 -0.285153 -0.185969 0.383192 1.783589 -0.197795 0.716220 0.243191 -0.004387
-0.052834 -0.086786 -0.024605 1.549744 0.276379 -0.605211 0.014305 0.000191 -0.285153 -0.185969 0.383192 1.783589 -0.197795 0.716220 0.243191 -0.004387
-0.052834 -0.087167 -0.024605 1.549744 0.276379 -0.605211 0.014305 0.000191 -0.285153 -0.185969 0.383192 1.783589 -0.197414 0.716220 0.243191 -0.004768
-0.052453 -0.087167 -0.024605 1.549744 0.276379 -0.605211 0.014305 0.000191 -0.284771 -0.185969 0.383192 1.783589 -0.197414 0.716220 0.245098 -0.004768
-0.052834 -0.087167 -0.024605 1.549744 0.276379 -0.605211 0.014305 -0.000191 -0.284771 -0.185969 0.383192 1.783589 -0.197414 0.716220 0.255016 -0.004387
-0.052834 -0.086786 -0.024605 1.549744 0.276379 -0.605211 0.014305 -0.000191 -0.284771 -0.185969 0.383192 1.783589 -0.197414 0.716220 0.266461 -0.004387
-0.052834 -0.087167 -0.024605 1.549744 0.276379 -0.605211 0.014305 0.000191 -0.284771 -0.185969 0.383192 1.783589 -0.197795 0.716220 0.274090 -0.004387
-0.052834 -0.086786 -0.024605 1.549744 0.276379 -0.605211 0.014305 -0.000191 -0.284771 -0.185969 0.383192 1.783589 -0.197795 0.716220 0.277523 -0.004387
-0.052834 -0.087167 -0.024605 1.549744 0.276379 -0.605211 0.014305 0.000191 -0.284771 -0.185969 0.383192 1.783970 -0.197795 0.716220 0.277142 -0.004387
-0.052834 -0.086786 -0.024605 1.549744 0.276379 -0.605211 0.014305 -0.000191 -0.285153 -0.185969 0.383192 1.783970 -0.197795 0.716220 0.277142 -0.004387
-0.052453 -0.087167 -0.024605 1.549744 0.276379 -0.605211 0.014305 0.000191 -0.285153 -0.185969 0.383192 1.783970 -0.198177 0.716220 0.276379 -0.004387
-0.052834 -0.087167 -0.024605 1.549744 0.276379 -0.605211 0.014305 -0.000191 -0.285153 -0.185969 0.383192 1.783970 -0.201610 0.716220 0.276379 -0.004387
-0.052834 -0.086786 -0.024605 1.549744 0.276379 -0.605211 0.014305 0.000191 -0.285153 -0.185969 0.383192 1.783970 -0.201610 0.716220 0.276379 -0.004387
-0.052834 -0.087167 -0.024605 1.549744 0.276379 -0.605211 0.014305 0.000191 -0.285153 -0.185969 0.383192 1.783970 -0.201610 0.716220 0.276761 -0.004387
-0.052834 -0.087167 -0.024605 1.549744 0.276379 -0.605211 0.014305 0.000191 -0.285153 -0.185969 0.383192 1.783970 -0.201610 0.716220 0.276379 -0.004387
-0.052834 -0.087167 -0.024605 1.549744 0.276379 -0.605211 0.014305 -0.000191 -0.285153 -0.185969 0.383192 1.783970 -0.201610 0.716220 0.276379 -0.004387
-0.052834 -0.087167 -0.024605 1.549744 0.276379 -0.605211 0.014305 0.000191 -0.285153 -0.185969 0.383192 1.783970 -0.201610 0.716220 0.276379 -0.004387
-0.052834 -0.086786 -0.024605 1.549744 0.276379 -0.605211 0.014305 0.000191 -0.285153 -0.185969 0.383192 1.783970 -0.202373 0.716220 0.275998 -0.004387
-0.052453 -0.087167 -0.024605 1.549744 0.276379 -0.605211 0.014305 -0.000191 -0.285534 -0.185969 0.383192 1.783970 -0.210384 0.716220 0.275616 -0.004387
-0.052834 -0.086786 -0.024605 1.549744 0.276379 -0.605211 0.014305 0.000191 -0.285534 -0.185969 0.383192 1.783970 -0.226024 0.716220 0.275616 -0.004387
-0.052834 -0.086786 -0.024605 1.549744 0.276379 -0.605211 0.014305 0.000191 -0.285534 -0.185969 0.383192 1.783970 -0.243191 0.716220 0.275616 -0.004768
-0.052834 -0.087167 -0.024605 1.549744 0.276379 -0.605211 0.014305 -0.000191 -0.285534 -0.185969 0.383192 1.783970 -0.258831 0.716220 0.275616 -0.004768
-0.052834 -0.086786 -0.024605 1.549744 0.276379 -0.605211 0.014305 0.000191 -0.285534 -0.185969 0.383192 1.783970 -0.269894 0.716220 0.276379 -0.004387
-0.052834 -0.087167 -0.024605 1.549744 0.276379 -0.605211 0.014305 -0.000191 -0.285153 -0.185969 0.383192 1.783970 -0.272564 0.716220 0.276761 -0.004387
-0.052834 -0.087167 -0.024605 1.549744 0.276379 -0.605211 0.014305 0.000191 -0.285153 -0.185969 0.383192 1.783970 -0.272183 0.716220 0.277142 -0.004387
-0.052834 -0.087167 -0.024605 1.549744 0.276379 -0.605211 0.014305 -0.000191 -0.285153 -0.185969 0.383192 1.783970 -0.272183 0.716220 0.277523 -0.004387
-0.052834 -0.087167 -0.024605 1.549744 0.276379 -0.605211 0.014305 0.000191 -0.284771 -0.185969 0.382811 1.783970 -0.271801 0.715839 0.278286 -0.004387
-0.052834 -0.086786 -0.024605 1.549744 0.276379 -0.605211 0.014305 -0.000191 -0.284771 -0.185969 0.381666 1.783970 -0.271801 0.716220 0.281338 -0.004387
-0.052834 -0.087167 -0.024605 1.549744 0.276379 -0.605211 0.014305 0.000191 -0.284771 -0.185969 0.380140 1.783970 -0.271801 0.716220 0.285916 -0.004387
-0.052834 -0.087167 -0.024605 1.549744 0.276379 -0.605211 0.014305 -0.000191 -0.285153 -0.185969 0.378614 1.783970 -0.271801 0.716220 0.288586 -0.004387
-0.052834 -0.086786 -0.024605 1.549744 0.276379 -0.605211 0.014305 -0.000191 -0.285153 -0.185969 0.377470 1.783970 -0.272183 0.716220 0.288586 -0.004387
-0.052834 -0.087167 -0.024605 1.549744 0.276379 -0.605211 0.014305 -0.000191 -0.285153 -0.185969 0.377470 1.783970 -0.271801 0.716220 0.288586 -0.004768
-0.052834 -0.087167 -0.024605 1.549744 0.276379 -0.605211 0.014305 0.000191 -0.285153 -0.185969 0.377470 1.783970 -0.272183 0.716220 0.288205 -0.004387
-0.052834 -0.087167 -0.024605 1.549744 0.276379 -0.605211 0.014305 -0.000191 -0.285153 -0.185969 0.377470 1.783970 -0.272183 0.716220 0.288205 -0.004387
-0.052834 -0.086786 -0.024605 1.549744 0.276379 -0.605211 0.014305 0.000191 -0.285153 -0.185969 0.377470 1.783970 -0.272183 0.716220 0.288205 -0.004387
-0.052834 -0.087167 -0.024605 1.549744 0.276379 -0.605211 0.014305 -0.000191 -0.284771 -0.185969 0.377470 1.784352 -0.271801 0.716220 0.289349 -0.004387
-0.052453 -0.087167 -0.024605 1.549744 0.276379 -0.605211 0.014305 0.000191 -0.284771 -0.185969 0.377470 1.784733 -0.272564 0.716220 0.299649 -0.004387
-0.052834 -0.087167 -0.024605 1.549744 0.276379 -0.605211 0.014305 0.000191 -0.284771 -0.185969 0.377470 1.784733 -0.272564 0.716220 0.320249 -0.004387
-0.052834 -0.086786 -0.024605 1.549744 0.276379 -0.605211 0.014305 0.000191 -0.284771 -0.185969 0.377470 1.785115 -0.272564 0.715839 0.347715 -0.004387
-0.052834 -0.087167 -0.024605 1.549744 0.276379 -0.605211 0.014305 0.000191 -0.284771 -0.185969 0.377470 1.787022 -0.272946 0.715839 0.374418 -0.004387
-0.052834 -0.087167 -0.024605 1.549744 0.276379 -0.605211 0.014305 0.000191 -0.284771 -0.185969 0.377470 1.789693 -0.277523 0.715839 0.396925 -0.004387
-0.052453 -0.087167 -0.024605 1.549744 0.276379 -0.605211 0.014305 -0.000191 -0.284771 -0.185969 0.377470 1.795796 -0.285916 0.715839 0.415618 -0.004387
-0.052453 -0.087167 -0.024605 1.549744 0.276379 -0.605211 0.014305 -0.000191 -0.284771 -0.185969 0.377470 1.806477 -0.303082 0.716220 0.438506 -0.004387
-0.052834 -0.087167 -0.024605 1.549744 0.276379 -0.605211 0.014305 0.000191 -0.284771 -0.185969 0.377470 1.817159 -0.319867 0.716220 0.452239 -0.004387
-0.052834 -0.086786 -0.024605 1.549744 0.276379 -0.605211 0.014305 0.000191 -0.284771 -0.185969 0.377470 1.831273 -0.338178 0.716220 0.462158 -0.004387
-0.052834 -0.087167 -0.024605 1.549744 0.276379 -0.604829 0.014305 -0.000191 -0.284771 -0.185969 0.377470 1.845769 -0.354963 0.716220 0.473983 -0.004387
-0.052834 -0.086786 -0.024605 1.549744 0.276379 -0.605211 0.014305 0.000191 -0.284390 -0.185969 0.377470 1.858740 -0.364118 0.716220 0.491150 -0.004387
-0.052834 -0.087167 -0.024605 1.549744 0.276379 -0.605211 0.014305 0.000191 -0.284771 -0.185969 0.377470 1.875906 -0.380140 0.716220 0.515946 -0.004387
-0.052834 -0.087167 -0.024605 1.549744 0.276379 -0.605211 0.014305 0.000191 -0.284390 -0.185969 0.377470 1.895361 -0.404555 0.715839 0.539979 -0.004387
-0.052834 -0.087167 -0.024605 1.549744 0.276379 -0.605211 0.014305 0.000191 -0.284009 -0.185969 0.377470 1.912909 -0.431258 0.715839 0.561723 -0.004387
-0.052453 -0.087167 -0.024605 1.549744 0.276761 -0.605211 0.014305 -0.000191 -0.284009 -0.185969 0.377470 1.930457 -0.461776 0.716220 0.579652 -0.004387
-0.052453 -0.086786 -0.024605 1.549744 0.276761 -0.605211 0.014305 0.000191 -0.282101 -0.185969 0.375181 1.951820 -0.500305 0.715839 0.594148 -0.004387
-0.052834 -0.086786 -0.024605 1.549744 0.276379 -0.604829 0.014305 0.000191 -0.279431 -0.185969 0.372129 1.970893 -0.539597 0.715457 0.601778 -0.004387
-0.052834 -0.087167 -0.024605 1.549744 0.276761 -0.604829 0.014305 0.000191 -0.275998 -0.185969 0.366789 1.989204 -0.582704 0.715457 0.605592 -0.004768
-0.052834 -0.087167 -0.024605 1.549744 0.276761 -0.605211 0.014305 0.000191 -0.271801 -0.185969 0.359922 2.008278 -0.630007 0.715076 0.607118 -0.004768
-0.052453 -0.087167 -0.024605 1.549744 0.276761 -0.605211 0.014305 -0.000191 -0.266079 -0.185969 0.351148 2.023156 -0.673114 0.714694 0.607118 -0.004768
-0.052834 -0.087167 -0.024605 1.549744 0.276379 -0.605211 0.014305 -0.000191 -0.259976 -0.185969 0.340848 2.037270 -0.720035 0.711643 0.607500 -0.004768
-0.052834 -0.087167 -0.024605 1.549744 0.276379 -0.605211 0.014305 0.000191 -0.253109 -0.185969 0.326734 2.055200 -0.775349 0.711643 0.608263 -0.004768
-0.052834 -0.087167 -0.024605 1.549744 0.276379 -0.605211 0.014305 -0.000191 -0.248913 -0.185969 0.318341 2.064736 -0.805867 0.711643 0.609789 -0.004768
-0.052453 -0.087167 -0.024605 1.549744 0.276379 -0.605211 0.014305 0.000191 -0.245480 -0.185969 0.307660 2.074273 -0.836385 0.709735 0.612459 -0.004768
-0.052834 -0.087167 -0.024605 1.549744 0.276379 -0.605211 0.014305 -0.000191 -0.243572 -0.185969 0.296216 2.085718 -0.864996 0.704776 0.616655 -0.004768
-0.052834 -0.087167 -0.024605 1.549744 0.276761 -0.605211 0.014305 0.000191 -0.243191 -0.185969 0.284390 2.098306 -0.890936 0.704395 0.621233 -0.004768
-0.052834 -0.086786 -0.024605 1.549744 0.276379 -0.605211 0.014305 0.000191 -0.243191 -0.185969 0.273709 2.112802 -0.911154 0.701724 0.624285 -0.004768
-0.052834 -0.087167 -0.024605 1.549744 0.276761 -0.605211 0.014305 0.000191 -0.243191 -0.185969 0.261883 2.129969 -0.935187 0.697910 0.627337 -0.004768
-0.052834 -0.086786 -0.024605 1.549744 0.276379 -0.604829 0.014305 0.000191 -0.243191 -0.185969 0.249294 2.147135 -0.956168 0.696384 0.629244 -0.004768
-0.052834 -0.087167 -0.024605 1.549744 0.276379 -0.605211 0.014305 0.000191 -0.243191 -0.185969 0.236706 2.165064 -0.975242 0.689899 0.628862 -0.004768
-0.052834 -0.087167 -0.024605 1.549744 0.276379 -0.604829 0.014305 -0.000191 -0.243191 -0.185969 0.222972 2.183757 -0.996986 0.681888 0.628862 -0.004768
-0.052834 -0.086786 -0.024605 1.549744 0.276379 -0.605211 0.014305 0.000191 -0.243191 -0.185969 0.208095 2.203593 -1.021782 0.679217 0.628862 -0.004768
-0.052834 -0.087167 -0.024605 1.549744 0.276379 -0.605211 0.014305 0.000191 -0.243191 -0.185969 0.194743 2.221141 -1.048486 0.667391 0.628862 -0.004768
-0.052834 -0.087167 -0.024605 1.549744 0.276379 -0.605211 0.014305 0.000191 -0.243191 -0.185969 0.179103 2.237163 -1.073281 0.654803 0.628862 -0.004768
-0.052834 -0.087167 -0.024605 1.549744 0.276761 -0.605211 0.014305 -0.000191 -0.243191 -0.185969 0.164988 2.249752 -1.098840 0.635729 0.628862 -0.004768
-0.052834 -0.087167 -0.024605 1.549744 0.276761 -0.605211 0.014305 0.000191 -0.243191 -0.185969 0.152018 2.259670 -1.121729 0.613603 0.628862 -0.004768
-0.052453 -0.087167 -0.024605 1.549744 0.276761 -0.605211 0.014305 -0.000191 -0.243191 -0.185969 0.139811 2.268444 -1.144236 0.593385 0.628481 -0.004768
-0.052453 -0.087167 -0.024605 1.549744 0.276761 -0.604829 0.014305 -0.000191 -0.243191 -0.185969 0.125315 2.279126 -1.170176 0.562104 0.628481 -0.004768
-0.052834 -0.086786 -0.024605 1.549744 0.276761 -0.605211 0.014305 -0.000191 -0.243191 -0.185969 0.110819 2.288281 -1.194209 0.535782 0.628481 -0.004768
-0.052834 -0.087167 -0.024605 1.549744 0.276761 -0.605211 0.014305 -0.000191 -0.243191 -0.185969 0.098611 2.297055 -1.214427 0.506409 0.628481 -0.004768
-0.052834 -0.087167 -0.024605 1.549744 0.276761 -0.605211 0.014305 0.000191 -0.243191 -0.185969 0.087930 2.303922 -1.228542 0.481231 0.628099 -0.004768
-0.052834 -0.087167 -0.024605 1.549744 0.276761 -0.605211 0.014305 -0.000191 -0.242809 -0.185969 0.079919 2.309644 -1.243038 0.461395 0.628099 -0.004768
-0.052834 -0.087167 -0.024605 1.549744 0.276761 -0.605211 0.014305 0.000191 -0.243191 -0.185969 0.070382 2.314984 -1.256390 0.429351 0.627718 -0.004768
-0.052834 -0.087167 -0.024605 1.549744 0.276761 -0.605211 0.014305 0.000191 -0.242809 -0.185969 0.063516 2.319562 -1.266308 0.407607 0.625811 -0.004768
-0.052834 -0.087167 -0.024605 1.549744 0.276761 -0.605211 0.014305 -0.000191 -0.243191 -0.186351 0.057031 2.324903 -1.276989 0.382429 0.624666 -0.004768
-0.052834 -0.087167 -0.024605 1.549744 0.276761 -0.605211 0.014305 0.000191 -0.242809 -0.185969 0.051690 2.329862 -1.292248 0.364500 0.625048 -0.004768
-0.052453 -0.086786 -0.024605 1.549744 0.276379 -0.605211 0.014305 0.000191 -0.242809 -0.185969 0.046349 2.337110 -1.309796 0.347333 0.624666 -0.004387
-0.052834 -0.087167 -0.024605 1.549744 0.276761 -0.605211 0.014305 0.000191 -0.243191 -0.185969 0.039483 2.346647 -1.325437 0.324826 0.624666 -0.004387
-0.052834 -0.087167 -0.024605 1.549744 0.276761 -0.605211 0.014305 -0.000191 -0.242428 -0.186351 0.033761 2.357328 -1.340314 0.316052 0.624666 -0.004387
-0.052834 -0.087167 -0.024605 1.549744 0.276761 -0.605211 0.014305 0.000191 -0.239757 -0.186351 0.029564 2.368391 -1.354047 0.315290 0.624666 -0.004768
-0.052453 -0.087167 -0.024605 1.549744 0.276761 -0.605211 0.014305 0.000191 -0.233654 -0.185969 0.024605 2.379835 -1.370451 0.315290 0.624285 -0.004768
-0.052834 -0.086786 -0.024605 1.549744 0.276761 -0.605211 0.014305 0.000191 -0.225261 -0.185969 0.021172 2.388991 -1.381132 0.314908 0.621996 -0.004768
-0.052834 -0.087167 -0.024605 1.549744 0.276761 -0.605211 0.014305 0.000191 -0.213817 -0.185969 0.018883 2.399672 -1.389525 0.315290 0.615129 -0.004768
-0.052453 -0.087167 -0.024605 1.549744 0.276761 -0.605211 0.014305 0.000191 -0.201610 -0.185969 0.016594 2.409209 -1.403639 0.315290 0.609026 -0.004768
-0.052453 -0.087167 -0.024605 1.549744 0.276761 -0.605211 0.014305 -0.000191 -0.186732 -0.185969 0.015068 2.419509 -1.422332 0.315290 0.602922 -0.004387
-0.052834 -0.087167 -0.024605 1.549744 0.277142 -0.605211 0.014305 -0.000191 -0.173762 -0.185969 0.014687 2.427138 -1.431106 0.315671 0.597581 -0.004387
-0.052834 -0.087167 -0.024605 1.549744 0.277142 -0.605211 0.014305 0.000191 -0.159648 -0.185969 0.014305 2.434005 -1.432250 0.315671 0.592622 -0.004387
-0.052834 -0.086786 -0.024605 1.549744 0.276761 -0.605211 0.014305 -0.000191 -0.147822 -0.185969 0.014305 2.438582 -1.432631 0.315671 0.587282 -0.004387
-0.052834 -0.086786 -0.024605 1.549744 0.277142 -0.604829 0.014305 0.000191 -0.131418 -0.185969 0.014305 2.443160 -1.439117 0.316052 0.581941 -0.004387
-0.052834 -0.086786 -0.024605 1.549744 0.276761 -0.605211 0.014305 -0.000191 -0.115778 -0.185969 0.013542 2.443923 -1.461242 0.315671 0.580034 -0.004387
-0.052453 -0.087167 -0.024605 1.549744 0.276761 -0.605211 0.014305 -0.000191 -0.099756 -0.185969 0.013542 2.443923 -1.496719 0.315671 0.579652 -0.004387
-0.052453 -0.087167 -0.024605 1.549744 0.276761 -0.605211 0.014305 0.000191 -0.085641 -0.186351 0.013542 2.443923 -1.529908 0.315671 0.579271 -0.004387
-0.052453 -0.087167 -0.024605 1.549744 0.278286 -0.605211 0.014305 -0.000191 -0.077249 -0.185969 0.013542 2.443923 -1.552415 0.315671 0.579271 -0.004387
-0.052834 -0.087167 -0.024605 1.549744 0.285916 -0.605211 0.014305 0.000191 -0.064660 -0.185969 0.013542 2.443923 -1.569963 0.315290 0.575837 -0.004387
-0.052834 -0.087167 -0.024605 1.549744 0.299649 -0.605211 0.014305 -0.000191 -0.054742 -0.185969 0.013542 2.443923 -1.569581 0.314908 0.564393 -0.004387
-0.052834 -0.086786 -0.024605 1.549744 0.311856 -0.604829 0.014305 -0.000191 -0.043679 -0.185969 0.013542 2.443923 -1.569963 0.314908 0.553712 -0.004387
-0.052453 -0.087167 -0.024605 1.549744 0.329404 -0.605211 0.014305 0.000191 -0.032616 -0.185969 0.013542 2.443923 -1.569963 0.315290 0.540360 -0.004387
-0.052453 -0.087167 -0.024605 1.549744 0.345045 -0.605211 0.014305 -0.000191 -0.021553 -0.185969 0.013542 2.443923 -1.569963 0.314908 0.527771 -0.004387
-0.052834 -0.087167 -0.024605 1.549744 0.362593 -0.605211 0.014305 0.000191 -0.010872 -0.185969 0.013542 2.443923 -1.569963 0.315290 0.510224 -0.004387
-0.052834 -0.087167 -0.024605 1.549744 0.381666 -0.605211 0.014305 0.000191 -0.000954 -0.185969 0.013542 2.443923 -1.569581 0.315290 0.490387 -0.004387
-0.052453 -0.087167 -0.024605 1.549744 0.394255 -0.605211 0.014305 -0.000191 0.006676 -0.185969 0.013542 2.443923 -1.569963 0.315290 0.469406 -0.004387
-0.052834 -0.087167 -0.024605 1.549744 0.411803 -0.605211 0.014305 -0.000191 0.012779 -0.185969 0.013542 2.443923 -1.569963 0.315671 0.451858 -0.004387
-0.052834 -0.086786 -0.024605 1.549744 0.428969 -0.604829 0.014305 0.000191 0.018120 -0.185969 0.013542 2.443542 -1.569581 0.316434 0.428588 -0.004387
-0.052834 -0.087167 -0.024605 1.549744 0.438506 -0.604829 0.014305 0.000191 0.020409 -0.185969 0.013542 2.443923 -1.569963 0.316434 0.412947 -0.004387
-0.052834 -0.087167 -0.024605 1.549744 0.449950 -0.604829 0.014305 -0.000191 0.020027 -0.185969 0.013542 2.443923 -1.569963 0.316052 0.403029 -0.004387
-0.052834 -0.086786 -0.024605 1.549744 0.462921 -0.604448 0.014305 0.000191 0.020027 -0.185969 0.013542 2.443923 -1.569963 0.316434 0.389677 -0.004387
-0.052834 -0.086786 -0.024605 1.549744 0.471313 -0.604829 0.014305 -0.000191 0.019646 -0.185969 0.013542 2.443923 -1.569963 0.316434 0.376707 -0.004387
-0.052453 -0.087167 -0.024605 1.549744 0.481994 -0.604829 0.014305 0.000191 0.020027 -0.185969 0.013542 2.443923 -1.569963 0.315671 0.363355 -0.004387
-0.052453 -0.087167 -0.024605 1.549744 0.489624 -0.604829 0.014305 0.000191 0.020027 -0.185969 0.013542 2.443923 -1.569963 0.315290 0.352293 -0.004387
-0.052453 -0.086786 -0.024605 1.549744 0.493439 -0.604448 0.014305 0.000191 0.020027 -0.185969 0.013542 2.443923 -1.569963 0.315290 0.339704 -0.004387
-0.052834 -0.087167 -0.024605 1.549744 0.493820 -0.604448 0.014305 -0.000191 0.019646 -0.185969 0.013542 2.443923 -1.569963 0.315290 0.328260 -0.004387
-0.052834 -0.086786 -0.024605 1.549744 0.494583 -0.601778 0.014305 -0.000191 0.020027 -0.185969 0.013542 2.443923 -1.569963 0.315290 0.317960 -0.004387
-0.052834 -0.086786 -0.024605 1.549744 0.499161 -0.601778 0.014687 0.000191 0.020027 -0.185969 0.013542 2.443923 -1.569963 0.315290 0.308423 -0.004387
-0.052834 -0.087167 -0.024605 1.549744 0.508698 -0.601778 0.014305 0.000191 0.020027 -0.185969 0.013542 2.443923 -1.569963 0.315290 0.303464 -0.004387
-0.052453 -0.087167 -0.024605 1.549744 0.511749 -0.601778 0.014305 -0.000191 0.020027 -0.185969 0.013542 2.443923 -1.569963 0.314908 0.300412 -0.004387
-0.052834 -0.087167 -0.024605 1.549744 0.511368 -0.601778 0.014305 0.000191 0.020027 -0.185969 0.013542 2.443923 -1.569963 0.314527 0.297742 -0.004387
-0.052834 -0.086786 -0.024605 1.549744 0.511368 -0.601778 0.014305 0.000191 0.020027 -0.185969 0.013542 2.443923 -1.569963 0.314908 0.298123 -0.004387
-0.052834 -0.086786 -0.024605 1.549744 0.511368 -0.601778 0.014305 -0.000191 0.020027 -0.185969 0.013542 2.443923 -1.569963 0.314908 0.298505 -0.004387
-0.052834 -0.087167 -0.024605 1.549744 0.511368 -0.601778 0.014305 0.000191 0.020027 -0.185969 0.013542 2.443923 -1.569963 0.314908 0.298505 -0.004387
-0.052834 -0.087167 -0.024605 1.549744 0.511368 -0.601778 0.014305 0.000191 0.020027 -0.185969 0.013542 2.443923 -1.569963 0.314908 0.298505 -0.004387
-0.052834 -0.087167 -0.024605 1.549744 0.511368 -0.601778 0.014305 0.000191 0.020027 -0.185969 0.013542 2.443923 -1.569963 0.314908 0.298505 -0.004387
-0.052834 -0.087167 -0.024605 1.549744 0.511368 -0.601778 0.014305 0.000191 0.020027 -0.185969 0.013542 2.443923 -1.569963 0.314908 0.298505 -0.004387
-0.052834 -0.087167 -0.024605 1.549744 0.511368 -0.601778 0.014305 0.000191 0.020027 -0.185969 0.013542 2.443923 -1.569963 0.314908 0.298505 -0.004387
-0.052834 -0.087167 -0.024605 1.549744 0.511368 -0.601778 0.014305 0.000191 0.020027 -0.185969 0.013542 2.443923 -1.569963 0.314908 0.298505 -0.004387
-0.052453 -0.086786 -0.024605 1.549744 0.511368 -0.601778 0.014305 -0.000191 0.020027 -0.185969 0.013542 2.443923 -1.569963 0.314908 0.298505 -0.004387
-0.052834 -0.087167 -0.024605 1.549744 0.511368 -0.601778 0.014305 0.000191 0.020027 -0.185969 0.013542 2.443923 -1.569963 0.314908 0.298505 -0.004387
-0.052834 -0.087167 -0.024605 1.549744 0.511368 -0.601778 0.014305 0.000191 0.020027 -0.185969 0.013542 2.443923 -1.569963 0.314908 0.298886 -0.004387
-0.052834 -0.086786 -0.024605 1.549744 0.511368 -0.601778 0.014305 0.000191 0.020027 -0.185969 0.013542 2.443923 -1.569963 0.314908 0.298886 -0.004387
-0.052834 -0.087167 -0.024605 1.549744 0.511368 -0.601778 0.014305 0.000191 0.020027 -0.185969 0.013542 2.443923 -1.569963 0.314908 0.298886 -0.004387
-0.052834 -0.086786 -0.024605 1.549744 0.511368 -0.601778 0.014305 0.000191 0.020027 -0.185969 0.013542 2.443923 -1.569963 0.314908 0.298886 -0.004387
-0.052834 -0.087167 -0.024605 1.549744 0.511368 -0.601778 0.014305 0.000191 0.020027 -0.185969 0.013542 2.443923 -1.569963 0.314908 0.298886 -0.004387
-0.052834 -0.087167 -0.024605 1.549744 0.511368 -0.601778 0.014305 0.000191 0.020027 -0.185969 0.013542 2.443923 -1.569963 0.314908 0.298123 -0.004387
-0.052834 -0.086786 -0.024605 1.549744 0.511368 -0.601778 0.014305 0.000191 0.020027 -0.185969 0.013542 2.443923 -1.569963 0.314908 0.298123 -0.004387
-0.052834 -0.087167 -0.024605 1.549744 0.511368 -0.601778 0.014305 0.000191 0.020027 -0.185969 0.013542 2.443923 -1.569963 0.314908 0.298123 -0.004387
-0.052834 -0.087167 -0.024605 1.549744 0.511368 -0.601778 0.014305 -0.000191 0.020027 -0.185969 0.013542 2.443923 -1.569963 0.314908 0.298505 -0.004387
-0.052834 -0.087167 -0.024605 1.549744 0.511368 -0.601778 0.014305 0.000191 0.020027 -0.185969 0.013542 2.443923 -1.569963 0.314908 0.298505 -0.004387
-0.052834 -0.087167 -0.024605 1.549744 0.511368 -0.601778 0.014305 0.000191 0.020027 -0.185969 0.013542 2.443923 -1.569963 0.314908 0.298886 -0.004387
-0.052834 -0.087167 -0.024605 1.549744 0.511368 -0.601778 0.014305 0.000191 0.020027 -0.185969 0.013542 2.443923 -1.569963 0.314908 0.298886 -0.004387
-0.052834 -0.087167 -0.024605 1.549744 0.511368 -0.601778 0.014305 0.000191 0.020027 -0.185969 0.013542 2.443923 -1.569963 0.314908 0.298505 -0.004387
-0.052834 -0.087167 -0.024605 1.549744 0.511368 -0.601778 0.014305 0.000191 0.020027 -0.185969 0.013542 2.443923 -1.569963 0.314908 0.298505 -0.004387
-0.052834 -0.087167 -0.024605 1.549744 0.511368 -0.601778 0.014305 0.000191 0.020027 -0.185969 0.013542 2.443923 -1.569963 0.314908 0.297742 -0.004387
-0.052834 -0.087167 -0.024605 1.549744 0.511368 -0.601778 0.014305 0.000191 0.020027 -0.185969 0.013542 2.443923 -1.569581 0.314908 0.294690 -0.004387
-0.052834 -0.086786 -0.024605 1.549744 0.511368 -0.601778 0.014305 0.000191 0.020027 -0.185969 0.013542 2.443923 -1.569581 0.314908 0.291257 -0.004387
-0.052834 -0.087167 -0.024605 1.549744 0.511368 -0.601778 0.014305 0.000191 0.020027 -0.185969 0.013542 2.443923 -1.569963 0.314908 0.287823 -0.004387
-0.052834 -0.087167 -0.024605 1.549744 0.511368 -0.601778 0.014305 0.000191 0.020027 -0.185969 0.013542 2.443923 -1.569963 0.314908 0.285916 -0.004387
-0.052834 -0.086786 -0.024605 1.549744 0.511368 -0.601778 0.014305 -0.000191 0.020027 -0.185969 0.013542 2.443923 -1.569963 0.314908 0.285153 -0.004387
-0.052834 -0.087167 -0.024605 1.549744 0.511368 -0.601778 0.014305 0.000191 0.020027 -0.185969 0.013542 2.443923 -1.569963 0.314908 0.283246 -0.004387
-0.052834 -0.087167 -0.024605 1.549744 0.511368 -0.601778 0.014305 0.000191 0.020027 -0.185969 0.013542 2.443923 -1.569963 0.314908 0.283627 -0.004387
-0.052834 -0.087167 -0.024605 1.549744 0.511368 -0.601778 0.014305 0.000191 0.020027 -0.185969 0.013542 2.443923 -1.569963 0.314908 0.283627 -0.004387
-0.052834 -0.087167 -0.024605 1.549744 0.511368 -0.601778 0.014305 -0.000191 0.020027 -0.185969 0.013542 2.443923 -1.569581 0.314527 0.283246 -0.004387
-0.052834 -0.087167 -0.024605 1.549744 0.511368 -0.601778 0.014305 0.000191 0.020027 -0.185969 0.013542 2.443923 -1.569963 0.314908 0.283246 -0.004387
-0.052834 -0.087167 -0.024605 1.549744 0.511368 -0.601778 0.014305 -0.000191 0.020027 -0.185969 0.013542 2.443923 -1.569963 0.314908 0.283246 -0.004387
-0.052834 -0.087167 -0.024605 1.549744 0.511368 -0.601778 0.014305 -0.000191 0.020027 -0.185969 0.013542 2.443923 -1.569963 0.314527 0.283246 -0.004387
-0.052834 -0.086786 -0.024605 1.549744 0.511368 -0.601778 0.014305 0.000191 0.020027 -0.185969 0.013542 2.443923 -1.569963 0.314908 0.283246 -0.004387
-0.052834 -0.087167 -0.024605 1.549744 0.511368 -0.601778 0.014305 -0.000191 0.020027 -0.185969 0.013542 2.443923 -1.569963 0.314908 0.283246 -0.004387
-0.052834 -0.087167 -0.024605 1.549744 0.511368 -0.601778 0.014305 -0.000191 0.020027 -0.185969 0.013542 2.443923 -1.569963 0.314908 0.283246 -0.004387
-0.052834 -0.086786 -0.024605 1.549744 0.511368 -0.601778 0.014305 -0.000191 0.020027 -0.185969 0.013542 2.443923 -1.569963 0.314908 0.283246 -0.004387
-0.052834 -0.087167 -0.024605 1.549744 0.511368 -0.601778 0.014305 0.000191 0.020027 -0.185969 0.013542 2.443923 -1.569963 0.314908 0.283627 -0.004387
-0.052834 -0.087167 -0.024605 1.549744 0.511368 -0.601778 0.014305 -0.000191 0.020027 -0.185969 0.013542 2.443923 -1.569963 0.314908 0.283627 -0.004387
-0.052834 -0.087167 -0.024605 1.549744 0.511368 -0.601778 0.014305 0.000191 0.020027 -0.185969 0.013542 2.443923 -1.569963 0.314908 0.283627 -0.004387
-0.052834 -0.087167 -0.024605 1.549744 0.511368 -0.601778 0.014305 -0.000191 0.020027 -0.185969 0.013542 2.443923 -1.569963 0.314908 0.283246 -0.004387
-0.052834 -0.087167 -0.024605 1.549744 0.511368 -0.601778 0.014305 -0.000191 0.020027 -0.185969 0.013542 2.443923 -1.569963 0.314908 0.283246 -0.004387
-0.052834 -0.087167 -0.024605 1.549744 0.511368 -0.601778 0.014305 0.000191 0.020027 -0.185969 0.013542 2.443923 -1.569963 0.314908 0.283246 -0.004387
-0.052834 -0.087167 -0.024605 1.549744 0.511368 -0.601778 0.014305 -0.000191 0.020027 -0.185969 0.013542 2.443923 -1.569963 0.314908 0.283627 -0.004387
-0.052834 -0.086786 -0.024605 1.549744 0.511368 -0.601778 0.014305 -0.000191 0.020027 -0.185969 0.013542 2.443923 -1.569963 0.314527 0.283627 -0.004387
-0.052834 -0.086786 -0.024605 1.549744 0.511368 -0.601778 0.014305 0.000191 0.020027 -0.185969 0.013542 2.443923 -1.569963 0.314908 0.284009 -0.004387
-0.052834 -0.086786 -0.024605 1.549744 0.511368 -0.601778 0.014305 -0.000191 0.020027 -0.185969 0.013542 2.443923 -1.569963 0.314908 0.284390 -0.004387
-0.052834 -0.086786 -0.024605 1.549744 0.511368 -0.601778 0.014305 0.000191 0.020027 -0.185969 0.013542 2.443923 -1.569963 0.314908 0.285153 -0.004387
-0.052834 -0.086786 -0.024605 1.549744 0.511368 -0.601778 0.014305 -0.000191 0.020027 -0.185969 0.013542 2.443923 -1.569963 0.314908 0.287442 -0.004387
-0.052834 -0.087167 -0.024605 1.549744 0.511368 -0.601778 0.014305 0.000191 0.020027 -0.185969 0.013542 2.443923 -1.569581 0.314908 0.287442 -0.004387
-0.052834 -0.087167 -0.024605 1.549744 0.511368 -0.601778 0.014305 -0.000191 0.020027 -0.185969 0.013542 2.443923 -1.569963 0.314908 0.287442 -0.004387
-0.052834 -0.086786 -0.024605 1.549744 0.511368 -0.601778 0.014305 0.000191 0.020027 -0.185969 0.013542 2.443923 -1.569963 0.314908 0.287442 -0.004387
-0.052453 -0.087167 -0.024605 1.549744 0.511368 -0.601778 0.014305 0.000191 0.020027 -0.185969 0.013542 2.443923 -1.569963 0.314908 0.287442 -0.004387
-0.052834 -0.086786 -0.024605 1.549744 0.511368 -0.601778 0.014305 0.000191 0.020027 -0.185969 0.013542 2.443923 -1.569963 0.315290 0.287442 -0.004387
-0.052834 -0.087167 -0.024605 1.549744 0.511368 -0.601778 0.014305 0.000191 0.020027 -0.185969 0.013542 2.443923 -1.569963 0.315290 0.287060 -0.004387
-0.052834 -0.087167 -0.024605 1.549744 0.511368 -0.601778 0.014305 0.000191 0.019646 -0.185969 0.013542 2.443923 -1.569963 0.315290 0.287060 -0.004387
-0.052834 -0.086786 -0.024605 1.549744 0.511368 -0.601778 0.014305 0.000191 0.019646 -0.185969 0.013542 2.443923 -1.569963 0.314908 0.287060 -0.004387
-0.052834 -0.086786 -0.024605 1.549744 0.511368 -0.601778 0.014305 0.000191 0.019646 -0.185969 0.013542 2.443923 -1.569963 0.315290 0.286679 -0.004387
-0.052834 -0.087167 -0.024605 1.549744 0.511368 -0.601778 0.014687 -0.000191 0.020027 -0.185969 0.013542 2.443923 -1.569963 0.315290 0.287060 -0.004387
-0.052071 -0.086786 -0.024605 1.549744 0.511368 -0.601778 0.014687 -0.000191 0.020027 -0.185969 0.013542 2.443923 -1.569963 0.314908 0.287060 -0.004387
-0.052071 -0.086786 -0.024605 1.549744 0.511749 -0.601778 0.014687 0.000191 0.020027 -0.185969 0.013542 2.443923 -1.569963 0.314908 0.287060 -0.004387
-0.052453 -0.087167 -0.024605 1.549744 0.511368 -0.601778 0.014687 -0.000191 0.020027 -0.185969 0.013542 2.443923 -1.569963 0.314908 0.286297 -0.004387
-0.053216 -0.086786 -0.024605 1.549744 0.511368 -0.601778 0.014305 -0.000191 0.019646 -0.185969 0.013542 2.443923 -1.569963 0.315290 0.281720 -0.004768
-0.052834 -0.086786 -0.024605 1.549744 0.511368 -0.601778 0.014305 -0.000191 0.019646 -0.185969 0.013542 2.443923 -1.569963 0.314908 0.275235 -0.004387
-0.052453 -0.086786 -0.024605 1.549744 0.511368 -0.602159 0.014305 0.000191 0.019646 -0.185969 0.013542 2.443923 -1.569963 0.314908 0.275616 -0.004387
-0.052453 -0.086786 -0.024605 1.549744 0.511368 -0.602159 0.014305 0.000191 0.020027 -0.185969 0.013542 2.443923 -1.569581 0.314908 0.275998 -0.004768
-0.052453 -0.086786 -0.024605 1.549744 0.511368 -0.602159 0.014305 0.000191 0.019646 -0.185969 0.013542 2.443923 -1.569963 0.314908 0.276379 -0.004387
-0.052834 -0.086786 -0.024605 1.549744 0.511368 -0.601778 0.014305 0.000191 0.020027 -0.185969 0.013542 2.443923 -1.569963 0.314908 0.276379 -0.004387
-0.053216 -0.086786 -0.024605 1.549744 0.511368 -0.601396 0.013924 0.000191 0.020027 -0.185969 0.013542 2.443923 -1.569963 0.314527 0.275998 -0.004387
-0.053597 -0.086786 -0.024605 1.549744 0.510986 -0.599489 0.013542 -0.000191 0.020027 -0.185969 0.013542 2.444305 -1.569963 0.314527 0.275235 -0.004387
-0.053597 -0.086786 -0.024605 1.549744 0.510605 -0.588808 0.013542 0.000191 0.020027 -0.185969 0.013542 2.446593 -1.569963 0.314527 0.273709 -0.004387
-0.053216 -0.086786 -0.024605 1.549744 0.510224 -0.568589 0.013542 0.000191 0.020027 -0.185969 0.013542 2.448501 -1.569963 0.313764 0.272183 -0.004387
-0.052834 -0.086786 -0.024605 1.549744 0.506790 -0.546845 0.013161 -0.000191 0.020027 -0.185969 0.013542 2.448501 -1.569963 0.298123 0.270657 -0.004387
-0.052834 -0.086786 -0.024605 1.549744 0.502213 -0.526246 0.005150 -0.000191 0.019646 -0.185969 0.013542 2.448501 -1.569963 0.273327 0.268368 -0.004387
-0.052834 -0.086786 -0.024605 1.549744 0.494965 -0.504501 -0.010109 0.000191 0.020027 -0.185969 0.013542 2.448501 -1.569963 0.259213 0.268368 -0.004387
-0.052453 -0.086786 -0.024605 1.549744 0.479324 -0.481613 -0.027657 -0.000191 0.020027 -0.185969 0.013542 2.448501 -1.569963 0.246624 0.268368 -0.004387
-0.052453 -0.086786 -0.024605 1.549744 0.461013 -0.459869 -0.047112 -0.000191 0.019646 -0.185969 0.013542 2.448501 -1.569963 0.239757 0.268750 -0.004387
-0.052453 -0.086786 -0.024605 1.549744 0.443465 -0.436980 -0.066949 0.000191 0.020027 -0.185969 0.013542 2.448501 -1.569963 0.239757 0.268368 -0.004387
-0.052453 -0.086786 -0.024605 1.549744 0.428969 -0.410658 -0.094797 0.000191 0.020027 -0.185969 0.013542 2.448501 -1.569963 0.239757 0.268368 -0.004387
-0.052453 -0.086786 -0.024605 1.550126 0.417525 -0.387007 -0.119211 -0.000191 0.020027 -0.185969 0.013542 2.448501 -1.569963 0.239757 0.268368 -0.004387
-0.052071 -0.086786 -0.024605 1.550126 0.412184 -0.358778 -0.150492 0.000191 0.019646 -0.185969 0.013542 2.448501 -1.569963 0.239757 0.268368 -0.004387
-0.052071 -0.086786 -0.024605 1.550126 0.399214 -0.338941 -0.180629 -0.000191 0.020027 -0.185969 0.013542 2.448501 -1.569963 0.239757 0.268368 -0.004387
-0.052071 -0.086786 -0.024605 1.550126 0.384718 -0.322538 -0.213436 -0.000191 0.019646 -0.185969 0.013542 2.448501 -1.569963 0.239757 0.268368 -0.004387
-0.052071 -0.086786 -0.024605 1.550126 0.367170 -0.309186 -0.249294 -0.000191 0.020027 -0.185969 0.013542 2.448501 -1.569963 0.239757 0.268368 -0.004387
-0.052071 -0.087167 -0.024605 1.550507 0.351530 -0.304608 -0.285916 0.000191 0.019646 -0.185969 0.013542 2.448501 -1.569963 0.240139 0.268368 -0.004387
-0.052071 -0.086786 -0.024605 1.550507 0.337034 -0.304990 -0.325971 0.000191 0.020027 -0.185969 0.013542 2.448501 -1.569963 0.240139 0.268368 -0.004387
-0.052071 -0.087167 -0.024605 1.550507 0.321012 -0.306134 -0.364118 -0.000191 0.019646 -0.185969 0.013542 2.448501 -1.569963 0.240139 0.268368 -0.004387
-0.052071 -0.086786 -0.024605 1.550507 0.314908 -0.306134 -0.405318 -0.000191 0.019646 -0.185969 0.013542 2.448501 -1.569963 0.240139 0.268750 -0.004387
-0.052453 -0.086786 -0.024605 1.550507 0.315290 -0.308042 -0.449569 -0.000191 0.019646 -0.185969 0.013542 2.448501 -1.569963 0.240139 0.268750 -0.004387
-0.052453 -0.086786 -0.024605 1.550507 0.315290 -0.311093 -0.491150 -0.000191 0.020027 -0.185969 0.013542 2.448501 -1.569963 0.240139 0.268368 -0.004387
-0.052453 -0.086786 -0.024605 1.550507 0.314908 -0.310712 -0.527771 0.000191 0.019646 -0.185969 0.013542 2.448501 -1.569963 0.240139 0.268368 -0.004387
-0.052453 -0.086786 -0.024605 1.550507 0.314908 -0.310330 -0.567445 0.000191 0.019646 -0.185969 0.013542 2.448501 -1.569963 0.240139 0.268368 -0.004387
-0.052834 -0.087167 -0.024605 1.550507 0.313764 -0.309949 -0.605592 0.000191 0.019646 -0.185969 0.013542 2.448501 -1.569963 0.240139 0.268368 -0.004387
-0.052453 -0.087167 -0.024605 1.550889 0.307279 -0.310330 -0.641451 0.000191 0.020027 -0.185969 0.013542 2.448501 -1.569963 0.240139 0.267987 -0.004387
-0.052453 -0.087167 -0.024605 1.551652 0.303845 -0.310330 -0.678454 -0.000191 0.019646 -0.185969 0.013542 2.448501 -1.569963 0.240139 0.267987 -0.004387
-0.052071 -0.087167 -0.024605 1.553941 0.298505 -0.311856 -0.712406 -0.000191 0.019646 -0.185969 0.013542 2.448501 -1.569963 0.240139 0.267605 -0.004387
-0.052071 -0.087167 -0.024605 1.558518 0.289349 -0.318341 -0.736820 -0.000191 0.019646 -0.185969 0.013542 2.448501 -1.569963 0.240139 0.267605 -0.004387
-0.052071 -0.087167 -0.024605 1.565766 0.280957 -0.324445 -0.754749 0.000191 0.019646 -0.185969 0.013542 2.448501 -1.569581 0.240139 0.267605 -0.004387
-0.052071 -0.087167 -0.024605 1.574922 0.267224 -0.340467 -0.768101 -0.000191 0.019646 -0.185969 0.013542 2.448501 -1.569963 0.240520 0.267605 -0.004387
-0.052071 -0.087167 -0.024605 1.586748 0.248531 -0.363737 -0.775731 0.000191 0.019646 -0.185969 0.013542 2.448501 -1.569963 0.240520 0.267987 -0.004387
-0.051690 -0.087167 -0.024987 1.601625 0.224117 -0.383955 -0.777638 0.000191 0.019646 -0.185969 0.013542 2.448501 -1.569581 0.240139 0.267987 -0.004387
-0.051690 -0.087167 -0.025750 1.618791 0.193217 -0.404173 -0.777638 -0.000191 0.019646 -0.185969 0.013542 2.448501 -1.569963 0.240139 0.267987 -0.004387
-0.051690 -0.087167 -0.028420 1.637865 0.158885 -0.428588 -0.777256 0.000191 0.019646 -0.185969 0.013542 2.448501 -1.569963 0.240520 0.267987 -0.004387
-0.052071 -0.087167 -0.034142 1.657321 0.126459 -0.457961 -0.777256 0.000191 0.019646 -0.185969 0.013542 2.448501 -1.569963 0.240520 0.267987 -0.004387
-0.052071 -0.087167 -0.041390 1.679446 0.095941 -0.492676 -0.777256 0.000191 0.019646 -0.185969 0.013542 2.448501 -1.569963 0.240520 0.267987 -0.004387
-0.051690 -0.087167 -0.051308 1.703479 0.069238 -0.531586 -0.774968 -0.000191 0.019646 -0.185969 0.013542 2.448501 -1.569963 0.240520 0.268368 -0.004387
-0.052071 -0.087167 -0.062371 1.725605 0.047494 -0.569734 -0.769627 -0.000191 0.020027 -0.185969 0.013542 2.448501 -1.569963 0.240139 0.267987 -0.004387
-0.052071 -0.087167 -0.074197 1.747349 0.029946 -0.607881 -0.760472 -0.000191 0.019646 -0.185969 0.013542 2.448501 -1.569963 0.240520 0.268368 -0.004387
-0.052071 -0.087167 -0.084497 1.767948 0.027276 -0.635348 -0.747883 0.000191 0.019646 -0.185969 0.013542 2.448501 -1.569963 0.240520 0.267987 -0.004387
-0.050927 -0.087167 -0.095560 1.787404 0.027657 -0.655947 -0.725376 0.000191 0.019646 -0.185969 0.013542 2.448501 -1.569963 0.240520 0.267987 -0.004387
-0.050927 -0.087549 -0.103571 1.802281 0.027657 -0.667391 -0.702106 0.000191 0.019646 -0.185969 0.013542 2.448501 -1.569963 0.240520 0.267987 -0.004387
-0.051308 -0.087167 -0.110056 1.813344 0.027276 -0.679217 -0.682650 0.000191 0.019646 -0.185969 0.013542 2.448501 -1.569963 0.240139 0.267987 -0.004387
-0.051308 -0.087549 -0.116922 1.820211 0.027276 -0.689899 -0.671969 -0.000191 0.019646 -0.185969 0.013542 2.448501 -1.569963 0.240520 0.267987 -0.004387
-0.051690 -0.087549 -0.124170 1.824788 0.027657 -0.706302 -0.665484 0.000191 0.019646 -0.185969 0.013542 2.448501 -1.569581 0.240139 0.267987 -0.004387
-0.051308 -0.087549 -0.132181 1.827840 0.027657 -0.720798 -0.664340 -0.000191 0.019646 -0.185969 0.013542 2.448501 -1.569963 0.240520 0.267987 -0.004387
-0.051690 -0.087549 -0.140574 1.831273 0.027657 -0.741016 -0.663958 0.000191 0.019646 -0.185969 0.013542 2.448501 -1.569963 0.240520 0.267987 -0.004387
-0.051690 -0.087549 -0.149729 1.834325 0.028038 -0.764286 -0.663958 -0.000191 0.019646 -0.185969 0.013542 2.448501 -1.569963 0.240520 0.267987 -0.004387
-0.051308 -0.087930 -0.158122 1.839666 0.028038 -0.770390 -0.661288 -0.000191 0.019646 -0.185969 0.013542 2.448501 -1.569963 0.240139 0.267987 -0.004387
-0.050927 -0.090219 -0.160410 1.846914 0.028038 -0.770771 -0.654421 0.000191 0.019646 -0.185969 0.013542 2.448501 -1.569963 0.240139 0.267987 -0.004387
-0.051690 -0.090219 -0.160410 1.855306 0.028038 -0.770771 -0.649081 0.000191 0.019646 -0.185969 0.013542 2.448501 -1.569963 0.240139 0.267605 -0.004387
-0.052453 -0.090219 -0.160410 1.862554 0.027657 -0.770771 -0.646029 0.000191 0.019646 -0.185969 0.013542 2.448501 -1.569581 0.240139 0.267605 -0.004387
-0.052834 -0.090219 -0.160410 1.871710 0.028038 -0.770771 -0.641070 0.000191 0.019646 -0.185969 0.013542 2.448501 -1.569963 0.240520 0.267987 -0.004387
-0.052834 -0.090219 -0.160410 1.883536 0.027657 -0.770771 -0.634203 -0.000191 0.019646 -0.185969 0.013542 2.448501 -1.569963 0.240520 0.267987 -0.004387
-0.052453 -0.090219 -0.160410 1.896506 0.027657 -0.770771 -0.628099 0.000191 0.019646 -0.185969 0.013542 2.448501 -1.569963 0.240520 0.268368 -0.004387
-0.052453 -0.090219 -0.160029 1.912909 0.027276 -0.770771 -0.618181 -0.000191 0.019646 -0.185969 0.013542 2.448501 -1.569581 0.240520 0.268368 -0.004387
-0.052071 -0.089837 -0.160029 1.928168 0.024987 -0.770771 -0.608644 -0.000191 0.019646 -0.185969 0.013542 2.448501 -1.569963 0.240520 0.268368 -0.004387
-0.052071 -0.089837 -0.158885 1.943427 0.015831 -0.770771 -0.601396 -0.000191 0.019646 -0.185969 0.013542 2.448119 -1.569963 0.240520 0.268368 -0.004387
-0.052453 -0.089837 -0.157359 1.958305 0.000954 -0.770771 -0.598344 0.000191 0.019646 -0.185969 0.013542 2.448119 -1.569581 0.240520 0.268368 -0.004387
-0.052453 -0.089837 -0.155833 1.975090 -0.009346 -0.770771 -0.598726 -0.000191 0.019646 -0.185588 0.013542 2.448501 -1.569963 0.240520 0.268368 -0.004387
-0.051690 -0.089837 -0.155451 1.993400 -0.020409 -0.770771 -0.598344 0.000191 0.019646 -0.185969 0.013542 2.448119 -1.569963 0.240520 0.268368 -0.004387
-0.050927 -0.089837 -0.155451 2.010567 -0.028801 -0.770771 -0.598344 0.000191 0.019646 -0.185969 0.013542 2.448119 -1.569963 0.240520 0.268368 -0.004387
-0.050164 -0.089837 -0.155451 2.030785 -0.032235 -0.770771 -0.598344 0.000191 0.019646 -0.185588 0.013542 2.448119 -1.569963 0.240139 0.269131 -0.004387
-0.050164 -0.089837 -0.155451 2.047189 -0.031853 -0.770390 -0.597963 0.000191 0.019646 -0.185588 0.013542 2.448119 -1.569963 0.240139 0.273327 -0.004387
-0.050164 -0.089837 -0.155070 2.059396 -0.031853 -0.770771 -0.597963 -0.000191 0.019646 -0.185588 0.013542 2.448501 -1.569963 0.240139 0.280957 -0.004387
-0.050164 -0.089837 -0.153925 2.071603 -0.031853 -0.770771 -0.598726 0.000191 0.020027 -0.185588 0.013542 2.448119 -1.569963 0.240139 0.290112 -0.004387
-0.050164 -0.089837 -0.153544 2.080377 -0.031472 -0.770771 -0.598726 0.000191 0.019646 -0.185588 0.013542 2.448119 -1.569963 0.240139 0.300793 -0.004387
-0.050546 -0.089837 -0.153544 2.086099 -0.028801 -0.770771 -0.598726 0.000191 0.020027 -0.185588 0.013542 2.448119 -1.569963 0.239757 0.312619 -0.004387
-0.050546 -0.089837 -0.153544 2.090677 -0.021553 -0.770771 -0.598726 0.000191 0.020027 -0.185588 0.013542 2.448501 -1.569963 0.239757 0.326352 -0.004387
-0.050164 -0.089837 -0.153544 2.092203 -0.016213 -0.770390 -0.599107 0.000191 0.020027 -0.185969 0.013542 2.448119 -1.569963 0.239376 0.337797 -0.004387
-0.050546 -0.089837 -0.153544 2.092584 -0.013161 -0.770771 -0.598726 -0.000191 0.019646 -0.185969 0.013542 2.448119 -1.569963 0.238231 0.346189 -0.004387
-0.050546 -0.089837 -0.153544 2.092584 -0.005913 -0.770390 -0.598726 0.000191 0.019646 -0.185588 0.013542 2.448501 -1.569963 0.232891 0.352674 -0.004387
-0.050546 -0.089837 -0.153544 2.092584 0.009346 -0.770390 -0.598726 -0.000191 0.020027 -0.185588 0.013542 2.448501 -1.569963 0.232128 0.356489 -0.004387
-0.050164 -0.089837 -0.153544 2.092584 0.031472 -0.770390 -0.598726 0.000191 0.020027 -0.185588 0.013542 2.448119 -1.569963 0.228313 0.359159 -0.004387
-0.050164 -0.089837 -0.153544 2.092584 0.062753 -0.770390 -0.599107 -0.000191 0.019646 -0.185588 0.013542 2.448119 -1.569963 0.217250 0.361448 -0.004387
-0.050546 -0.089837 -0.153544 2.092584 0.097086 -0.770390 -0.598344 -0.000191 0.020027 -0.185969 0.013542 2.448119 -1.569963 0.211147 0.364118 -0.004387
-0.050164 -0.089456 -0.153544 2.092584 0.137522 -0.770390 -0.598726 0.000191 0.020027 -0.185969 0.013542 2.448119 -1.569963 0.199702 0.367552 -0.004387
-0.050164 -0.089837 -0.153544 2.092584 0.177577 -0.770390 -0.598726 -0.000191 0.020027 -0.185969 0.013542 2.448501 -1.569963 0.186351 0.370985 -0.004387
-0.050546 -0.089456 -0.153544 2.092584 0.219158 -0.770390 -0.598726 0.000191 0.020027 -0.185969 0.013542 2.448501 -1.569963 0.177195 0.370985 -0.004387
-0.050164 -0.089456 -0.153544 2.092584 0.253872 -0.770390 -0.598344 0.000191 0.019646 -0.185588 0.013542 2.448501 -1.569963 0.159266 0.372129 -0.004387
-0.049783 -0.089456 -0.153544 2.091821 0.273709 -0.770390 -0.598344 -0.000191 0.020027 -0.185588 0.013542 2.448119 -1.569963 0.153162 0.374418 -0.004387
-0.049783 -0.089456 -0.153544 2.091440 0.276379 -0.770390 -0.597963 -0.000191 0.020027 -0.185588 0.013542 2.448119 -1.569963 0.145914 0.374800 -0.004387
-0.050164 -0.089456 -0.153544 2.091440 0.275998 -0.770390 -0.598344 0.000191 0.019646 -0.185969 0.013542 2.448501 -1.569963 0.140574 0.378233 -0.004387
-0.050164 -0.089837 -0.153544 2.091440 0.275998 -0.770390 -0.598344 0.000191 0.020027 -0.185588 0.013542 2.448119 -1.569963 0.139429 0.380140 -0.004387
-0.050164 -0.089456 -0.152018 2.091440 0.275998 -0.770390 -0.598344 -0.000191 0.020027 -0.185588 0.013542 2.448119 -1.569963 0.138666 0.383955 -0.004387
-0.050164 -0.089456 -0.149348 2.091440 0.275998 -0.770390 -0.597963 0.000191 0.019646 -0.185588 0.013542 2.448501 -1.569963 0.138666 0.389677 -0.004387
-0.049783 -0.089456 -0.147059 2.091440 0.275998 -0.770390 -0.597963 0.000191 0.020027 -0.185588 0.013542 2.448501 -1.569963 0.138666 0.394636 -0.004387
-0.049783 -0.089456 -0.144388 2.091440 0.275998 -0.770390 -0.597963 0.000191 0.020027 -0.185588 0.013542 2.448119 -1.569963 0.138666 0.402266 -0.004387
-0.049783 -0.089456 -0.141337 2.091440 0.275998 -0.770390 -0.598344 0.000191 0.019646 -0.185588 0.013542 2.448119 -1.569963 0.134470 0.413329 -0.004387
-0.049783 -0.089456 -0.139429 2.091440 0.275998 -0.770390 -0.598344 -0.000191 0.019646 -0.185588 0.013542 2.448119 -1.569963 0.127985 0.425917 -0.004387
-0.049401 -0.089837 -0.138285 2.091440 0.275235 -0.770390 -0.598726 0.000191 0.019646 -0.185588 0.013542 2.448119 -1.569963 0.113107 0.438888 -0.004387
-0.049401 -0.089837 -0.137522 2.091440 0.274853 -0.770390 -0.598726 0.000191 0.019646 -0.185588 0.013542 2.448119 -1.569963 0.091745 0.456435 -0.004387
-0.049401 -0.089456 -0.137522 2.091440 0.274472 -0.770390 -0.599489 0.000191 0.020027 -0.185588 0.013542 2.448119 -1.569963 0.071145 0.478180 -0.004387
-0.049401 -0.089837 -0.135996 2.091440 0.274472 -0.770390 -0.603304 0.000191 0.020027 -0.185588 0.013542 2.448119 -1.569963 0.042153 0.500687 -0.004387
-0.049401 -0.089837 -0.135996 2.091440 0.270275 -0.770390 -0.607118 0.000191 0.020027 -0.185588 0.013542 2.448119 -1.569963 0.011635 0.525864 -0.004387
-0.048638 -0.089456 -0.135996 2.091440 0.265316 -0.770390 -0.607118 -0.000191 0.020027 -0.185588 0.013542 2.448119 -1.569963 -0.015068 0.548371 -0.004387
-0.046349 -0.089837 -0.135996 2.091440 0.259594 -0.770390 -0.606737 0.000191 0.020027 -0.185588 0.013542 2.448119 -1.569963 -0.039483 0.568208 -0.004387
-0.041390 -0.089837 -0.135996 2.091440 0.251965 -0.770390 -0.609789 -0.000191 0.020027 -0.185969 0.013542 2.448119 -1.569963 -0.058175 0.582322 -0.004387
-0.031853 -0.089837 -0.135615 2.091821 0.239376 -0.770390 -0.614366 -0.000191 0.020027 -0.185588 0.013542 2.448119 -1.569963 -0.079919 0.593385 -0.004387
-0.018120 -0.089837 -0.134852 2.091821 0.237469 -0.770390 -0.618181 -0.000191 0.020409 -0.185588 0.013542 2.448119 -1.569963 -0.091363 0.601778 -0.004387
-0.004005 -0.089837 -0.134852 2.091821 0.237850 -0.770390 -0.622759 0.000191 0.020409 -0.185588 0.013542 2.448501 -1.569963 -0.105859 0.603685 -0.004387
0.013924 -0.089837 -0.134852 2.091821 0.238231 -0.770390 -0.630770 0.000191 0.020409 -0.185588 0.013542 2.448119 -1.569581 -0.120356 0.607500 -0.004387
0.032235 -0.089837 -0.134852 2.091821 0.237850 -0.770390 -0.639925 0.000191 0.020027 -0.185588 0.013542 2.448501 -1.569963 -0.133707 0.610933 -0.004387
0.049783 -0.089837 -0.134852 2.091821 0.238231 -0.770390 -0.652514 0.000191 0.020409 -0.185588 0.013542 2.448119 -1.569963 -0.140574 0.611696 -0.004387
0.066186 -0.089837 -0.134852 2.091821 0.238231 -0.770390 -0.667391 0.000191 0.020409 -0.185588 0.013542 2.448119 -1.569581 -0.142100 0.613603 -0.004387
0.081827 -0.089837 -0.134852 2.091821 0.238231 -0.770390 -0.682269 -0.000191 0.020409 -0.185588 0.013542 2.448119 -1.569963 -0.141337 0.614748 -0.004387
0.095560 -0.089837 -0.134852 2.091821 0.238231 -0.770390 -0.702869 0.000191 0.020027 -0.185588 0.013542 2.448119 -1.569581 -0.140955 0.617037 -0.004387
0.107004 -0.089837 -0.134852 2.091821 0.237850 -0.770390 -0.733768 0.000191 0.020027 -0.185588 0.013542 2.448119 -1.569963 -0.140955 0.618181 -0.004387
0.116922 -0.089837 -0.134852 2.092203 0.237850 -0.770771 -0.770390 0.000191 0.020027 -0.185588 0.013542 2.448119 -1.569963 -0.140955 0.618944 -0.004387
0.124933 -0.089837 -0.134852 2.092203 0.237850 -0.770390 -0.807393 0.000191 0.020027 -0.185588 0.013542 2.448119 -1.569581 -0.140574 0.622759 -0.004387
0.131037 -0.089837 -0.134852 2.092203 0.237850 -0.770771 -0.845159 0.000191 0.020027 -0.185588 0.013542 2.448119 -1.569581 -0.140192 0.630770 -0.004387
0.134852 -0.089837 -0.134852 2.092203 0.237469 -0.770390 -0.874914 0.000191 0.020409 -0.185588 0.013542 2.448119 -1.569581 -0.139048 0.641833 -0.004387
0.139429 -0.089837 -0.134852 2.092203 0.237087 -0.770390 -0.897040 -0.000191 0.020409 -0.185588 0.013542 2.448119 -1.569581 -0.136378 0.655947 -0.004387
0.145151 -0.089837 -0.135233 2.092203 0.234035 -0.770390 -0.921836 0.000191 0.020409 -0.185588 0.013542 2.448119 -1.569963 -0.130274 0.673877 -0.004387
0.150874 -0.089837 -0.134852 2.092203 0.222210 -0.770771 -0.940528 -0.000191 0.020409 -0.185588 0.013542 2.448119 -1.569963 -0.123026 0.690280 -0.004387
0.157740 -0.089837 -0.134852 2.092203 0.205806 -0.770771 -0.951972 -0.000191 0.020409 -0.185588 0.013542 2.448119 -1.569581 -0.118448 0.707446 -0.004387
0.164225 -0.089837 -0.134852 2.092203 0.189403 -0.770390 -0.961509 0.000191 0.020409 -0.185588 0.013542 2.447738 -1.569581 -0.117685 0.726902 -0.004387
0.169947 -0.089837 -0.134852 2.092203 0.176814 -0.770771 -0.972953 0.000191 0.021172 -0.185588 0.013542 2.447738 -1.569581 -0.118067 0.748646 -0.004387
0.177195 -0.089837 -0.134852 2.092203 0.160029 -0.770771 -0.980583 0.000191 0.023842 -0.185969 0.013542 2.447738 -1.569963 -0.118067 0.772297 -0.004387
0.180629 -0.089837 -0.134852 2.092203 0.151637 -0.770771 -0.995079 0.000191 0.030327 -0.185588 0.013542 2.447738 -1.569581 -0.118067 0.797475 -0.004387
0.182918 -0.089837 -0.134852 2.092203 0.148203 -0.770390 -1.007668 -0.000191 0.041772 -0.185588 0.013542 2.447356 -1.569963 -0.117685 0.820745 -0.004387
0.182155 -0.089837 -0.134852 2.092203 0.146677 -0.770771 -1.019493 -0.000191 0.057794 -0.185588 0.013542 2.447356 -1.569963 -0.117685 0.844015 -0.004387
0.182155 -0.089837 -0.134852 2.092203 0.147059 -0.770771 -1.026741 0.000191 0.073816 -0.185588 0.013542 2.447356 -1.569963 -0.117685 0.859274 -0.004387
0.182155 -0.089837 -0.134852 2.092203 0.147059 -0.770771 -1.028649 0.000191 0.094797 -0.185588 0.013542 2.447356 -1.569963 -0.118067 0.871862 -0.004387
0.182155 -0.089837 -0.134852 2.092203 0.148585 -0.770771 -1.028267 0.000191 0.117685 -0.185969 0.013542 2.447356 -1.569963 -0.118067 0.873770 -0.004387
0.182155 -0.089837 -0.134089 2.092203 0.152018 -0.770771 -1.028267 0.000191 0.139811 -0.185969 0.013542 2.447356 -1.569963 -0.118067 0.871481 -0.004387
0.181392 -0.089837 -0.133326 2.092203 0.162318 -0.770390 -1.028267 -0.000191 0.157740 -0.185969 0.013542 2.447356 -1.569963 -0.118448 0.870718 -0.004387
0.179866 -0.089837 -0.133326 2.092203 0.174144 -0.770771 -1.027123 0.000191 0.174525 -0.185969 0.013542 2.447356 -1.569963 -0.118448 0.870718 -0.004387
0.179866 -0.089837 -0.133326 2.092203 0.190547 -0.770390 -1.027886 -0.000191 0.188640 -0.185969 0.013542 2.447738 -1.569963 -0.118830 0.870718 -0.004387
0.180247 -0.089837 -0.133326 2.092203 0.203517 -0.770771 -1.027123 0.000191 0.201610 -0.185969 0.013542 2.447738 -1.569581 -0.118830 0.871099 -0.004387
0.180247 -0.089456 -0.133326 2.092203 0.219539 -0.770771 -1.028267 0.000191 0.210765 -0.185969 0.013542 2.447738 -1.569963 -0.118830 0.870718 -0.004387
0.180247 -0.089456 -0.133326 2.092203 0.235943 -0.770390 -1.028267 -0.000191 0.217250 -0.185969 0.013542 2.447738 -1.569963 -0.118830 0.870718 -0.004387
0.180247 -0.089837 -0.133326 2.092203 0.251202 -0.770390 -1.027504 -0.000191 0.219921 -0.185969 0.013542 2.447738 -1.569963 -0.120737 0.869955 -0.004387
0.180247 -0.089456 -0.133326 2.092203 0.266842 -0.770771 -1.027504 -0.000191 0.219539 -0.185969 0.013542 2.447738 -1.569963 -0.130274 0.867666 -0.004387
0.180247 -0.089456 -0.133326 2.092203 0.292782 -0.770390 -1.027504 -0.000191 0.218776 -0.185969 0.013542 2.447738 -1.569963 -0.130655 0.866522 -0.004387
0.180247 -0.089837 -0.133326 2.092203 0.319104 -0.770390 -1.026741 -0.000191 0.218776 -0.185969 0.013542 2.447738 -1.569963 -0.130655 0.861944 -0.004387
0.180247 -0.089456 -0.133326 2.092203 0.345045 -0.770390 -1.025597 0.000191 0.218776 -0.185969 0.013542 2.447738 -1.569963 -0.130655 0.859655 -0.004387
0.180247 -0.089456 -0.133326 2.092203 0.372511 -0.770008 -1.025597 -0.000191 0.218776 -0.185969 0.013542 2.447738 -1.569963 -0.130655 0.860037 -0.004387
0.180247 -0.089837 -0.133326 2.092203 0.391966 -0.770008 -1.025597 0.000191 0.218776 -0.185969 0.013542 2.447738 -1.569963 -0.130655 0.859655 -0.004387
0.180247 -0.089456 -0.133326 2.092203 0.410658 -0.769245 -1.025216 0.000191 0.218776 -0.185969 0.013542 2.447738 -1.569963 -0.131037 0.859274 -0.004387
0.180247 -0.089456 -0.133707 2.092203 0.424010 -0.763905 -1.025216 -0.000191 0.218776 -0.185969 0.013542 2.447738 -1.569963 -0.131800 0.859274 -0.004387
0.180247 -0.089456 -0.135615 2.092203 0.430495 -0.753223 -1.025216 0.000191 0.218776 -0.185969 0.013542 2.447738 -1.569963 -0.133707 0.859655 -0.004387
0.180247 -0.089456 -0.136378 2.092203 0.430114 -0.744450 -1.025216 -0.000191 0.218776 -0.185969 0.013542 2.447738 -1.569963 -0.133707 0.860037 -0.004387
0.180247 -0.089456 -0.136378 2.092203 0.430114 -0.729953 -1.025216 0.000191 0.218776 -0.185969 0.013542 2.447738 -1.569963 -0.133707 0.859655 -0.004387
0.180247 -0.089456 -0.136378 2.092203 0.429732 -0.715839 -1.025216 -0.000191 0.218776 -0.185969 0.013542 2.447738 -1.569963 -0.133707 0.859655 -0.004387
0.180247 -0.089456 -0.136378 2.092203 0.429732 -0.705539 -1.024834 -0.000191 0.218776 -0.185969 0.013542 2.447738 -1.569963 -0.133707 0.860037 -0.004387
0.180247 -0.089456 -0.136378 2.092203 0.429732 -0.705539 -1.024834 -0.000191 0.218776 -0.185969 0.013542 2.447738 -1.569963 -0.133707 0.860037 -0.004387
0.180247 -0.089456 -0.136378 2.092203 0.430114 -0.705539 -1.024834 0.000191 0.218776 -0.185969 0.013542 2.447738 -1.569963 -0.133707 0.860037 -0.004387
0.180247 -0.089456 -0.136378 2.092203 0.430114 -0.705539 -1.024834 -0.000191 0.218776 -0.185969 0.013542 2.447738 -1.569963 -0.133707 0.859655 -0.004387
0.180247 -0.089837 -0.136378 2.092203 0.430114 -0.705539 -1.024834 0.000191 0.218776 -0.185969 0.013542 2.447738 -1.569963 -0.134089 0.859655 -0.004387
0.180247 -0.089456 -0.136378 2.092203 0.430877 -0.705539 -1.024071 -0.000191 0.218776 -0.185969 0.013542 2.447738 -1.569963 -0.134470 0.859655 -0.004387
0.180247 -0.089456 -0.136378 2.091821 0.433165 -0.705921 -1.023308 -0.000191 0.219158 -0.185969 0.013542 2.447738 -1.569963 -0.136759 0.859655 -0.004387
0.180247 -0.089456 -0.136378 2.091821 0.432784 -0.705539 -1.020638 0.000191 0.218776 -0.185969 0.013542 2.447738 -1.569963 -0.148966 0.860037 -0.004387
0.180247 -0.089837 -0.136378 2.091821 0.433165 -0.705539 -1.019875 0.000191 0.218776 -0.185969 0.013542 2.447738 -1.569963 -0.153162 0.860418 -0.004387
0.180247 -0.089456 -0.136378 2.092203 0.433165 -0.705539 -1.018349 0.000191 0.219158 -0.185969 0.013542 2.447738 -1.569963 -0.156214 0.860037 -0.004387
0.179866 -0.089456 -0.136378 2.092203 0.433165 -0.705539 -1.016442 -0.000191 0.218776 -0.185969 0.013542 2.447738 -1.569963 -0.156596 0.860418 -0.004387
0.180247 -0.089456 -0.136378 2.091821 0.433165 -0.705539 -1.016442 -0.000191 0.219158 -0.185969 0.013542 2.447738 -1.569963 -0.156214 0.860037 -0.004387
0.180247 -0.089456 -0.136378 2.091821 0.433165 -0.705921 -1.013771 0.000191 0.218776 -0.185969 0.013542 2.447738 -1.569963 -0.156214 0.859655 -0.004387
0.180247 -0.089837 -0.136378 2.091821 0.433165 -0.706302 -0.997368 -0.000191 0.218776 -0.185969 0.013542 2.447738 -1.569963 -0.156214 0.859274 -0.004387
0.180247 -0.089456 -0.135996 2.091821 0.433165 -0.706683 -0.967231 0.000191 0.218776 -0.185969 0.013542 2.447738 -1.569963 -0.156214 0.858129 -0.004387
0.180247 -0.089837 -0.135996 2.091821 0.433928 -0.706302 -0.927176 0.000191 0.218776 -0.185969 0.013542 2.447738 -1.569963 -0.156214 0.856222 -0.004387
0.180247 -0.089837 -0.135996 2.091821 0.433547 -0.706302 -0.885977 -0.000191 0.218776 -0.185969 0.013542 2.447738 -1.569963 -0.156214 0.856603 -0.004387
0.180247 -0.089456 -0.135996 2.091821 0.434310 -0.706302 -0.840581 0.000191 0.218776 -0.185969 0.013542 2.447738 -1.569963 -0.156214 0.856603 -0.004387
0.180247 -0.089456 -0.135996 2.091821 0.446899 -0.706302 -0.800145 0.000191 0.218776 -0.185969 0.013542 2.447738 -1.569963 -0.156596 0.856603 -0.004387
0.180247 -0.089456 -0.135996 2.091821 0.467880 -0.706302 -0.770390 0.000191 0.218776 -0.185969 0.013542 2.447738 -1.569963 -0.156596 0.856603 -0.004387
0.180247 -0.089456 -0.135996 2.091821 0.493057 -0.706302 -0.742161 0.000191 0.218776 -0.185969 0.013542 2.447738 -1.569963 -0.156596 0.856603 -0.004387
0.180247 -0.089837 -0.135996 2.091821 0.529679 -0.706302 -0.718128 0.000191 0.218776 -0.185969 0.013542 2.447738 -1.569963 -0.156596 0.856603 -0.004387
0.180247 -0.089456 -0.135996 2.091821 0.563249 -0.706683 -0.711643 0.000191 0.218776 -0.185969 0.013542 2.447738 -1.569963 -0.156596 0.856603 -0.004387
0.180247 -0.089456 -0.135996 2.091821 0.592241 -0.706683 -0.709735 0.000191 0.218776 -0.185969 0.013542 2.447738 -1.569963 -0.156596 0.856603 -0.004387
0.180247 -0.089456 -0.135996 2.091821 0.610933 -0.706683 -0.710117 0.000191 0.218776 -0.185969 0.013542 2.447738 -1.569963 -0.156977 0.856603 -0.004387
0.180247 -0.089456 -0.135996 2.091821 0.612840 -0.706683 -0.710880 0.000191 0.218776 -0.185969 0.013542 2.447738 -1.569581 -0.156977 0.856603 -0.004387
0.180247 -0.089456 -0.135996 2.091821 0.612078 -0.706302 -0.713931 0.000191 0.218776 -0.185969 0.013542 2.447738 -1.569963 -0.156977 0.856603 -0.004387
0.180247 -0.089456 -0.135996 2.091821 0.612459 -0.706302 -0.718509 0.000572 0.218776 -0.185969 0.013542 2.447738 -1.569581 -0.156596 0.856603 -0.004387
0.180247 -0.089456 -0.135996 2.091821 0.612078 -0.706302 -0.718891 0.000191 0.218776 -0.185969 0.013542 2.447738 -1.569963 -0.156596 0.857748 -0.004387
0.180247 -0.089456 -0.135996 2.091821 0.612078 -0.705921 -0.718509 0.000191 0.219158 -0.185969 0.013542 2.447738 -1.569963 -0.156977 0.861944 -0.004387
0.180247 -0.089837 -0.135996 2.091821 0.612459 -0.705921 -0.718128 0.000191 0.218776 -0.185969 0.013542 2.447738 -1.569963 -0.157359 0.862707 -0.004387
0.180247 -0.089456 -0.135996 2.091821 0.612840 -0.706302 -0.717365 0.000191 0.218776 -0.185969 0.013542 2.447738 -1.569963 -0.157359 0.862707 -0.004387
0.180247 -0.089456 -0.135996 2.091821 0.612840 -0.706302 -0.717365 0.000191 0.218776 -0.185969 0.013542 2.447738 -1.569963 -0.157359 0.862707 -0.004387
0.180247 -0.089456 -0.135996 2.091821 0.612459 -0.706302 -0.717746 0.000191 0.218776 -0.185969 0.013542 2.447738 -1.569963 -0.157359 0.863470 -0.004387
0.180247 -0.089456 -0.135996 2.091821 0.612459 -0.706302 -0.717746 0.000191 0.218776 -0.185969 0.013542 2.447738 -1.569963 -0.160410 0.863851 -0.004387
0.180247 -0.089456 -0.135996 2.091821 0.612078 -0.706302 -0.717746 0.000191 0.218776 -0.185969 0.013542 2.447738 -1.569963 -0.171855 0.863851 -0.004387
0.180247 -0.089456 -0.135996 2.091821 0.612078 -0.706302 -0.718128 0.000191 0.218776 -0.185969 0.013542 2.447738 -1.569963 -0.195888 0.863851 -0.004387
0.180247 -0.089456 -0.135996 2.091821 0.612078 -0.706302 -0.722324 0.000191 0.218776 -0.185969 0.013542 2.447738 -1.569581 -0.228313 0.863851 -0.004387
0.180247 -0.089456 -0.135996 2.091821 0.611696 -0.706302 -0.733768 0.000191 0.218776 -0.185969 0.013542 2.447738 -1.569963 -0.264172 0.863851 -0.004387
0.180247 -0.089456 -0.135996 2.091821 0.611696 -0.706302 -0.757801 0.000191 0.218776 -0.185969 0.013542 2.447738 -1.569963 -0.297360 0.863851 -0.004387
0.180247 -0.089456 -0.135996 2.091821 0.610933 -0.706302 -0.787938 0.000191 0.218776 -0.185969 0.013542 2.447738 -1.569963 -0.320249 0.863851 -0.004387
0.180247 -0.089456 -0.135996 2.091821 0.611315 -0.706302 -0.823415 0.000191 0.218776 -0.185969 0.013542 2.447738 -1.569963 -0.329786 0.863851 -0.004387
0.180247 -0.089456 -0.135996 2.091821 0.611315 -0.706302 -0.862325 0.000191 0.219158 -0.185969 0.013542 2.447738 -1.569963 -0.333219 0.864233 -0.004387
0.180247 -0.089456 -0.135996 2.091821 0.610933 -0.706302 -0.906195 0.000191 0.218776 -0.185969 0.013542 2.447738 -1.569963 -0.340848 0.865759 -0.004387
0.180247 -0.089456 -0.135996 2.091821 0.611315 -0.706302 -0.947776 0.000191 0.218776 -0.185969 0.013542 2.447738 -1.569963 -0.344663 0.873388 -0.004387
0.180247 -0.089456 -0.135996 2.091821 0.610552 -0.706302 -0.977531 0.000191 0.218776 -0.185969 0.013542 2.447738 -1.569963 -0.344282 0.876059 -0.004387
0.180247 -0.089456 -0.135996 2.091821 0.607500 -0.706683 -1.000420 0.000191 0.218776 -0.185969 0.013542 2.447738 -1.569963 -0.344663 0.880636 -0.004387
0.180247 -0.089456 -0.135996 2.091821 0.607500 -0.706302 -1.019875 0.000191 0.218776 -0.185969 0.013542 2.447738 -1.569963 -0.349241 0.879492 -0.004387
0.180247 -0.089456 -0.135996 2.091821 0.607118 -0.706302 -1.039712 0.000191 0.218776 -0.185969 0.013542 2.447738 -1.569963 -0.359159 0.879492 -0.004387
0.180247 -0.089456 -0.135996 2.091821 0.603685 -0.706302 -1.061074 0.000191 0.218776 -0.185969 0.013542 2.447738 -1.569963 -0.367170 0.880255 -0.004387
0.180247 -0.089456 -0.135996 2.091821 0.598344 -0.705921 -1.083963 0.000191 0.218776 -0.185969 0.013542 2.447738 -1.569963 -0.372511 0.883688 -0.004387
0.180247 -0.089456 -0.135996 2.091821 0.583848 -0.705921 -1.106088 0.000191 0.218776 -0.185969 0.013542 2.447738 -1.569963 -0.377470 0.892081 -0.004387
0.180247 -0.089456 -0.135996 2.091821 0.566300 -0.705921 -1.126307 0.000191 0.218776 -0.185969 0.013542 2.447738 -1.569963 -0.377089 0.904288 -0.004387
0.180247 -0.089456 -0.135996 2.091821 0.547227 -0.705921 -1.141947 0.000191 0.218776 -0.185969 0.013542 2.447738 -1.569963 -0.377470 0.917639 -0.004387
0.180247 -0.089456 -0.135996 2.091821 0.526246 -0.705921 -1.149577 0.000191 0.218776 -0.185969 0.013542 2.447738 -1.569963 -0.377470 0.925269 -0.004387
0.180247 -0.089456 -0.135996 2.091821 0.507172 -0.705921 -1.154917 0.000191 0.218776 -0.185969 0.013542 2.447738 -1.569963 -0.384718 0.930228 -0.004387
0.180247 -0.089456 -0.135996 2.091821 0.490768 -0.705921 -1.158350 0.000191 0.218776 -0.185969 0.013542 2.447738 -1.569963 -0.395399 0.935569 -0.004387
0.180247 -0.089456 -0.135996 2.091821 0.475891 -0.705921 -1.161021 0.000191 0.218776 -0.185588 0.013542 2.447738 -1.569963 -0.395781 0.940909 -0.004387
0.180247 -0.089456 -0.135996 2.091821 0.461395 -0.705921 -1.163310 0.000191 0.218776 -0.185969 0.013542 2.447738 -1.569963 -0.395781 0.941291 -0.004387
0.180247 -0.089456 -0.135996 2.091821 0.444228 -0.706302 -1.171321 0.000191 0.219158 -0.185969 0.013542 2.447738 -1.569963 -0.395781 0.941291 -0.004387
0.180247 -0.089456 -0.135996 2.091821 0.433547 -0.706302 -1.183909 0.000191 0.218776 -0.185588 0.013542 2.447356 -1.569963 -0.395781 0.942435 -0.004387
0.180247 -0.089456 -0.135996 2.091821 0.423629 -0.706683 -1.190776 0.000191 0.219158 -0.185588 0.013542 2.447356 -1.569963 -0.395781 0.944724 -0.004387
0.180247 -0.089456 -0.135996 2.091821 0.420195 -0.706683 -1.195354 0.000191 0.219158 -0.185588 0.013542 2.447356 -1.569963 -0.395781 0.948157 -0.004387
0.180629 -0.089456 -0.135996 2.091821 0.420577 -0.706683 -1.199550 0.000191 0.219158 -0.185588 0.013542 2.447356 -1.569581 -0.395781 0.950065 -0.004387
0.180629 -0.089456 -0.135996 2.091821 0.420577 -0.706683 -1.204509 0.000191 0.219158 -0.185588 0.013924 2.447356 -1.569963 -0.395781 0.950065 -0.004387
0.180629 -0.089456 -0.135996 2.091821 0.420195 -0.707065 -1.210231 0.000191 0.219158 -0.185588 0.013924 2.446212 -1.569963 -0.395781 0.949302 -0.004387
0.180629 -0.089456 -0.135996 2.091821 0.420195 -0.707065 -1.213664 0.000191 0.219158 -0.185588 0.014305 2.442016 -1.569963 -0.396162 0.947776 -0.004387
0.180629 -0.089456 -0.135996 2.091821 0.420195 -0.707065 -1.213664 0.000191 0.219158 -0.185588 0.016976 2.437057 -1.569963 -0.404936 0.946250 -0.004387
0.180629 -0.089456 -0.135996 2.091821 0.420195 -0.707065 -1.213283 0.000191 0.219158 -0.185588 0.020027 2.429808 -1.569963 -0.414855 0.946250 -0.004387
0.181010 -0.089456 -0.135996 2.091821 0.420195 -0.707065 -1.213664 0.000191 0.219158 -0.185588 0.024605 2.419127 -1.569963 -0.421721 0.946632 -0.004387
0.182918 -0.089456 -0.135996 2.091821 0.420195 -0.707065 -1.213664 0.000191 0.219158 -0.185588 0.030327 2.408064 -1.569963 -0.436217 0.946250 -0.004387
0.183299 -0.089456 -0.135996 2.091821 0.420577 -0.707446 -1.214427 0.000191 0.219158 -0.185588 0.037575 2.395094 -1.569963 -0.444228 0.946250 -0.004387
0.183299 -0.089456 -0.135996 2.091821 0.420195 -0.709735 -1.214427 0.000191 0.219158 -0.185588 0.044823 2.381361 -1.569963 -0.449569 0.947776 -0.004387
0.182918 -0.089456 -0.135996 2.091821 0.420195 -0.710880 -1.219005 0.000191 0.219158 -0.185588 0.050546 2.366102 -1.569963 -0.469024 0.950446 -0.004387
0.182918 -0.089456 -0.135996 2.091821 0.420195 -0.710880 -1.221675 0.000191 0.219158 -0.185588 0.053979 2.348554 -1.569963 -0.490387 0.950446 -0.004387
0.183299 -0.089456 -0.135996 2.091821 0.420195 -0.710880 -1.221294 0.000191 0.219539 -0.185588 0.055505 2.332914 -1.569963 -0.504501 0.950065 -0.004387
0.183299 -0.089456 -0.135996 2.091821 0.420195 -0.710880 -1.221294 0.000191 0.219539 -0.185588 0.055505 2.321469 -1.569581 -0.513275 0.949302 -0.004387
0.182918 -0.089456 -0.135996 2.091821 0.419814 -0.710880 -1.221294 0.000191 0.219539 -0.185588 0.055505 2.310788 -1.569581 -0.519379 0.947776 -0.004387
0.183299 -0.089456 -0.135996 2.091821 0.419814 -0.710880 -1.221294 0.000191 0.220302 -0.185588 0.055505 2.300107 -1.569963 -0.527771 0.948157 -0.004387
0.182918 -0.089456 -0.135996 2.091821 0.419814 -0.710880 -1.221294 0.000191 0.222210 -0.185588 0.055505 2.289807 -1.569963 -0.538071 0.948920 -0.004387
0.183299 -0.089456 -0.135996 2.091821 0.419814 -0.710880 -1.222438 0.000191 0.226024 -0.185588 0.055505 2.281796 -1.569963 -0.543412 0.949302 -0.004387
0.183299 -0.089456 -0.135996 2.091821 0.417525 -0.710880 -1.222820 0.000191 0.232891 -0.185588 0.055505 2.272641 -1.569581 -0.545701 0.949302 -0.004387
0.183299 -0.089456 -0.135996 2.091821 0.413329 -0.710880 -1.223583 0.000191 0.240902 -0.185588 0.055505 2.265774 -1.569963 -0.546082 0.948920 -0.004387
0.182918 -0.089456 -0.135996 2.091821 0.410277 -0.710880 -1.223201 0.000191 0.251583 -0.185588 0.055505 2.261578 -1.569581 -0.546082 0.947776 -0.004387
0.183299 -0.089456 -0.135996 2.091821 0.403792 -0.710880 -1.223201 0.000191 0.263027 -0.185588 0.055505 2.258907 -1.569581 -0.545319 0.946250 -0.004387
0.183299 -0.089456 -0.135996 2.091821 0.396544 -0.711261 -1.223201 0.000191 0.276379 -0.185588 0.055505 2.255856 -1.569581 -0.545319 0.946250 -0.004387
0.182918 -0.089456 -0.135996 2.091821 0.393874 -0.719272 -1.223583 0.000191 0.290494 -0.185588 0.055505 2.252422 -1.569581 -0.545319 0.945869 -0.004387
0.182918 -0.089456 -0.135996 2.091821 0.393874 -0.731479 -1.223201 0.000191 0.306134 -0.185588 0.055505 2.249752 -1.569581 -0.545319 0.941291 -0.004387
0.182918 -0.089456 -0.135996 2.091821 0.393874 -0.746738 -1.223201 0.000191 0.324826 -0.185969 0.055505 2.245556 -1.569581 -0.544938 0.938621 -0.004387
0.182918 -0.089456 -0.135996 2.091821 0.393874 -0.764668 -1.223201 0.000191 0.341993 -0.185969 0.055505 2.242504 -1.569581 -0.544938 0.939002 -0.004387
0.182918 -0.089456 -0.135996 2.091821 0.394255 -0.770390 -1.222438 0.000191 0.358015 -0.185969 0.055123 2.239071 -1.569963 -0.545319 0.939002 -0.004387
0.182918 -0.089456 -0.135996 2.091821 0.394255 -0.770390 -1.219768 0.000191 0.372892 -0.185969 0.055123 2.238689 -1.569963 -0.545319 0.940146 -0.004387
0.182918 -0.089456 -0.135996 2.091821 0.394255 -0.770390 -1.219768 0.000191 0.385863 -0.185969 0.055123 2.238689 -1.569963 -0.545701 0.943198 -0.004387
0.182918 -0.089456 -0.135996 2.091821 0.394255 -0.770390 -1.219768 0.000191 0.395781 -0.185969 0.055123 2.238689 -1.569963 -0.546082 0.943198 -0.004387
0.182918 -0.089456 -0.135996 2.091821 0.394636 -0.770390 -1.217479 0.000191 0.404555 -0.185969 0.055123 2.238689 -1.569963 -0.547990 0.943580 -0.004387
0.182918 -0.089456 -0.135996 2.091821 0.394636 -0.770390 -1.211757 0.000191 0.411421 -0.185969 0.055123 2.238689 -1.569963 -0.548753 0.943198 -0.004387
0.182918 -0.089456 -0.135996 2.091821 0.394636 -0.770390 -1.209087 0.000191 0.413710 -0.185969 0.055123 2.238689 -1.569963 -0.548371 0.942435 -0.004387
0.182918 -0.089456 -0.135996 2.091821 0.394636 -0.770771 -1.207942 0.000191 0.412947 -0.185969 0.055123 2.238689 -1.569963 -0.548371 0.942817 -0.004387
0.182918 -0.089456 -0.135996 2.091821 0.394636 -0.770390 -1.207942 0.000191 0.413329 -0.185969 0.055123 2.238689 -1.569963 -0.548371 0.942817 -0.004387
0.182918 -0.089456 -0.135996 2.091821 0.394636 -0.770390 -1.207942 0.000191 0.413329 -0.185969 0.055123 2.238689 -1.569963 -0.548371 0.943198 -0.004387
0.182918 -0.089456 -0.135996 2.091821 0.394255 -0.770390 -1.207942 0.000191 0.413329 -0.185969 0.055123 2.238689 -1.569963 -0.548753 0.945487 -0.004387
0.182918 -0.089456 -0.135996 2.091821 0.394255 -0.770390 -1.208324 0.000191 0.413329 -0.185969 0.055123 2.238689 -1.569963 -0.548753 0.948539 -0.004387
0.182918 -0.089456 -0.135996 2.091821 0.394255 -0.770390 -1.208324 0.000191 0.413329 -0.185969 0.055123 2.238689 -1.569963 -0.548371 0.948157 -0.004387
0.182918 -0.089456 -0.135996 2.091821 0.394255 -0.770390 -1.208324 0.000191 0.413329 -0.185969 0.055123 2.238689 -1.569963 -0.548371 0.948539 -0.004387
0.182918 -0.089456 -0.135996 2.091821 0.394255 -0.770771 -1.207942 0.000191 0.413329 -0.185969 0.055123 2.238689 -1.569963 -0.548371 0.949683 -0.004387
0.182918 -0.089456 -0.135996 2.091821 0.394636 -0.770771 -1.208324 0.000191 0.413329 -0.185969 0.055123 2.238689 -1.569963 -0.548371 0.950828 -0.004387
0.182918 -0.089456 -0.135996 2.091821 0.394255 -0.770771 -1.208324 0.000191 0.413329 -0.185969 0.055123 2.238689 -1.569963 -0.548371 0.950446 -0.004387
0.182918 -0.089456 -0.135996 2.091821 0.394255 -0.770771 -1.207942 0.000191 0.413329 -0.185969 0.055123 2.238689 -1.569963 -0.548753 0.950446 -0.004387
0.182918 -0.089456 -0.135996 2.091821 0.394636 -0.770390 -1.207942 0.000191 0.413329 -0.185969 0.055123 2.238689 -1.569963 -0.548371 0.950065 -0.004387
0.182918 -0.089456 -0.135996 2.091821 0.394636 -0.770390 -1.207942 0.000191 0.413329 -0.185969 0.055123 2.238689 -1.569963 -0.548371 0.950065 -0.004387
0.182536 -0.089456 -0.135996 2.091821 0.394636 -0.770390 -1.207179 0.000191 0.413329 -0.185969 0.055123 2.238689 -1.569963 -0.548371 0.950065 -0.004387
0.182536 -0.089456 -0.135996 2.091821 0.394636 -0.770390 -1.204128 0.000191 0.413329 -0.185969 0.055123 2.238689 -1.569963 -0.547990 0.950065 -0.004387
0.182918 -0.089456 -0.135996 2.091821 0.394636 -0.770390 -1.204128 0.000191 0.413329 -0.185969 0.055123 2.238689 -1.569963 -0.547608 0.950065 -0.004387
0.182918 -0.089456 -0.135996 2.091821 0.394636 -0.770771 -1.204128 0.000191 0.413329 -0.185969 0.055123 2.238689 -1.569963 -0.548371 0.950065 -0.004387
0.182536 -0.089456 -0.135996 2.091821 0.394636 -0.770390 -1.204128 0.000191 0.413329 -0.185969 0.055123 2.238689 -1.569963 -0.548371 0.949683 -0.004387
0.182918 -0.089456 -0.135996 2.091821 0.394636 -0.770390 -1.204128 0.000191 0.413329 -0.185969 0.055123 2.238689 -1.569963 -0.548371 0.949683 -0.004387
0.182918 -0.089456 -0.135996 2.091821 0.394636 -0.770390 -1.204128 0.000191 0.413329 -0.185969 0.055123 2.238689 -1.569963 -0.548753 0.949683 -0.004387
0.182918 -0.089456 -0.135996 2.091821 0.394636 -0.770390 -1.204128 0.000191 0.413329 -0.185969 0.055123 2.238689 -1.569963 -0.548753 0.949302 -0.004387
0.182918 -0.089456 -0.135996 2.091821 0.394636 -0.770771 -1.204128 0.000191 0.413329 -0.185969 0.055123 2.238689 -1.569963 -0.548753 0.947395 -0.004387
0.182918 -0.089456 -0.135996 2.091821 0.394636 -0.770390 -1.203746 0.000191 0.413329 -0.185969 0.055123 2.238689 -1.569963 -0.547990 0.940528 -0.004387
0.182918 -0.089456 -0.135996 2.091821 0.394636 -0.770390 -1.202602 0.000191 0.413329 -0.185969 0.055123 2.238689 -1.569963 -0.548371 0.937858 -0.004387
0.182918 -0.089456 -0.135996 2.091821 0.394636 -0.770390 -1.192302 0.000191 0.413329 -0.185969 0.055123 2.238689 -1.569963 -0.548753 0.939002 -0.004387
0.182918 -0.089456 -0.135996 2.091821 0.394636 -0.770390 -1.177806 0.000191 0.413329 -0.185969 0.054742 2.238689 -1.569963 -0.548753 0.939384 -0.004387
0.183299 -0.089456 -0.135996 2.091821 0.394636 -0.770390 -1.160639 0.000191 0.413329 -0.185969 0.055123 2.238689 -1.569963 -0.548371 0.938239 -0.004387
0.183299 -0.089456 -0.135996 2.091440 0.394636 -0.770390 -1.148051 0.000191 0.413329 -0.185969 0.055123 2.238689 -1.569963 -0.548371 0.938239 -0.004387
0.183299 -0.089456 -0.135996 2.091440 0.394636 -0.770390 -1.140421 0.000191 0.413329 -0.185969 0.055123 2.238689 -1.569963 -0.548371 0.938239 -0.004387
0.183299 -0.089456 -0.135996 2.091440 0.393874 -0.770390 -1.141184 0.000191 0.413329 -0.185969 0.055123 2.238689 -1.569963 -0.547990 0.938239 -0.004387
0.183299 -0.089456 -0.135996 2.091440 0.393874 -0.770390 -1.143091 0.000191 0.413329 -0.185969 0.055123 2.238689 -1.569963 -0.547990 0.938239 -0.004387
0.183299 -0.089456 -0.135996 2.091440 0.393874 -0.770390 -1.144236 0.000191 0.413329 -0.185969 0.055123 2.238689 -1.569963 -0.547990 0.938621 -0.004387
0.183299 -0.089456 -0.135996 2.091440 0.394636 -0.770390 -1.144236 0.000191 0.413329 -0.185969 0.055123 2.238689 -1.569963 -0.547990 0.938621 -0.004387
0.183299 -0.089456 -0.135996 2.091440 0.396544 -0.770390 -1.144236 0.000191 0.413329 -0.185969 0.055123 2.238689 -1.569963 -0.547990 0.938621 -0.004387
0.183299 -0.089456 -0.135996 2.091440 0.395399 -0.770390 -1.144236 0.000191 0.413329 -0.185969 0.055123 2.238689 -1.569963 -0.547990 0.938621 -0.004387
0.183299 -0.089456 -0.135996 2.091440 0.395399 -0.770390 -1.143854 0.000191 0.413329 -0.185969 0.055123 2.238689 -1.569963 -0.547990 0.938621 -0.004387
0.183299 -0.089456 -0.135996 2.091440 0.395399 -0.770008 -1.143854 0.000191 0.413329 -0.185969 0.055123 2.238689 -1.569963 -0.548371 0.939002 -0.004387
0.183299 -0.089456 -0.136378 2.091440 0.395399 -0.769627 -1.144236 0.000191 0.413329 -0.185969 0.055123 2.238689 -1.569963 -0.548371 0.938621 -0.004387
0.183299 -0.089456 -0.136378 2.091440 0.395399 -0.769627 -1.144236 0.000191 0.413329 -0.185969 0.055123 2.238689 -1.569963 -0.548371 0.938621 -0.004387
0.182918 -0.089456 -0.136378 2.091440 0.395781 -0.770008 -1.144236 0.000191 0.413329 -0.185969 0.055123 2.238689 -1.569963 -0.548371 0.938621 -0.004387
0.182918 -0.089456 -0.135996 2.091440 0.395781 -0.770008 -1.144236 0.000191 0.413329 -0.185969 0.055123 2.238689 -1.569963 -0.548753 0.938621 -0.004387
0.182918 -0.089456 -0.135996 2.091440 0.395399 -0.770008 -1.144236 0.000191 0.413329 -0.185969 0.055123 2.238689 -1.569963 -0.548753 0.938621 -0.004387
0.182918 -0.089456 -0.135996 2.091440 0.395399 -0.770008 -1.144236 0.000191 0.413329 -0.185969 0.055123 2.238689 -1.569963 -0.548753 0.938239 -0.004387
0.182918 -0.089456 -0.135996 2.091440 0.395781 -0.770390 -1.143854 0.000191 0.413329 -0.185969 0.055123 2.238689 -1.569963 -0.548371 0.938239 -0.004387
0.182918 -0.089456 -0.135996 2.091440 0.398833 -0.770390 -1.143473 0.000191 0.413329 -0.185969 0.055123 2.238689 -1.569963 -0.548753 0.938621 -0.004387
0.182918 -0.089456 -0.135996 2.091440 0.400359 -0.770390 -1.143091 0.000191 0.413329 -0.185969 0.055123 2.238689 -1.569963 -0.548371 0.938621 -0.004387
0.182918 -0.089456 -0.135996 2.091440 0.401884 -0.770008 -1.138132 0.000191 0.413329 -0.185969 0.055123 2.238689 -1.569963 -0.548371 0.938621 -0.004387
0.182918 -0.089456 -0.135996 2.091440 0.401884 -0.770390 -1.128977 0.000191 0.413329 -0.185969 0.055123 2.238689 -1.569963 -0.548753 0.938239 -0.004387
0.182918 -0.089456 -0.135996 2.091440 0.402266 -0.770008 -1.116388 0.000191 0.413329 -0.185969 0.055123 2.238689 -1.569963 -0.548371 0.938621 -0.004387
0.182918 -0.089456 -0.135996 2.091440 0.402647 -0.770390 -1.099603 -0.000191 0.413329 -0.185969 0.055123 2.238689 -1.569963 -0.548753 0.938621 -0.004387
0.182918 -0.089456 -0.135996 2.091440 0.404173 -0.770008 -1.077859 0.000191 0.413329 -0.185969 0.055123 2.238689 -1.569963 -0.548371 0.938621 -0.004387
0.182918 -0.089456 -0.135996 2.091440 0.406081 -0.770008 -1.055734 0.000191 0.413329 -0.185969 0.055123 2.238689 -1.569963 -0.548371 0.938621 -0.004387
0.182918 -0.089456 -0.135996 2.091440 0.406081 -0.770008 -1.033608 0.000191 0.413329 -0.185969 0.055123 2.238689 -1.569963 -0.548371 0.938621 -0.004387
0.182918 -0.089456 -0.135996 2.091440 0.406081 -0.770008 -1.014916 -0.000191 0.413329 -0.185969 0.055123 2.238689 -1.569963 -0.548371 0.938621 -0.004387
0.182918 -0.089456 -0.135996 2.091440 0.406081 -0.770008 -1.002327 0.000191 0.413329 -0.185969 0.055123 2.238689 -1.569963 -0.548371 0.938621 -0.004387
0.183299 -0.089456 -0.135996 2.091440 0.406081 -0.770008 -1.000420 0.000191 0.413329 -0.185969 0.055123 2.238689 -1.569963 -0.548371 0.938621 -0.004387
0.183299 -0.089456 -0.135996 2.091440 0.405318 -0.769627 -1.001946 0.000191 0.413329 -0.185969 0.055123 2.238689 -1.569963 -0.548371 0.938621 -0.004387
0.182918 -0.089456 -0.135996 2.091440 0.404936 -0.769245 -1.001946 0.000191 0.413329 -0.185969 0.055123 2.238689 -1.569963 -0.548371 0.938621 -0.004387
0.183299 -0.089456 -0.136378 2.091440 0.405699 -0.766194 -1.001946 0.000191 0.413329 -0.185969 0.055123 2.238689 -1.569963 -0.548371 0.938621 -0.004387
0.183299 -0.089456 -0.136378 2.091440 0.405699 -0.766194 -1.001946 -0.000191 0.413329 -0.185969 0.055123 2.238689 -1.569963 -0.548371 0.938621 -0.004387
0.182918 -0.089456 -0.136378 2.091440 0.405699 -0.766194 -1.001946 0.000191 0.413329 -0.185969 0.055123 2.238689 -1.569963 -0.548371 0.938621 -0.004387
0.182918 -0.089456 -0.136378 2.091440 0.405699 -0.766194 -1.001946 0.000191 0.413329 -0.185969 0.055123 2.238689 -1.569963 -0.548371 0.938621 -0.004387
0.182918 -0.089456 -0.135996 2.091440 0.406081 -0.766194 -1.001946 0.000191 0.413329 -0.185969 0.055123 2.238689 -1.569963 -0.548371 0.938621 -0.004387
0.182918 -0.089456 -0.136378 2.091440 0.406081 -0.766194 -1.001946 0.000191 0.413329 -0.185969 0.055123 2.238689 -1.569963 -0.548371 0.938621 -0.004387
0.182918 -0.089456 -0.135996 2.091440 0.406081 -0.762760 -1.001564 0.000191 0.413329 -0.185969 0.055123 2.238689 -1.569963 -0.548371 0.938621 -0.004387
0.182918 -0.089456 -0.135996 2.091440 0.406462 -0.758183 -1.001564 0.000191 0.413329 -0.185969 0.055123 2.238689 -1.569581 -0.548371 0.938621 -0.004387
0.182918 -0.089456 -0.135996 2.091440 0.406462 -0.758564 -1.001564 0.000191 0.413329 -0.185969 0.055123 2.238689 -1.569963 -0.548371 0.938621 -0.004387
0.182918 -0.089456 -0.135996 2.091440 0.406462 -0.758564 -1.001564 0.000191 0.413329 -0.185969 0.055123 2.238689 -1.569963 -0.548371 0.938621 -0.004387
0.182918 -0.089456 -0.135996 2.091440 0.406462 -0.758564 -1.001946 0.000191 0.413329 -0.185969 0.055123 2.238689 -1.569963 -0.548371 0.938621 -0.004387
0.182918 -0.089456 -0.135996 2.091440 0.410277 -0.758564 -1.001564 0.000191 0.413329 -0.185969 0.055123 2.238689 -1.569963 -0.548371 0.938621 -0.004387
0.182536 -0.089456 -0.135996 2.091440 0.434691 -0.758564 -1.001564 0.000191 0.413329 -0.185969 0.055123 2.238689 -1.569963 -0.548371 0.938621 -0.004387
0.182918 -0.089456 -0.135996 2.091440 0.471695 -0.758564 -1.001564 -0.000191 0.413329 -0.185969 0.055123 2.238689 -1.569963 -0.548371 0.938621 -0.004387
0.182536 -0.089456 -0.135996 2.091440 0.518997 -0.755894 -1.001946 0.000191 0.413329 -0.185969 0.055123 2.238689 -1.569963 -0.548371 0.938239 -0.004387
0.183299 -0.089456 -0.135996 2.091440 0.564393 -0.734150 -1.001946 0.000191 0.413329 -0.185969 0.055123 2.238689 -1.569963 -0.548371 0.938621 -0.004387
0.182918 -0.089456 -0.135996 2.091440 0.613222 -0.697528 -1.001946 0.000191 0.413329 -0.185969 0.055123 2.238689 -1.569963 -0.548371 0.938621 -0.004387
0.182536 -0.089456 -0.135996 2.091440 0.652132 -0.658999 -1.003090 0.000191 0.413329 -0.185969 0.055123 2.238689 -1.569963 -0.548371 0.938621 -0.004387
0.182536 -0.089456 -0.135996 2.091440 0.684939 -0.615511 -1.006142 -0.000191 0.413329 -0.185969 0.055123 2.238689 -1.569963 -0.548371 0.938239 -0.004387
0.182536 -0.089456 -0.135996 2.091440 0.706302 -0.593004 -1.006142 0.000191 0.413329 -0.185969 0.055123 2.238689 -1.569963 -0.548371 0.938239 -0.004387
0.182536 -0.089456 -0.135996 2.091440 0.714694 -0.593767 -1.006142 0.000191 0.413329 -0.185969 0.055123 2.238689 -1.569963 -0.548371 0.938239 -0.004387
0.182536 -0.089456 -0.135996 2.091440 0.715076 -0.593767 -1.008049 -0.000191 0.413329 -0.185969 0.055123 2.238689 -1.569963 -0.548371 0.938239 -0.004387
0.182155 -0.089456 -0.135996 2.091440 0.713550 -0.593767 -1.017586 0.000191 0.413329 -0.185969 0.055123 2.238689 -1.569963 -0.548371 0.938239 -0.004387
0.182536 -0.089456 -0.135996 2.091440 0.713169 -0.593767 -1.033227 0.000191 0.413329 -0.185969 0.055123 2.238689 -1.569963 -0.548371 0.938239 -0.004387
0.182536 -0.089456 -0.135996 2.091440 0.713169 -0.594148 -1.051919 0.000572 0.413329 -0.185969 0.055123 2.238689 -1.569963 -0.548371 0.938621 -0.004387
0.182536 -0.089456 -0.135996 2.091440 0.712787 -0.594148 -1.073281 0.000572 0.413329 -0.185969 0.055123 2.238689 -1.569963 -0.548371 0.938239 -0.004387
0.182536 -0.089456 -0.135996 2.091440 0.708972 -0.594148 -1.094263 0.000572 0.413329 -0.185969 0.055123 2.238689 -1.569963 -0.548371 0.938239 -0.004387
0.182918 -0.089456 -0.135996 2.091440 0.709354 -0.596056 -1.112955 0.000572 0.413329 -0.185969 0.055123 2.238689 -1.569963 -0.548371 0.938621 -0.004387
0.182918 -0.089456 -0.135996 2.091440 0.708972 -0.604448 -1.129358 0.000954 0.413329 -0.185969 0.055123 2.238689 -1.569963 -0.548371 0.938239 -0.004387
0.182918 -0.089456 -0.135996 2.091440 0.708972 -0.605592 -1.144999 0.000572 0.413329 -0.185969 0.055123 2.238689 -1.569963 -0.548371 0.938621 -0.004387
0.182918 -0.089456 -0.135996 2.091440 0.709735 -0.605592 -1.154917 0.000572 0.413329 -0.185969 0.055123 2.238689 -1.569963 -0.548371 0.938621 -0.004387
0.182918 -0.089456 -0.135996 2.091440 0.709354 -0.605211 -1.164454 0.000572 0.413329 -0.185969 0.055123 2.238689 -1.569963 -0.548371 0.938621 -0.004387
0.182918 -0.089456 -0.135996 2.091440 0.709354 -0.605211 -1.168650 0.000572 0.413329 -0.185969 0.055123 2.238689 -1.569963 -0.548371 0.938239 -0.004387
0.182918 -0.089456 -0.135996 2.091440 0.709354 -0.604448 -1.168650 0.000572 0.413329 -0.185969 0.055123 2.238689 -1.569963 -0.548371 0.938239 -0.004387
0.182918 -0.089456 -0.135996 2.091440 0.709354 -0.604448 -1.168650 0.000572 0.413329 -0.185969 0.055123 2.238689 -1.569963 -0.548371 0.938239 -0.004387
0.182918 -0.089456 -0.135996 2.091440 0.709354 -0.604448 -1.168269 0.000572 0.413329 -0.185969 0.055123 2.238689 -1.569963 -0.548371 0.938239 -0.004387
0.182918 -0.089456 -0.135996 2.091440 0.709354 -0.603304 -1.168269 0.000572 0.413329 -0.185969 0.055123 2.238689 -1.569963 -0.548371 0.938621 -0.004387
0.182918 -0.089456 -0.135996 2.091440 0.709354 -0.596056 -1.168269 0.000572 0.413329 -0.185969 0.055123 2.238689 -1.569963 -0.548371 0.938621 -0.004387
0.182918 -0.089456 -0.135996 2.091440 0.708972 -0.586137 -1.168269 0.000572 0.413329 -0.185969 0.055123 2.238689 -1.569581 -0.548371 0.938239 -0.004387
0.182918 -0.089456 -0.135996 2.091440 0.708972 -0.571260 -1.168269 0.000572 0.413329 -0.185969 0.055123 2.238689 -1.569963 -0.548371 0.938239 -0.004387
0.182918 -0.089456 -0.135996 2.091440 0.708591 -0.554475 -1.168269 0.000191 0.413329 -0.185969 0.055123 2.238689 -1.569963 -0.548371 0.938239 -0.004387
0.182536 -0.089075 -0.135996 2.091440 0.705921 -0.535401 -1.168650 -0.000191 0.413329 -0.185969 0.055123 2.238689 -1.569963 -0.548371 0.938239 -0.004387
0.182536 -0.089456 -0.135996 2.091440 0.701724 -0.520523 -1.167887 -0.001335 0.413329 -0.185969 0.055123 2.238689 -1.569581 -0.548371 0.938239 -0.004387
0.182536 -0.089075 -0.135996 2.091440 0.700580 -0.518235 -1.167887 -0.013542 0.413329 -0.185969 0.055123 2.238689 -1.569963 -0.548371 0.938239 -0.004387
0.182536 -0.089456 -0.135996 2.091440 0.694858 -0.518235 -1.167887 -0.049020 0.413329 -0.185969 0.055123 2.238689 -1.569963 -0.548371 0.938239 -0.004387
0.182536 -0.089456 -0.135996 2.091440 0.684939 -0.518235 -1.167887 -0.118448 0.413329 -0.185969 0.055123 2.238689 -1.569963 -0.548371 0.938239 -0.004387
0.182536 -0.089456 -0.135996 2.091440 0.682650 -0.517853 -1.167887 -0.226406 0.413329 -0.185969 0.055123 2.238689 -1.569963 -0.548371 0.938239 -0.004387
0.182536 -0.089456 -0.135996 2.091440 0.683032 -0.518235 -1.167887 -0.332837 0.413329 -0.185969 0.055123 2.238689 -1.569581 -0.547990 0.938239 -0.004387
0.182536 -0.089456 -0.135996 2.091440 0.683032 -0.518235 -1.167887 -0.425154 0.413329 -0.185969 0.055123 2.238689 -1.569963 -0.548371 0.938239 -0.004387
0.182536 -0.089456 -0.135996 2.091440 0.683032 -0.518235 -1.167506 -0.483520 0.413329 -0.185969 0.055123 2.238689 -1.569963 -0.547990 0.938239 -0.004387
0.182536 -0.089456 -0.135996 2.091440 0.683032 -0.518235 -1.167124 -0.529297 0.413329 -0.185969 0.055123 2.238689 -1.569963 -0.548371 0.938239 -0.004387
0.182536 -0.089075 -0.135996 2.091440 0.683413 -0.518616 -1.167506 -0.554856 0.413329 -0.185969 0.055123 2.238689 -1.569963 -0.548371 0.938239 -0.004387
0.182536 -0.089456 -0.135996 2.091440 0.683413 -0.518616 -1.167506 -0.566300 0.413329 -0.185969 0.055123 2.238689 -1.569963 -0.548371 0.937858 -0.004387
0.182155 -0.089456 -0.135996 2.091440 0.683413 -0.518235 -1.167506 -0.565919 0.413329 -0.185969 0.055123 2.238689 -1.569963 -0.548371 0.937095 -0.004387
0.181010 -0.089075 -0.135996 2.091440 0.682650 -0.518235 -1.167887 -0.565919 0.413329 -0.185969 0.055123 2.238689 -1.569963 -0.548371 0.931754 -0.004387
0.179866 -0.089456 -0.135996 2.091440 0.683032 -0.518235 -1.167887 -0.565537 0.413329 -0.185969 0.055123 2.238689 -1.569963 -0.548371 0.930228 -0.004387
0.178340 -0.089456 -0.135996 2.091821 0.682650 -0.518235 -1.167887 -0.565537 0.413329 -0.185969 0.055123 2.238689 -1.569963 -0.548371 0.930610 -0.004387
0.176814 -0.089456 -0.135996 2.091821 0.683032 -0.516709 -1.167506 -0.565537 0.413329 -0.185969 0.055123 2.238689 -1.569963 -0.547608 0.930610 -0.004387
0.177195 -0.089456 -0.135996 2.091821 0.682650 -0.504501 -1.167887 -0.565537 0.413329 -0.185969 0.055123 2.238689 -1.569963 -0.547608 0.930610 -0.004387
0.177195 -0.089456 -0.135996 2.091821 0.682269 -0.484665 -1.168269 -0.565537 0.413329 -0.185969 0.055123 2.238689 -1.569581 -0.547608 0.930610 -0.004387
0.177195 -0.089456 -0.135996 2.091821 0.675784 -0.466735 -1.168269 -0.565156 0.413329 -0.185969 0.055123 2.238689 -1.569963 -0.544938 0.930228 -0.004387
0.177195 -0.089456 -0.135996 2.091821 0.658236 -0.462539 -1.167887 -0.565537 0.413329 -0.185969 0.055123 2.238689 -1.569963 -0.541886 0.930228 -0.004387
0.177195 -0.089456 -0.135996 2.091821 0.631914 -0.462921 -1.168650 -0.565537 0.413329 -0.185969 0.055123 2.238689 -1.569963 -0.540742 0.930228 -0.004387
0.177195 -0.089456 -0.135996 2.091821 0.601015 -0.463302 -1.168650 -0.565537 0.413329 -0.185969 0.055123 2.238689 -1.569963 -0.540360 0.930610 -0.004387
0.177195 -0.089456 -0.135996 2.091821 0.568971 -0.466354 -1.168269 -0.565537 0.413329 -0.185969 0.055123 2.238689 -1.569963 -0.539597 0.930228 -0.004387
0.177195 -0.089456 -0.135996 2.091821 0.536545 -0.476654 -1.168650 -0.565537 0.413329 -0.185969 0.055123 2.238689 -1.569963 -0.537308 0.930228 -0.004387
0.177195 -0.089456 -0.135996 2.091821 0.502594 -0.486191 -1.168269 -0.565537 0.413329 -0.185969 0.055123 2.238689 -1.569963 -0.537308 0.930610 -0.004387
0.177195 -0.089456 -0.135996 2.091821 0.475891 -0.502594 -1.168650 -0.565537 0.413329 -0.185969 0.055123 2.238689 -1.569581 -0.536927 0.930610 -0.004387
0.177195 -0.089456 -0.135996 2.091821 0.448425 -0.517472 -1.168650 -0.565537 0.413329 -0.185969 0.055123 2.238689 -1.569963 -0.535401 0.930610 -0.004387
0.177195 -0.089456 -0.135996 2.091821 0.425917 -0.531586 -1.172465 -0.565156 0.413329 -0.185969 0.055123 2.238689 -1.569963 -0.533112 0.930610 -0.004387
0.177195 -0.089456 -0.135996 2.091821 0.410277 -0.541886 -1.183909 -0.565537 0.413329 -0.185969 0.055123 2.238689 -1.569581 -0.533112 0.930991 -0.004387
0.177577 -0.089456 -0.135996 2.091821 0.393492 -0.559815 -1.193065 -0.565156 0.413329 -0.185969 0.055123 2.238689 -1.569963 -0.532731 0.930991 -0.004387
0.177577 -0.089456 -0.135996 2.091821 0.380522 -0.576219 -1.202602 -0.565537 0.413329 -0.185969 0.055123 2.238689 -1.569963 -0.530060 0.930991 -0.004387
0.177577 -0.089456 -0.135996 2.091821 0.369078 -0.591859 -1.209850 -0.565537 0.413329 -0.185969 0.055123 2.238689 -1.569963 -0.525864 0.930991 -0.004387
0.177195 -0.089456 -0.135996 2.091821 0.360685 -0.604067 -1.219005 -0.565537 0.413329 -0.185969 0.055123 2.238689 -1.569963 -0.520905 0.930991 -0.004387
0.177577 -0.089456 -0.135996 2.091821 0.348096 -0.613222 -1.225872 -0.565537 0.413329 -0.185969 0.055123 2.238689 -1.569963 -0.517472 0.931373 -0.004387
0.177577 -0.089456 -0.135996 2.091821 0.335508 -0.625429 -1.234264 -0.565537 0.413329 -0.185969 0.054742 2.238689 -1.569963 -0.513275 0.931754 -0.004387
0.177577 -0.089456 -0.135996 2.091821 0.314908 -0.643359 -1.241131 -0.565537 0.413329 -0.185969 0.054742 2.238689 -1.569963 -0.510224 0.932136 -0.004387
0.177577 -0.089456 -0.135996 2.091821 0.291257 -0.660525 -1.247616 -0.565537 0.413329 -0.185969 0.054742 2.238689 -1.569581 -0.509461 0.932517 -0.004387
0.177195 -0.089456 -0.135996 2.091821 0.266461 -0.675021 -1.249523 -0.565537 0.413329 -0.185969 0.054742 2.238689 -1.569581 -0.506790 0.935187 -0.004387
0.177195 -0.089456 -0.135996 2.091821 0.241665 -0.692950 -1.249905 -0.565537 0.413329 -0.185969 0.054742 2.238689 -1.569963 -0.506790 0.941291 -0.004387
0.177195 -0.089456 -0.135996 2.091821 0.218776 -0.707446 -1.249905 -0.565537 0.413329 -0.185969 0.054742 2.238689 -1.569963 -0.507172 0.950446 -0.004387
0.177195 -0.089456 -0.135996 2.091821 0.197414 -0.715457 -1.249905 -0.565537 0.413329 -0.185969 0.054742 2.238689 -1.569963 -0.507553 0.964179 -0.004387
0.177195 -0.089456 -0.135996 2.091821 0.183680 -0.721561 -1.249905 -0.565537 0.413329 -0.185969 0.054742 2.238689 -1.569963 -0.507553 0.977913 -0.004387
0.177195 -0.089456 -0.135996 2.091821 0.172618 -0.731098 -1.249905 -0.565537 0.413329 -0.185969 0.054742 2.238689 -1.569963 -0.507553 0.994697 -0.004387
0.177195 -0.089456 -0.135996 2.091821 0.165751 -0.739872 -1.249523 -0.565537 0.413329 -0.185969 0.054742 2.239071 -1.569963 -0.507553 1.011482 -0.004387
0.177195 -0.089456 -0.135996 2.091821 0.166133 -0.742161 -1.249905 -0.565537 0.413329 -0.185969 0.054742 2.238689 -1.569963 -0.507553 1.027504 -0.004387
0.177195 -0.089456 -0.135996 2.091821 0.166133 -0.744831 -1.249523 -0.565537 0.413329 -0.185969 0.054742 2.238689 -1.569963 -0.507172 1.046197 -0.004387
0.177195 -0.089456 -0.135996 2.091821 0.166133 -0.754368 -1.249905 -0.565537 0.413329 -0.185969 0.054742 2.238689 -1.569963 -0.507172 1.064508 -0.004387
0.177195 -0.089456 -0.135996 2.091821 0.166133 -0.766575 -1.249523 -0.565537 0.413329 -0.185969 0.054742 2.238689 -1.569963 -0.507172 1.080529 -0.004387
0.177195 -0.089456 -0.135996 2.091821 0.166133 -0.770771 -1.249523 -0.565537 0.413329 -0.185969 0.054742 2.238689 -1.569963 -0.507172 1.093118 -0.004387
0.177195 -0.089456 -0.134852 2.091821 0.166133 -0.770771 -1.249523 -0.565537 0.413329 -0.185969 0.054742 2.238689 -1.569963 -0.507172 1.099222 -0.004387
0.177195 -0.089456 -0.131800 2.091821 0.166133 -0.770771 -1.249905 -0.565537 0.413710 -0.185969 0.054360 2.238689 -1.569963 -0.507172 1.100366 -0.004387
0.177195 -0.089456 -0.127222 2.091821 0.166133 -0.770771 -1.249905 -0.565537 0.413710 -0.185969 0.054360 2.239071 -1.569963 -0.507172 1.099985 -0.004387
0.177195 -0.089456 -0.121118 2.091821 0.166514 -0.770771 -1.249523 -0.565537 0.413710 -0.185969 0.054742 2.238689 -1.569963 -0.507553 1.099985 -0.004387
0.177195 -0.089456 -0.114633 2.091821 0.166514 -0.770771 -1.249523 -0.565537 0.413710 -0.185969 0.054360 2.238689 -1.569963 -0.507935 1.099985 -0.004387
0.176814 -0.089456 -0.106622 2.091821 0.166896 -0.770771 -1.249142 -0.565537 0.413710 -0.185969 0.054360 2.239071 -1.569963 -0.507935 1.099985 -0.004387
0.176814 -0.089456 -0.096323 2.091821 0.166896 -0.770771 -1.248760 -0.565537 0.413710 -0.185969 0.052834 2.239071 -1.569963 -0.509079 1.099985 -0.004387
0.176432 -0.089456 -0.083352 2.091821 0.166896 -0.770771 -1.247234 -0.565537 0.413710 -0.185969 0.052071 2.239071 -1.569963 -0.517853 1.100748 -0.004387
0.176432 -0.089456 -0.072290 2.091821 0.166896 -0.770771 -1.246090 -0.565537 0.413710 -0.185969 0.049783 2.239071 -1.569963 -0.526246 1.100748 -0.004387
0.176814 -0.089456 -0.061990 2.091821 0.166514 -0.770771 -1.245708 -0.565537 0.413710 -0.185969 0.045968 2.239071 -1.569963 -0.535401 1.100748 -0.004387
0.176432 -0.089456 -0.050927 2.091821 0.166514 -0.770771 -1.245708 -0.565537 0.413710 -0.185969 0.041390 2.239071 -1.569963 -0.547990 1.100748 -0.004387
0.176432 -0.089456 -0.041009 2.091821 0.166514 -0.770390 -1.245708 -0.565537 0.413710 -0.185969 0.036431 2.239071 -1.569581 -0.552949 1.100748 -0.004387
0.176432 -0.089456 -0.031853 2.091821 0.166514 -0.770771 -1.244182 -0.565537 0.413710 -0.185969 0.030709 2.239834 -1.569963 -0.552949 1.100748 -0.004387
0.176051 -0.089456 -0.023461 2.091821 0.166514 -0.770771 -1.238842 -0.565537 0.413710 -0.185969 0.026131 2.240597 -1.569963 -0.552949 1.100366 -0.004387
0.174907 -0.089456 -0.016594 2.091821 0.166133 -0.770771 -1.231212 -0.565537 0.413710 -0.185969 0.022316 2.240978 -1.569963 -0.553330 1.100748 -0.004387
0.174525 -0.089456 -0.009728 2.091821 0.166514 -0.770771 -1.220531 -0.565537 0.413710 -0.185969 0.017357 2.240978 -1.569963 -0.553712 1.100748 -0.004387
0.174525 -0.089456 -0.006294 2.091821 0.166514 -0.770771 -1.211757 -0.565537 0.413710 -0.185969 0.012779 2.240978 -1.569963 -0.557527 1.099985 -0.004387
0.174525 -0.089456 -0.004387 2.091821 0.166514 -0.770771 -1.205653 -0.565537 0.413710 -0.185969 0.009728 2.240597 -1.569963 -0.563630 1.100748 -0.004387
0.174525 -0.089456 -0.004005 2.091821 0.166133 -0.770771 -1.201839 -0.565537 0.413710 -0.185969 0.006676 2.240978 -1.569963 -0.569352 1.100366 -0.004387
0.174525 -0.089456 -0.004005 2.091821 0.165751 -0.770771 -1.201839 -0.565537 0.413710 -0.185969 0.004387 2.240978 -1.569963 -0.568971 1.101129 -0.004387
0.174525 -0.089456 -0.004005 2.091821 0.163462 -0.770771 -1.201839 -0.565537 0.413710 -0.185969 0.001335 2.240978 -1.569963 -0.568971 1.100366 -0.004387
0.174525 -0.089456 -0.004005 2.091821 0.162318 -0.770771 -1.201457 -0.565537 0.413710 -0.185969 -0.000572 2.240978 -1.569963 -0.568971 1.100748 -0.004387
0.174525 -0.089456 -0.003624 2.091821 0.162699 -0.770771 -1.201457 -0.565537 0.413710 -0.185969 -0.003243 2.240597 -1.569581 -0.570115 1.100366 -0.004387
0.174907 -0.089456 -0.003624 2.091821 0.162699 -0.770771 -1.201457 -0.565537 0.413710 -0.185969 -0.005531 2.240978 -1.569963 -0.571641 1.098459 -0.004387
0.174907 -0.089456 -0.003624 2.091821 0.162318 -0.770771 -1.201457 -0.565537 0.414092 -0.185969 -0.005913 2.240978 -1.569963 -0.571641 1.096170 -0.004387
0.174907 -0.089456 -0.003624 2.091821 0.162318 -0.770771 -1.201457 -0.565537 0.414092 -0.185969 -0.005913 2.240978 -1.569963 -0.571641 1.095407 -0.004387
0.174907 -0.089456 -0.004005 2.091821 0.162318 -0.770771 -1.201457 -0.565919 0.414092 -0.185969 -0.005913 2.240597 -1.569963 -0.571641 1.095026 -0.004387
0.175288 -0.089456 -0.004005 2.091821 0.161936 -0.770771 -1.201457 -0.565537 0.413710 -0.185969 -0.005913 2.240978 -1.569963 -0.571641 1.088540 -0.004387
0.176432 -0.089456 -0.004005 2.091440 0.161936 -0.770771 -1.201457 -0.565537 0.414092 -0.185969 -0.005913 2.240597 -1.569963 -0.572023 1.080148 -0.004387
0.177958 -0.089456 -0.004005 2.091440 0.161555 -0.770771 -1.201839 -0.565537 0.414092 -0.185969 -0.005913 2.240978 -1.569963 -0.572023 1.075952 -0.004387
0.179866 -0.089456 -0.004005 2.091440 0.159648 -0.770390 -1.201457 -0.565537 0.414092 -0.185969 -0.005913 2.240978 -1.569963 -0.572023 1.071756 -0.004387
0.182155 -0.089456 -0.004005 2.091058 0.150874 -0.770771 -1.201839 -0.565537 0.414092 -0.185969 -0.005913 2.242123 -1.569963 -0.574693 1.069848 -0.004387
0.183299 -0.089456 -0.004005 2.090677 0.136759 -0.770771 -1.201839 -0.565537 0.414092 -0.185969 -0.005913 2.244030 -1.569963 -0.575456 1.069467 -0.004387
0.182918 -0.089456 -0.004005 2.090677 0.127604 -0.770771 -1.201457 -0.565919 0.414092 -0.185969 -0.005913 2.247082 -1.569581 -0.575074 1.069848 -0.004387
0.182918 -0.089456 -0.004005 2.090677 0.121118 -0.770771 -1.201839 -0.565537 0.414092 -0.185969 -0.005913 2.249752 -1.569963 -0.575074 1.069085 -0.004387
0.182918 -0.089456 -0.004005 2.090677 0.112726 -0.770771 -1.201457 -0.565537 0.414092 -0.185969 -0.005913 2.253185 -1.569963 -0.575074 1.069085 -0.004387
0.182918 -0.089456 -0.004387 2.090677 0.106622 -0.770771 -1.201457 -0.565537 0.414092 -0.185969 -0.005913 2.255474 -1.569963 -0.575074 1.067178 -0.004387
0.183299 -0.089456 -0.005531 2.090677 0.106622 -0.770390 -1.201457 -0.565537 0.414092 -0.185969 -0.005913 2.258145 -1.569963 -0.574693 1.061837 -0.004387
0.182918 -0.089456 -0.005913 2.090677 0.106622 -0.770771 -1.200694 -0.565919 0.414092 -0.185969 -0.005913 2.258526 -1.569963 -0.574693 1.056878 -0.004387
0.182918 -0.089456 -0.005913 2.090295 0.106622 -0.770771 -1.200313 -0.565919 0.414092 -0.185969 -0.005913 2.258526 -1.569963 -0.575074 1.052300 -0.004387
0.182918 -0.089456 -0.005913 2.090677 0.107004 -0.770771 -1.197642 -0.565919 0.414092 -0.185969 -0.005913 2.258526 -1.569963 -0.575074 1.049248 -0.004387
0.182918 -0.089456 -0.005913 2.090295 0.106622 -0.770771 -1.191539 -0.565537 0.414092 -0.185969 -0.005913 2.258526 -1.569963 -0.575074 1.048867 -0.004387
0.182918 -0.089456 -0.005531 2.090295 0.106622 -0.770771 -1.184291 -0.565537 0.414092 -0.185969 -0.005913 2.258526 -1.569963 -0.575074 1.050011 -0.004387
0.182918 -0.089456 -0.005531 2.090295 0.107004 -0.770771 -1.177806 -0.565919 0.414092 -0.185969 -0.005913 2.258526 -1.569963 -0.575074 1.050393 -0.004387
0.182918 -0.089456 -0.005531 2.090295 0.107767 -0.770771 -1.173991 -0.565537 0.414092 -0.185969 -0.005913 2.258526 -1.569963 -0.575074 1.050774 -0.004387
0.182918 -0.089456 -0.005531 2.090295 0.108530 -0.770771 -1.174372 -0.565919 0.414092 -0.185969 -0.005913 2.258526 -1.569963 -0.574693 1.051156 -0.004387
0.182918 -0.089456 -0.004768 2.090295 0.110437 -0.770771 -1.173991 -0.565919 0.414092 -0.185969 -0.005913 2.258526 -1.569963 -0.574693 1.051919 -0.004387
0.182918 -0.089456 -0.004768 2.090295 0.110437 -0.770771 -1.174372 -0.565919 0.414092 -0.185969 -0.005913 2.258526 -1.569963 -0.575074 1.052682 -0.004387
0.182918 -0.089456 -0.003624 2.090295 0.110819 -0.770771 -1.174372 -0.565919 0.414092 -0.185969 -0.005913 2.258526 -1.569581 -0.574693 1.056115 -0.004387
0.182918 -0.089456 -0.000572 2.090295 0.110819 -0.770771 -1.174372 -0.565919 0.414092 -0.185969 -0.005913 2.258526 -1.569963 -0.575074 1.060311 -0.004387
0.182918 -0.089456 0.004387 2.090295 0.110819 -0.770771 -1.174372 -0.565919 0.414092 -0.185969 -0.005913 2.258526 -1.569963 -0.575074 1.066033 -0.004387
0.182536 -0.089456 0.010491 2.090295 0.111582 -0.770771 -1.174372 -0.565919 0.414092 -0.185969 -0.005913 2.258526 -1.569963 -0.575074 1.072900 -0.004387
0.182536 -0.089456 0.017739 2.090677 0.111200 -0.770771 -1.174372 -0.566300 0.414092 -0.185969 -0.005913 2.258526 -1.569963 -0.575074 1.080911 -0.004387
0.182536 -0.089456 0.024605 2.090677 0.111582 -0.770771 -1.174372 -0.566300 0.414092 -0.185969 -0.006294 2.258526 -1.569963 -0.574693 1.086633 -0.004387
0.182536 -0.089456 0.032616 2.090677 0.111200 -0.770771 -1.174754 -0.565919 0.414092 -0.185969 -0.006294 2.258526 -1.569963 -0.575074 1.090829 -0.004387
0.182536 -0.089456 0.040246 2.090677 0.111200 -0.770771 -1.174754 -0.566300 0.414092 -0.185969 -0.006294 2.258526 -1.569963 -0.574693 1.093118 -0.004387
0.182155 -0.089456 0.047875 2.090677 0.111582 -0.770771 -1.174754 -0.566300 0.414092 -0.185969 -0.006294 2.258526 -1.569963 -0.574693 1.096170 -0.004387
0.181773 -0.089456 0.056649 2.090677 0.113489 -0.770771 -1.174754 -0.565919 0.413710 -0.185969 -0.006294 2.258526 -1.569963 -0.574693 1.096551 -0.004387
0.180629 -0.089456 0.065042 2.090677 0.116159 -0.770771 -1.174754 -0.566300 0.413710 -0.185969 -0.006294 2.258526 -1.569963 -0.575074 1.096551 -0.004387
0.179484 -0.089456 0.073816 2.090677 0.117304 -0.770771 -1.174754 -0.566300 0.414092 -0.185969 -0.006294 2.258526 -1.569963 -0.575074 1.096933 -0.004387
0.179484 -0.089456 0.081445 2.090677 0.117685 -0.770771 -1.175135 -0.565919 0.414092 -0.185969 -0.006294 2.258526 -1.569963 -0.575074 1.096933 -0.004387
0.179484 -0.089456 0.087930 2.090677 0.117685 -0.770771 -1.174754 -0.565919 0.413710 -0.185969 -0.006294 2.258526 -1.569963 -0.575074 1.096933 -0.004387
0.179866 -0.089456 0.092889 2.090677 0.117685 -0.770771 -1.174754 -0.565919 0.414092 -0.185969 -0.006294 2.258526 -1.569963 -0.575074 1.096933 -0.004387
0.179484 -0.089456 0.096323 2.090677 0.118067 -0.770771 -1.174754 -0.565919 0.414092 -0.185969 -0.006294 2.258526 -1.569963 -0.575074 1.097314 -0.004387
0.179484 -0.089456 0.100137 2.090677 0.117685 -0.770771 -1.175135 -0.565919 0.413710 -0.185969 -0.006294 2.258526 -1.569963 -0.575074 1.098840 -0.004387
0.179103 -0.089456 0.102808 2.090677 0.117685 -0.770771 -1.174754 -0.565919 0.413710 -0.185969 -0.006294 2.258526 -1.569963 -0.575074 1.102274 -0.004387
0.177195 -0.089456 0.105859 2.090677 0.117685 -0.770771 -1.174754 -0.565919 0.413710 -0.185969 -0.006294 2.258526 -1.569963 -0.575074 1.107996 -0.004387
0.174907 -0.089456 0.108530 2.090677 0.117685 -0.770771 -1.175517 -0.565919 0.413710 -0.185969 -0.006294 2.258526 -1.569963 -0.575074 1.116388 -0.004387
0.172618 -0.089456 0.108911 2.090677 0.117304 -0.770771 -1.175517 -0.565919 0.413710 -0.185969 -0.006294 2.258526 -1.569963 -0.575074 1.125162 -0.004387
0.170329 -0.089456 0.108911 2.090677 0.117304 -0.770771 -1.175135 -0.565919 0.413710 -0.185969 -0.006294 2.258526 -1.569963 -0.575074 1.135462 -0.004387
0.166896 -0.089456 0.109293 2.090677 0.116922 -0.770771 -1.175517 -0.565919 0.413710 -0.185969 -0.006294 2.258526 -1.569963 -0.575074 1.145380 -0.004387
0.163081 -0.089456 0.109293 2.090677 0.116922 -0.770771 -1.178569 -0.565919 0.413710 -0.185969 -0.006294 2.258526 -1.569963 -0.575074 1.154917 -0.004387
0.160029 -0.089456 0.109293 2.090677 0.117304 -0.770771 -1.178950 -0.565919 0.413710 -0.185969 -0.006294 2.258526 -1.569963 -0.575074 1.164454 -0.004387
0.157359 -0.089456 0.109293 2.090677 0.117304 -0.770771 -1.178950 -0.565919 0.413710 -0.185969 -0.006294 2.258526 -1.569581 -0.575074 1.170176 -0.004387
0.156977 -0.089456 0.109293 2.090677 0.117304 -0.770771 -1.178569 -0.565919 0.413710 -0.185969 -0.006294 2.258526 -1.569963 -0.575074 1.171702 -0.004387
0.157359 -0.089456 0.109293 2.090677 0.117304 -0.770771 -1.178569 -0.565919 0.413710 -0.185969 -0.006294 2.258526 -1.569963 -0.575074 1.171702 -0.004387
0.157359 -0.089456 0.109293 2.090677 0.117304 -0.770771 -1.178569 -0.565919 0.413710 -0.185969 -0.006294 2.258526 -1.569963 -0.575074 1.171702 -0.004387
0.157359 -0.089456 0.109293 2.090677 0.117304 -0.770771 -1.178569 -0.565919 0.413710 -0.185969 -0.006294 2.258526 -1.569963 -0.575074 1.172084 -0.004387
0.157359 -0.089456 0.109293 2.090677 0.117304 -0.770771 -1.178569 -0.565919 0.413710 -0.185969 -0.006294 2.258526 -1.569963 -0.575074 1.172084 -0.004387
0.157359 -0.089456 0.110437 2.090677 0.117304 -0.770771 -1.178569 -0.565919 0.413710 -0.185969 -0.006294 2.258526 -1.569963 -0.575074 1.175517 -0.004387
0.157359 -0.089456 0.113489 2.090677 0.117304 -0.770771 -1.178569 -0.565919 0.413710 -0.185969 -0.006294 2.258526 -1.569963 -0.575074 1.181239 -0.004387
0.157359 -0.089456 0.116159 2.090677 0.117304 -0.770771 -1.178569 -0.565919 0.413710 -0.185969 -0.006294 2.258526 -1.569963 -0.575074 1.188869 -0.004387
0.157359 -0.089456 0.120356 2.090677 0.117304 -0.770771 -1.178569 -0.565919 0.413329 -0.185969 -0.006294 2.258526 -1.569963 -0.575074 1.197261 -0.004387
0.157359 -0.089456 0.124170 2.090677 0.117304 -0.770771 -1.178569 -0.565919 0.413329 -0.185969 -0.006294 2.258526 -1.569581 -0.575074 1.207179 -0.004387
0.157359 -0.089456 0.127222 2.090677 0.116922 -0.770771 -1.178569 -0.565919 0.413710 -0.185969 -0.006294 2.258526 -1.569963 -0.575456 1.216335 -0.004387
0.157359 -0.089456 0.129511 2.090677 0.116922 -0.770390 -1.178569 -0.565919 0.413710 -0.185969 -0.006294 2.258526 -1.569963 -0.575456 1.223201 -0.004387
0.157359 -0.089456 0.133326 2.090677 0.117304 -0.770771 -1.178187 -0.565919 0.413710 -0.185969 -0.006294 2.258526 -1.569963 -0.575456 1.229305 -0.004387
0.157359 -0.089456 0.137903 2.090677 0.117304 -0.770771 -1.178187 -0.565919 0.413710 -0.185969 -0.006294 2.258526 -1.569963 -0.575456 1.234264 -0.004387
0.157359 -0.089456 0.144388 2.090677 0.117304 -0.770771 -1.178187 -0.565919 0.413710 -0.185969 -0.006676 2.258526 -1.569963 -0.575456 1.239223 -0.004387
0.157359 -0.089456 0.150111 2.090677 0.117304 -0.770771 -1.177806 -0.565919 0.413710 -0.185969 -0.007057 2.258526 -1.569963 -0.575456 1.239223 -0.004005
0.157359 -0.089456 0.156214 2.090677 0.117304 -0.770771 -1.178187 -0.565919 0.413710 -0.185969 -0.008965 2.258526 -1.569963 -0.575456 1.239223 -0.004387
0.156977 -0.089456 0.162318 2.090677 0.117304 -0.770771 -1.177806 -0.565919 0.413710 -0.185969 -0.011254 2.258526 -1.569963 -0.575456 1.239223 -0.004387
0.157359 -0.089456 0.168040 2.090677 0.117304 -0.770771 -1.177424 -0.565919 0.413710 -0.185969 -0.013924 2.258526 -1.569963 -0.576219 1.239223 -0.004387
0.157359 -0.089456 0.173381 2.090677 0.117304 -0.770771 -1.177424 -0.565537 0.413710 -0.185969 -0.016976 2.258526 -1.569963 -0.578126 1.239223 -0.004387
0.157359 -0.089456 0.177195 2.090677 0.117304 -0.770771 -1.177424 -0.565919 0.413710 -0.185969 -0.020027 2.258526 -1.569963 -0.579271 1.239223 -0.004005
0.156977 -0.089456 0.181010 2.090677 0.117304 -0.770771 -1.177424 -0.565537 0.413710 -0.185969 -0.022698 2.258526 -1.569963 -0.580034 1.239223 -0.004005
0.157359 -0.089456 0.184825 2.090677 0.117304 -0.770771 -1.177424 -0.565537 0.413710 -0.185969 -0.025368 2.258526 -1.569963 -0.586137 1.238842 -0.004005
0.156977 -0.089456 0.187495 2.090677 0.117304 -0.770771 -1.177424 -0.565537 0.413710 -0.185969 -0.026894 2.258526 -1.569963 -0.595293 1.239223 -0.004005
0.156977 -0.089456 0.189403 2.090677 0.117304 -0.770771 -1.177424 -0.565537 0.413329 -0.185969 -0.028801 2.258526 -1.569963 -0.597581 1.239223 -0.004005
0.156977 -0.089456 0.189784 2.090677 0.117304 -0.770771 -1.177424 -0.565537 0.413710 -0.185969 -0.028420 2.258526 -1.569963 -0.597581 1.239223 -0.004005
0.156977 -0.089456 0.189784 2.090677 0.117304 -0.770771 -1.177043 -0.565537 0.413710 -0.185969 -0.028420 2.258526 -1.569963 -0.597581 1.239223 -0.004005
0.156977 -0.089456 0.189784 2.090677 0.117304 -0.770771 -1.173991 -0.565156 0.413329 -0.185969 -0.028420 2.258526 -1.569581 -0.597581 1.239223 -0.004005
0.156977 -0.089456 0.189784 2.090677 0.117304 -0.770771 -1.173991 -0.565156 0.413329 -0.185969 -0.028420 2.258526 -1.569963 -0.597200 1.239223 -0.004005
0.156977 -0.089456 0.189784 2.090677 0.117304 -0.770771 -1.174372 -0.565156 0.413329 -0.185969 -0.028420 2.258526 -1.569963 -0.597581 1.239223 -0.004005
0.156977 -0.089456 0.189784 2.090677 0.117304 -0.770390 -1.174372 -0.565156 0.413329 -0.185969 -0.028420 2.258526 -1.569963 -0.597581 1.239223 -0.004005
0.156977 -0.089456 0.189784 2.090677 0.117304 -0.770390 -1.174372 -0.565156 0.413329 -0.185969 -0.028420 2.258526 -1.569963 -0.597200 1.239223 -0.004005
0.156977 -0.089456 0.189403 2.090677 0.117304 -0.770008 -1.174372 -0.565156 0.413329 -0.185969 -0.028420 2.258526 -1.569963 -0.597581 1.239223 -0.003624
0.156977 -0.089456 0.189403 2.090677 0.117304 -0.770008 -1.173991 -0.565156 0.413329 -0.185969 -0.028420 2.258526 -1.569963 -0.597200 1.239223 -0.004005
0.156977 -0.089456 0.189403 2.090677 0.117304 -0.769627 -1.173991 -0.565156 0.413329 -0.185969 -0.028420 2.258526 -1.569963 -0.597581 1.239223 -0.003624
0.156977 -0.089456 0.189403 2.090677 0.117685 -0.768101 -1.173991 -0.565156 0.413329 -0.185969 -0.028420 2.258526 -1.569963 -0.597581 1.239223 -0.003624
0.156977 -0.089456 0.189403 2.090677 0.117304 -0.761234 -1.173991 -0.565156 0.413329 -0.185969 -0.028420 2.258526 -1.569963 -0.597581 1.239223 -0.003624
0.156977 -0.089456 0.189403 2.090677 0.117304 -0.757801 -1.173991 -0.565156 0.413329 -0.185969 -0.028420 2.258526 -1.569581 -0.597581 1.239223 -0.004005
0.157359 -0.089456 0.189403 2.090677 0.117304 -0.757801 -1.173991 -0.565156 0.413329 -0.185969 -0.028420 2.258526 -1.569963 -0.597200 1.239223 -0.003624
0.157359 -0.089456 0.189403 2.090677 0.117685 -0.755131 -1.172465 -0.565156 0.413329 -0.185969 -0.028420 2.258526 -1.569963 -0.597200 1.239223 -0.004005
0.156977 -0.089456 0.189403 2.090677 0.117685 -0.751316 -1.164836 -0.565156 0.413329 -0.185969 -0.028420 2.258526 -1.569963 -0.597581 1.239605 -0.004005
0.156977 -0.089456 0.189403 2.090677 0.117685 -0.741016 -1.155680 -0.565156 0.413329 -0.185969 -0.028420 2.258526 -1.569963 -0.597200 1.241131 -0.004005
0.156977 -0.089456 0.189403 2.090677 0.118067 -0.727283 -1.148814 -0.565156 0.413329 -0.185969 -0.028420 2.258526 -1.569963 -0.597200 1.248379 -0.004005
0.156977 -0.089456 0.189403 2.090677 0.117685 -0.720417 -1.148051 -0.565156 0.413329 -0.185969 -0.028420 2.258526 -1.569963 -0.597200 1.257916 -0.004005
0.156977 -0.089456 0.189403 2.090677 0.118067 -0.720417 -1.148051 -0.565156 0.413329 -0.185969 -0.028420 2.258526 -1.569963 -0.596818 1.267834 -0.004005
0.156977 -0.089456 0.189403 2.090677 0.118067 -0.716602 -1.148051 -0.565156 0.413329 -0.185969 -0.028420 2.258526 -1.569963 -0.596818 1.275082 -0.003624
0.156977 -0.089456 0.189403 2.090677 0.118448 -0.712406 -1.148051 -0.565156 0.413329 -0.185969 -0.028420 2.258526 -1.569963 -0.596056 1.280804 -0.004005
0.156977 -0.089456 0.189403 2.090677 0.118448 -0.707828 -1.148051 -0.565156 0.413329 -0.185969 -0.028420 2.258526 -1.569963 -0.593385 1.284237 -0.004005
0.156977 -0.089456 0.189403 2.090677 0.118830 -0.705539 -1.148432 -0.565156 0.413329 -0.185969 -0.028420 2.258526 -1.569963 -0.592241 1.283856 -0.003624
0.156977 -0.089456 0.189403 2.091058 0.118830 -0.705539 -1.148432 -0.565156 0.413329 -0.185969 -0.028420 2.258526 -1.569963 -0.589189 1.283856 -0.004005
0.156214 -0.089456 0.189403 2.091058 0.118830 -0.705539 -1.148432 -0.565156 0.413329 -0.185969 -0.028420 2.258526 -1.569963 -0.589189 1.283856 -0.004005
0.154307 -0.089456 0.189403 2.091058 0.123789 -0.705539 -1.148432 -0.565156 0.413329 -0.185969 -0.028420 2.258526 -1.569963 -0.589189 1.283856 -0.004005
0.152399 -0.089456 0.189403 2.091058 0.136378 -0.705921 -1.149577 -0.565156 0.413329 -0.185969 -0.028420 2.258526 -1.569963 -0.588808 1.283474 -0.004005
0.149729 -0.089456 0.189403 2.091058 0.151637 -0.705921 -1.153010 -0.565156 0.413329 -0.185969 -0.028420 2.258526 -1.569963 -0.583848 1.283856 -0.004005
0.147440 -0.089456 0.189403 2.091058 0.166133 -0.705921 -1.155299 -0.565156 0.413329 -0.185969 -0.028420 2.258526 -1.569581 -0.573167 1.283856 -0.004005
0.145533 -0.089456 0.189403 2.091058 0.179103 -0.705921 -1.160258 -0.565156 0.413329 -0.185969 -0.028420 2.258526 -1.569963 -0.564393 1.283474 -0.004005
0.145151 -0.089456 0.189403 2.091058 0.187114 -0.705921 -1.161021 -0.565156 0.413329 -0.185969 -0.028420 2.258526 -1.569963 -0.562867 1.283474 -0.004005
0.144007 -0.089456 0.189403 2.091058 0.192836 -0.705921 -1.164073 -0.565156 0.413329 -0.185969 -0.028420 2.258526 -1.569963 -0.562867 1.283856 -0.004005
0.144007 -0.089456 0.189403 2.091058 0.192836 -0.705921 -1.164073 -0.565156 0.413329 -0.185969 -0.028420 2.258526 -1.569963 -0.562867 1.283474 -0.004005
0.144007 -0.089456 0.189403 2.091058 0.192836 -0.705921 -1.169413 -0.565156 0.413329 -0.185969 -0.028420 2.258526 -1.569581 -0.562867 1.283474 -0.004005
0.144007 -0.089456 0.189403 2.091058 0.192836 -0.705921 -1.176280 -0.565156 0.413329 -0.185969 -0.028420 2.258526 -1.569963 -0.562867 1.283474 -0.004005
0.144007 -0.089456 0.189403 2.091058 0.192836 -0.705921 -1.183909 -0.565156 0.413329 -0.185969 -0.028420 2.258526 -1.569963 -0.562867 1.283474 -0.004005
0.144007 -0.089456 0.189403 2.091058 0.192454 -0.705921 -1.183528 -0.565156 0.413329 -0.185969 -0.028420 2.258526 -1.569963 -0.562867 1.283474 -0.004005
0.144007 -0.089456 0.189403 2.091058 0.192454 -0.705921 -1.183146 -0.565156 0.413329 -0.185969 -0.028420 2.258526 -1.569963 -0.562867 1.283474 -0.004005
0.144007 -0.089456 0.189403 2.091058 0.192073 -0.705921 -1.183146 -0.565156 0.413329 -0.185969 -0.028420 2.258526 -1.569963 -0.562867 1.283474 -0.004005
0.144007 -0.089456 0.189403 2.091058 0.190929 -0.705921 -1.183146 -0.565156 0.413329 -0.185969 -0.028420 2.258526 -1.569963 -0.563249 1.283093 -0.004005
0.144007 -0.089456 0.189403 2.091058 0.187495 -0.705921 -1.183146 -0.565156 0.413329 -0.185969 -0.028420 2.258526 -1.569963 -0.563249 1.283093 -0.004005
0.144007 -0.089456 0.189403 2.091058 0.179866 -0.705921 -1.183146 -0.565156 0.413329 -0.185969 -0.028420 2.258526 -1.569963 -0.563249 1.283093 -0.004005
0.144007 -0.089456 0.189403 2.091058 0.167277 -0.705921 -1.182765 -0.565156 0.413329 -0.185969 -0.028420 2.258526 -1.569963 -0.563249 1.283093 -0.004005
0.144007 -0.089456 0.189403 2.091058 0.157359 -0.705921 -1.183146 -0.565156 0.413329 -0.185969 -0.028420 2.258526 -1.569963 -0.563249 1.283093 -0.004005
0.144007 -0.089456 0.189403 2.091058 0.148203 -0.705921 -1.183146 -0.565156 0.413329 -0.185969 -0.028420 2.258526 -1.569963 -0.563249 1.283093 -0.004005
0.144007 -0.089456 0.189403 2.091058 0.137140 -0.705921 -1.183146 -0.565156 0.413329 -0.185969 -0.028420 2.258526 -1.569963 -0.563249 1.283093 -0.004005
0.144007 -0.089456 0.189403 2.091058 0.130274 -0.705921 -1.183146 -0.565156 0.413329 -0.185969 -0.028420 2.258526 -1.569963 -0.563249 1.283093 -0.004005
0.144007 -0.089456 0.189403 2.091058 0.128367 -0.705921 -1.182765 -0.565156 0.413329 -0.185969 -0.028420 2.258526 -1.569963 -0.563249 1.283093 -0.004005
0.144007 -0.089456 0.189403 2.091058 0.128367 -0.705921 -1.183146 -0.565156 0.413329 -0.185969 -0.028420 2.258526 -1.569963 -0.563249 1.283093 -0.004005
0.144007 -0.089456 0.189403 2.091058 0.128748 -0.705921 -1.183146 -0.565156 0.413329 -0.185969 -0.028420 2.258526 -1.569963 -0.562867 1.283093 -0.004005
0.144007 -0.089456 0.189403 2.091058 0.128748 -0.705921 -1.183146 -0.565156 0.412947 -0.185969 -0.028420 2.258526 -1.569963 -0.562867 1.283093 -0.004005
0.144007 -0.089456 0.189403 2.091058 0.128748 -0.705921 -1.183146 -0.565156 0.413329 -0.185969 -0.028420 2.258526 -1.569963 -0.562867 1.283093 -0.004005
0.144007 -0.089456 0.189403 2.091058 0.128748 -0.705921 -1.183146 -0.565156 0.413329 -0.185969 -0.028420 2.258526 -1.569963 -0.562867 1.283093 -0.004005
0.144007 -0.089456 0.189403 2.091058 0.128748 -0.705921 -1.183146 -0.565156 0.413329 -0.185969 -0.028420 2.258526 -1.569963 -0.562867 1.283093 -0.004005
0.144007 -0.089456 0.189403 2.091058 0.128748 -0.705539 -1.183146 -0.565156 0.413329 -0.185969 -0.028420 2.258526 -1.569963 -0.562867 1.283093 -0.004005
0.144007 -0.089456 0.189403 2.091058 0.128748 -0.705539 -1.183528 -0.565156 0.413329 -0.185969 -0.028420 2.258526 -1.569963 -0.562486 1.283093 -0.004005
0.144007 -0.089456 0.189403 2.091058 0.128748 -0.705158 -1.183146 -0.565156 0.413329 -0.185969 -0.028420 2.258526 -1.569963 -0.560578 1.283093 -0.004005
0.144007 -0.089456 0.189403 2.091058 0.129129 -0.705158 -1.183528 -0.565156 0.413329 -0.185969 -0.028420 2.258526 -1.569963 -0.556764 1.283093 -0.004005
0.144007 -0.089456 0.189403 2.091058 0.129129 -0.702106 -1.183528 -0.565156 0.413329 -0.185969 -0.028420 2.258526 -1.569963 -0.552567 1.283093 -0.004005
0.143626 -0.089456 0.189403 2.091058 0.129129 -0.700961 -1.183146 -0.565156 0.413329 -0.185969 -0.028420 2.258526 -1.569963 -0.551423 1.283093 -0.004005
0.144007 -0.089456 0.189403 2.091058 0.129129 -0.693713 -1.183146 -0.565156 0.413329 -0.185969 -0.028420 2.258526 -1.569963 -0.551041 1.283093 -0.004005
0.143626 -0.089456 0.189403 2.091058 0.129129 -0.679980 -1.183146 -0.565156 0.413329 -0.185969 -0.028420 2.258526 -1.569963 -0.551041 1.283474 -0.004005
0.143626 -0.089456 0.189403 2.091058 0.129129 -0.674258 -1.183528 -0.565156 0.413329 -0.185969 -0.028420 2.258526 -1.569963 -0.549516 1.283093 -0.004005
0.144007 -0.089456 0.189403 2.091058 0.131037 -0.671969 -1.182765 -0.565156 0.413329 -0.185969 -0.028420 2.258526 -1.569963 -0.547227 1.283474 -0.004005
0.143626 -0.089456 0.189403 2.091058 0.134852 -0.667773 -1.183146 -0.565156 0.412947 -0.185969 -0.028420 2.258526 -1.569963 -0.546845 1.283474 -0.004005
0.143626 -0.089456 0.189403 2.091058 0.136759 -0.657855 -1.183146 -0.565156 0.413329 -0.185969 -0.028420 2.258526 -1.569963 -0.543412 1.283474 -0.004005
0.143626 -0.089456 0.189403 2.091058 0.137140 -0.649462 -1.183528 -0.565156 0.412947 -0.185969 -0.028420 2.258526 -1.569963 -0.543412 1.283474 -0.004005
0.143626 -0.089456 0.189403 2.091058 0.136759 -0.647555 -1.183528 -0.565156 0.412947 -0.185969 -0.028420 2.258526 -1.569963 -0.543412 1.283474 -0.004005
0.143626 -0.089456 0.189403 2.091058 0.136759 -0.643740 -1.183528 -0.565156 0.412947 -0.185969 -0.028420 2.258526 -1.569963 -0.543030 1.283474 -0.004005
0.143626 -0.089456 0.189403 2.091058 0.137522 -0.642214 -1.183528 -0.565156 0.412947 -0.185969 -0.028420 2.258526 -1.569963 -0.537690 1.283474 -0.004005
0.143244 -0.089456 0.189403 2.091440 0.139048 -0.642214 -1.183528 -0.565156 0.412947 -0.185969 -0.028420 2.258526 -1.569963 -0.531586 1.283856 -0.004005
0.143244 -0.089456 0.189403 2.092966 0.141337 -0.641833 -1.183528 -0.565156 0.413329 -0.185588 -0.028420 2.258526 -1.569963 -0.527390 1.283474 -0.004005
0.143244 -0.089456 0.189403 2.092966 0.140955 -0.641451 -1.183528 -0.565156 0.412947 -0.185969 -0.028420 2.258526 -1.569963 -0.524338 1.283474 -0.004005
0.143244 -0.089456 0.189403 2.092966 0.141337 -0.641070 -1.183528 -0.565156 0.412947 -0.185969 -0.028420 2.258526 -1.569963 -0.521668 1.283856 -0.004005
0.143244 -0.089456 0.189403 2.092966 0.140955 -0.639925 -1.183146 -0.565156 0.412947 -0.185969 -0.028420 2.258526 -1.569581 -0.521668 1.283856 -0.004005
0.143244 -0.089456 0.189403 2.092966 0.141337 -0.633440 -1.183146 -0.564775 0.412947 -0.185969 -0.028420 2.258526 -1.569963 -0.521668 1.283856 -0.004005
0.143244 -0.089456 0.189403 2.092966 0.141337 -0.627718 -1.183146 -0.564393 0.413329 -0.185969 -0.028420 2.258526 -1.569963 -0.521668 1.283856 -0.004005
0.143244 -0.089456 0.189403 2.092966 0.141337 -0.626955 -1.183146 -0.564012 0.412947 -0.185969 -0.028420 2.258526 -1.569963 -0.521668 1.283856 -0.004005
0.143244 -0.089456 0.189403 2.092966 0.141337 -0.626955 -1.182765 -0.556764 0.412947 -0.185969 -0.028420 2.258526 -1.569963 -0.521668 1.283856 -0.004005
0.143244 -0.089456 0.189403 2.092966 0.141337 -0.626955 -1.182765 -0.522431 0.412947 -0.185969 -0.028420 2.258526 -1.569963 -0.521668 1.283856 -0.004005
0.143244 -0.089456 0.189403 2.092966 0.141337 -0.626955 -1.182765 -0.487335 0.413329 -0.185969 -0.028420 2.258526 -1.569963 -0.521668 1.283856 -0.004005
0.143244 -0.089456 0.189403 2.092966 0.140955 -0.626955 -1.182765 -0.446136 0.412947 -0.185969 -0.028420 2.258526 -1.569963 -0.521668 1.283856 -0.004005
0.143244 -0.089456 0.189403 2.092966 0.140955 -0.627337 -1.182765 -0.413329 0.412947 -0.185969 -0.028420 2.258526 -1.569963 -0.521668 1.283856 -0.004005
0.143244 -0.089456 0.189403 2.092966 0.140955 -0.627337 -1.183146 -0.399977 0.413329 -0.185969 -0.028420 2.258526 -1.569963 -0.521668 1.283856 -0.004005
0.143244 -0.089456 0.189403 2.092966 0.140955 -0.627337 -1.183146 -0.400359 0.413329 -0.185969 -0.028420 2.258526 -1.569963 -0.521668 1.283856 -0.004005
0.143244 -0.089456 0.189403 2.092966 0.140574 -0.627337 -1.183146 -0.400359 0.412947 -0.185969 -0.028420 2.258526 -1.569963 -0.521668 1.283856 -0.004005
0.143244 -0.089456 0.189403 2.092966 0.140574 -0.627337 -1.183146 -0.400359 0.412947 -0.185969 -0.028420 2.258526 -1.569963 -0.522049 1.283856 -0.004005
0.143244 -0.089456 0.189403 2.092966 0.140955 -0.627337 -1.183146 -0.400359 0.413329 -0.185969 -0.028420 2.258526 -1.569963 -0.521668 1.283856 -0.004005
0.143626 -0.089456 0.189403 2.092966 0.140574 -0.627337 -1.183146 -0.400740 0.412947 -0.185969 -0.028420 2.258526 -1.569963 -0.522049 1.283856 -0.004005
0.143626 -0.089456 0.189403 2.092966 0.140574 -0.627337 -1.183146 -0.400740 0.413329 -0.185969 -0.028420 2.258526 -1.569963 -0.522049 1.283856 -0.004005
0.143626 -0.089456 0.189403 2.092966 0.140574 -0.627337 -1.183146 -0.400740 0.413329 -0.185969 -0.028420 2.258526 -1.569963 -0.522049 1.283856 -0.004005
0.143626 -0.089456 0.189403 2.092966 0.140574 -0.627337 -1.183146 -0.400740 0.413329 -0.185969 -0.028420 2.258526 -1.569963 -0.522049 1.283856 -0.004005
0.143626 -0.089456 0.189403 2.092966 0.140192 -0.627337 -1.183146 -0.400740 0.413329 -0.185969 -0.028420 2.258526 -1.569963 -0.522431 1.283474 -0.004005
0.143626 -0.089456 0.189403 2.092966 0.140192 -0.627337 -1.183146 -0.400740 0.413329 -0.185969 -0.028420 2.258526 -1.569581 -0.522431 1.283474 -0.004005
0.143626 -0.089456 0.189403 2.092966 0.140192 -0.627337 -1.183146 -0.400740 0.412947 -0.185969 -0.028420 2.258526 -1.569963 -0.522431 1.283474 -0.004005
0.143626 -0.089456 0.189403 2.092966 0.139811 -0.627337 -1.183146 -0.400740 0.413329 -0.185969 -0.028420 2.258526 -1.569963 -0.522431 1.283474 -0.004005
0.143626 -0.089456 0.189403 2.092966 0.139048 -0.627337 -1.183146 -0.400740 0.413329 -0.185969 -0.028420 2.258526 -1.569963 -0.522431 1.283474 -0.004005
0.143626 -0.089456 0.189403 2.092966 0.135615 -0.627337 -1.183146 -0.400740 0.413329 -0.185969 -0.028420 2.258526 -1.569963 -0.522431 1.283856 -0.004005
0.143626 -0.089456 0.189784 2.092966 0.132563 -0.627337 -1.182765 -0.400740 0.413329 -0.185969 -0.028420 2.258526 -1.569963 -0.522431 1.283856 -0.004005
0.143626 -0.089456 0.189784 2.092966 0.132563 -0.627337 -1.182765 -0.400359 0.413329 -0.185969 -0.028420 2.258526 -1.569963 -0.522431 1.283856 -0.004005
0.143244 -0.089456 0.189784 2.092966 0.132563 -0.627337 -1.182765 -0.400740 0.413329 -0.185969 -0.028420 2.258526 -1.569963 -0.522431 1.283856 -0.004005
0.143244 -0.089456 0.189784 2.092966 0.132563 -0.627337 -1.182765 -0.400740 0.413329 -0.185969 -0.028420 2.258526 -1.569963 -0.522431 1.283856 -0.004005
0.142863 -0.089075 0.189784 2.092966 0.132563 -0.627337 -1.182765 -0.400359 0.413329 -0.185969 -0.028420 2.258526 -1.569963 -0.522431 1.283856 -0.004005
0.142863 -0.089456 0.190929 2.092966 0.132563 -0.627337 -1.182765 -0.400740 0.412947 -0.185969 -0.028420 2.258526 -1.569963 -0.522431 1.283856 -0.004005
0.140955 -0.089075 0.193980 2.092966 0.132563 -0.627337 -1.183146 -0.400740 0.413329 -0.185969 -0.028420 2.258526 -1.569963 -0.522431 1.283856 -0.004005
0.138666 -0.089075 0.197414 2.092966 0.132563 -0.627337 -1.183146 -0.400740 0.413329 -0.185969 -0.028420 2.258526 -1.569963 -0.522431 1.283856 -0.004005
0.135233 -0.089075 0.201991 2.092966 0.132563 -0.627337 -1.182765 -0.400740 0.413329 -0.185969 -0.028420 2.258526 -1.569963 -0.522431 1.283856 -0.004005
0.130274 -0.089075 0.207332 2.092966 0.132563 -0.627337 -1.182765 -0.400740 0.413329 -0.185969 -0.028420 2.258526 -1.569963 -0.522431 1.283856 -0.004005
0.125315 -0.089075 0.213436 2.092966 0.132563 -0.627337 -1.182383 -0.400740 0.413329 -0.185969 -0.028420 2.258526 -1.569963 -0.522431 1.283474 -0.004005
0.120737 -0.089075 0.217632 2.092966 0.132563 -0.627337 -1.182383 -0.400740 0.413329 -0.185969 -0.028420 2.258526 -1.569963 -0.522431 1.283474 -0.004005
0.116159 -0.089075 0.221065 2.092966 0.132563 -0.626955 -1.182383 -0.400740 0.412947 -0.185969 -0.028420 2.258526 -1.569963 -0.522431 1.283474 -0.004005
0.113107 -0.089075 0.223354 2.092966 0.132944 -0.627337 -1.181621 -0.400740 0.413329 -0.185969 -0.028420 2.258526 -1.569581 -0.522431 1.283474 -0.004005
0.112726 -0.089075 0.224498 2.092966 0.132563 -0.627337 -1.182002 -0.400359 0.413329 -0.185969 -0.028420 2.258526 -1.569963 -0.522431 1.283474 -0.004005
0.112726 -0.089075 0.224117 2.092966 0.132563 -0.627337 -1.182002 -0.400740 0.413329 -0.185969 -0.028420 2.258526 -1.569963 -0.522431 1.283474 -0.004005
0.113107 -0.089075 0.224117 2.092966 0.132563 -0.626955 -1.182002 -0.400740 0.412947 -0.185969 -0.028420 2.258526 -1.569963 -0.522812 1.283474 -0.004005
0.113489 -0.089075 0.224117 2.092966 0.132563 -0.627337 -1.182002 -0.400740 0.413329 -0.185969 -0.028420 2.258526 -1.569963 -0.522431 1.283093 -0.004005
0.113107 -0.089075 0.224117 2.092966 0.132563 -0.626955 -1.182002 -0.400359 0.413329 -0.185969 -0.028420 2.258526 -1.569963 -0.522431 1.283474 -0.004005
0.113107 -0.089075 0.224117 2.092966 0.132563 -0.627337 -1.182002 -0.400359 0.413329 -0.185969 -0.028420 2.258526 -1.569963 -0.522431 1.283474 -0.004005
0.113107 -0.089075 0.224117 2.092966 0.132563 -0.626955 -1.181621 -0.400359 0.413329 -0.185969 -0.028420 2.258526 -1.569963 -0.522431 1.283474 -0.004005
0.113489 -0.089075 0.224117 2.092966 0.132563 -0.626955 -1.181621 -0.400359 0.413329 -0.185969 -0.028420 2.258526 -1.569963 -0.522431 1.283474 -0.004005
0.113107 -0.089075 0.224117 2.092966 0.132563 -0.626955 -1.181621 -0.399977 0.413329 -0.185969 -0.028420 2.258526 -1.569963 -0.522431 1.283474 -0.004005
0.113107 -0.089075 0.224117 2.092966 0.132563 -0.627337 -1.181621 -0.399977 0.413329 -0.185969 -0.028420 2.258526 -1.569963 -0.522431 1.283474 -0.004005
0.113489 -0.089075 0.224117 2.092966 0.132563 -0.626955 -1.181621 -0.399977 0.413329 -0.185969 -0.028420 2.258526 -1.569963 -0.522431 1.283474 -0.004005
0.113489 -0.089075 0.224117 2.092966 0.132563 -0.626955 -1.181621 -0.399977 0.413329 -0.185969 -0.028420 2.258526 -1.569963 -0.522431 1.283474 -0.004005
0.113489 -0.089075 0.224117 2.092966 0.132563 -0.627337 -1.181621 -0.399596 0.413329 -0.185969 -0.028420 2.258526 -1.569963 -0.522431 1.283474 -0.004005
0.113489 -0.089456 0.224117 2.092966 0.132563 -0.626955 -1.181239 -0.398833 0.413329 -0.185969 -0.028420 2.258526 -1.569963 -0.522431 1.283474 -0.004005
0.113489 -0.089075 0.224117 2.092966 0.132563 -0.627337 -1.181621 -0.377852 0.413329 -0.185969 -0.028420 2.258526 -1.569581 -0.522431 1.283093 -0.004005
0.113489 -0.089456 0.224117 2.092966 0.132563 -0.626955 -1.181621 -0.325589 0.412947 -0.185969 -0.028420 2.258526 -1.569963 -0.522431 1.283474 -0.004005
0.113489 -0.089075 0.224117 2.092966 0.132563 -0.627337 -1.181239 -0.248913 0.413329 -0.185969 -0.028420 2.258526 -1.569963 -0.522431 1.283474 -0.004005
0.113489 -0.089075 0.224117 2.092966 0.132563 -0.626955 -1.177806 -0.182155 0.413329 -0.185969 -0.028420 2.258526 -1.569963 -0.522431 1.283474 -0.004005
0.113489 -0.089075 0.224117 2.092966 0.132563 -0.626955 -1.177424 -0.119974 0.413329 -0.185969 -0.028420 2.258526 -1.569963 -0.522431 1.283474 -0.004005
0.113489 -0.089456 0.224117 2.092966 0.132944 -0.627337 -1.177424 -0.068475 0.412947 -0.185969 -0.028420 2.258526 -1.569963 -0.522431 1.283474 -0.004005
0.113107 -0.089075 0.224117 2.092966 0.132563 -0.627337 -1.177424 -0.025750 0.412947 -0.185969 -0.028420 2.258526 -1.569963 -0.522431 1.283474 -0.004005
0.113489 -0.089456 0.224117 2.092966 0.132563 -0.627337 -1.177424 -0.000572 0.413329 -0.185969 -0.028420 2.258526 -1.569963 -0.522431 1.283474 -0.004005
0.113489 -0.089456 0.224117 2.092966 0.132944 -0.627337 -1.177424 0.004005 0.413329 -0.185969 -0.028420 2.258526 -1.569963 -0.522431 1.283474 -0.004005
0.113489 -0.089456 0.224117 2.092966 0.132944 -0.626955 -1.177424 0.004005 0.413329 -0.185969 -0.028420 2.258526 -1.569963 -0.522431 1.283474 -0.004005
0.113489 -0.089456 0.224117 2.092966 0.132944 -0.627337 -1.177806 0.003624 0.412947 -0.185969 -0.028420 2.258526 -1.569963 -0.522431 1.283474 -0.004005
0.113489 -0.089456 0.224117 2.092966 0.132563 -0.627337 -1.177424 0.004005 0.413329 -0.185969 -0.028420 2.258526 -1.569963 -0.522431 1.283474 -0.004005
0.113489 -0.089456 0.224117 2.092966 0.132563 -0.626955 -1.177806 0.003624 0.413329 -0.185969 -0.028420 2.258526 -1.569963 -0.522431 1.283474 -0.004005
0.113107 -0.089456 0.224117 2.092966 0.132944 -0.627337 -1.177424 0.003624 0.413329 -0.185969 -0.028420 2.258526 -1.569963 -0.522431 1.283474 -0.004005
0.113489 -0.089456 0.224117 2.092966 0.132944 -0.627337 -1.177424 0.003624 0.413329 -0.185969 -0.028420 2.258526 -1.569963 -0.522431 1.283474 -0.004005
0.113489 -0.089456 0.224117 2.092966 0.132944 -0.627337 -1.177424 0.004005 0.412947 -0.185969 -0.028420 2.258526 -1.569963 -0.522431 1.283474 -0.004005
0.113489 -0.089456 0.224117 2.092966 0.132944 -0.626955 -1.177424 0.003624 0.413329 -0.185969 -0.028420 2.258526 -1.569581 -0.522431 1.283474 -0.004005
0.113489 -0.089456 0.224117 2.092966 0.132944 -0.626955 -1.177424 0.004005 0.413329 -0.185969 -0.028420 2.258526 -1.569963 -0.522431 1.283474 -0.004005
0.113489 -0.089456 0.224117 2.092966 0.132944 -0.627337 -1.177424 0.003624 0.412947 -0.185969 -0.028420 2.258526 -1.569963 -0.522431 1.283474 -0.004005
0.113489 -0.089456 0.224117 2.092966 0.132944 -0.626955 -1.177424 0.003624 0.413329 -0.185969 -0.028420 2.258526 -1.569963 -0.522431 1.283474 -0.004005
0.113489 -0.089456 0.224117 2.092966 0.132944 -0.627337 -1.177806 0.003624 0.412947 -0.185969 -0.028420 2.258526 -1.569963 -0.522431 1.283474 -0.004005
0.113489 -0.089456 0.224117 2.092966 0.132944 -0.626955 -1.177424 0.003624 0.412947 -0.185969 -0.028420 2.258526 -1.569963 -0.522431 1.283093 -0.004005
0.113489 -0.089456 0.224117 2.092966 0.132944 -0.627337 -1.177806 0.004005 0.413329 -0.185969 -0.028420 2.258526 -1.569963 -0.522431 1.283093 -0.004005
0.113489 -0.089456 0.224117 2.092966 0.132944 -0.627337 -1.177806 0.003624 0.413329 -0.185969 -0.028420 2.258526 -1.569963 -0.522431 1.283093 -0.004005
0.113489 -0.089456 0.224117 2.092966 0.132944 -0.627337 -1.177806 0.003624 0.413329 -0.185969 -0.028420 2.258526 -1.569963 -0.522049 1.283093 -0.004005
0.113489 -0.089456 0.224117 2.092966 0.132944 -0.627337 -1.177806 0.004005 0.413329 -0.185969 -0.028420 2.258526 -1.569963 -0.522049 1.283093 -0.004005
0.113489 -0.089075 0.224117 2.092966 0.132944 -0.627337 -1.177806 0.003624 0.413329 -0.185969 -0.028420 2.258526 -1.569963 -0.522431 1.282712 -0.004005
0.113489 -0.089456 0.224117 2.092966 0.132944 -0.627337 -1.177806 0.003624 0.413329 -0.185969 -0.028420 2.258526 -1.569963 -0.522431 1.282712 -0.004005
0.113489 -0.089456 0.224117 2.092966 0.132944 -0.627337 -1.177806 0.004005 0.413329 -0.185969 -0.028420 2.258526 -1.569963 -0.522431 1.282330 -0.004387
0.113489 -0.089456 0.224117 2.092966 0.132944 -0.627337 -1.177806 0.003624 0.413329 -0.185969 -0.028420 2.258526 -1.569963 -0.522431 1.282330 -0.004005
0.113489 -0.089456 0.224117 2.092966 0.132563 -0.627337 -1.177806 0.004005 0.413329 -0.185969 -0.028420 2.258526 -1.569963 -0.522431 1.282330 -0.004005
0.113489 -0.089456 0.224117 2.092966 0.132563 -0.627337 -1.177806 0.003624 0.413329 -0.185969 -0.028420 2.258526 -1.569963 -0.522431 1.282712 -0.004005
0.113489 -0.089456 0.224117 2.092966 0.132563 -0.627337 -1.177806 0.003624 0.413329 -0.185969 -0.028420 2.258526 -1.569963 -0.522431 1.282712 -0.004005
0.113489 -0.089456 0.224117 2.092966 0.132563 -0.627337 -1.177806 0.003624 0.413329 -0.185969 -0.028420 2.258526 -1.569963 -0.522431 1.282712 -0.004005
0.113489 -0.089456 0.224117 2.092966 0.132563 -0.627337 -1.177806 0.003624 0.413329 -0.185969 -0.028420 2.258526 -1.569963 -0.522431 1.282712 -0.004005
0.113489 -0.089456 0.224117 2.092966 0.132563 -0.627337 -1.177806 0.004005 0.413329 -0.185969 -0.028420 2.258526 -1.569963 -0.522431 1.282330 -0.004005
0.113489 -0.089456 0.224117 2.092966 0.132563 -0.627337 -1.177806 0.004005 0.413329 -0.185969 -0.028420 2.258526 -1.569963 -0.522431 1.282330 -0.004005
0.113870 -0.089456 0.224117 2.092966 0.132563 -0.627337 -1.177806 0.004005 0.413329 -0.185969 -0.028420 2.258526 -1.569963 -0.522812 1.282330 -0.004387
0.113870 -0.089456 0.224117 2.092966 0.132563 -0.627337 -1.177806 0.003624 0.413329 -0.185969 -0.028420 2.258526 -1.569963 -0.522812 1.281949 -0.004005
0.113870 -0.089456 0.224117 2.092966 0.132563 -0.627337 -1.177806 0.004005 0.413329 -0.185969 -0.028420 2.258526 -1.569963 -0.522812 1.282330 -0.004005
0.113870 -0.089456 0.224117 2.092966 0.132563 -0.627337 -1.177806 0.004005 0.413329 -0.185969 -0.028420 2.258526 -1.569963 -0.522812 1.282330 -0.004005
0.113870 -0.089456 0.224117 2.092966 0.132563 -0.627337 -1.177806 0.003624 0.413329 -0.185969 -0.028420 2.258526 -1.569963 -0.522812 1.281949 -0.004005
0.113870 -0.089456 0.224117 2.092966 0.132563 -0.627337 -1.177806 0.003624 0.413329 -0.185969 -0.028420 2.258526 -1.569963 -0.522812 1.282330 -0.004387
0.113870 -0.089456 0.224117 2.092966 0.132944 -0.627337 -1.177806 0.004005 0.413329 -0.185969 -0.028420 2.258526 -1.569963 -0.522431 1.282330 -0.004005
0.113870 -0.089456 0.224117 2.092966 0.132563 -0.627337 -1.177806 0.004005 0.413329 -0.185969 -0.028420 2.258526 -1.569963 -0.522431 1.281949 -0.004005
0.113489 -0.089456 0.224117 2.092966 0.132944 -0.627337 -1.177806 0.003624 0.413329 -0.185969 -0.028420 2.258526 -1.569963 -0.522431 1.281567 -0.004005
0.113870 -0.089456 0.224117 2.092966 0.132563 -0.627337 -1.177806 0.003624 0.413329 -0.185969 -0.028420 2.258526 -1.569963 -0.522431 1.281949 -0.004005
0.113870 -0.089456 0.224117 2.092966 0.132944 -0.627337 -1.177806 0.003624 0.413329 -0.185969 -0.028420 2.258526 -1.569963 -0.522812 1.281567 -0.004005
0.113870 -0.089456 0.224117 2.092966 0.132563 -0.627337 -1.177806 0.004005 0.413329 -0.185969 -0.028420 2.258526 -1.569963 -0.522431 1.279660 -0.004005
0.113870 -0.089456 0.224117 2.092966 0.132944 -0.627337 -1.177806 0.003624 0.413329 -0.185969 -0.028420 2.258526 -1.569963 -0.522431 1.278897 -0.004005
0.113870 -0.089456 0.224117 2.092966 0.132944 -0.627337 -1.177806 0.004005 0.413329 -0.185969 -0.028420 2.258526 -1.569963 -0.522431 1.278515 -0.004005
0.113870 -0.089456 0.224117 2.092966 0.132944 -0.627337 -1.177806 0.003624 0.413329 -0.185969 -0.028420 2.258526 -1.569963 -0.522812 1.278897 -0.004005
0.113870 -0.089456 0.224117 2.092966 0.132944 -0.627337 -1.177806 0.003624 0.413329 -0.185969 -0.028420 2.258526 -1.569963 -0.522431 1.278897 -0.004005
0.113870 -0.089456 0.224117 2.092966 0.132944 -0.627337 -1.177806 0.003624 0.413329 -0.185969 -0.028420 2.258526 -1.569581 -0.522431 1.278897 -0.004005
0.113870 -0.089456 0.224117 2.092966 0.132944 -0.627337 -1.177806 0.003624 0.413329 -0.185969 -0.028420 2.258526 -1.569963 -0.522431 1.278897 -0.004005
0.113870 -0.089456 0.224117 2.092966 0.132944 -0.627337 -1.177806 0.004005 0.413329 -0.185969 -0.028420 2.258526 -1.569963 -0.522431 1.278897 -0.004005
0.113870 -0.089456 0.224117 2.092966 0.132944 -0.627337 -1.177806 0.003624 0.413329 -0.185969 -0.028420 2.258526 -1.569963 -0.522431 1.278897 -0.004005
0.114252 -0.089456 0.224117 2.092966 0.132944 -0.627337 -1.177806 0.003624 0.413329 -0.185969 -0.028420 2.258526 -1.569963 -0.522431 1.278897 -0.004005
0.114252 -0.089456 0.224117 2.092966 0.132944 -0.627337 -1.177806 0.003624 0.413329 -0.185969 -0.028420 2.258526 -1.569963 -0.522431 1.278897 -0.004005
0.114252 -0.089456 0.224117 2.092966 0.132944 -0.627337 -1.177806 0.003624 0.413329 -0.185969 -0.028420 2.258526 -1.569963 -0.522812 1.278897 -0.004005
0.114252 -0.089456 0.224117 2.092966 0.132944 -0.627337 -1.177806 0.003624 0.413329 -0.185969 -0.028420 2.258526 -1.569963 -0.522431 1.279278 -0.004005
0.114252 -0.089456 0.224117 2.092966 0.132944 -0.627337 -1.177806 0.003624 0.413329 -0.185969 -0.028420 2.258526 -1.569963 -0.522431 1.279278 -0.004005
0.115015 -0.089456 0.224117 2.092966 0.132944 -0.627337 -1.177806 0.003624 0.413329 -0.185969 -0.028420 2.258526 -1.569963 -0.522431 1.279278 -0.004005
0.116159 -0.089456 0.224117 2.092966 0.132944 -0.627337 -1.177806 0.003624 0.413329 -0.185969 -0.028420 2.258526 -1.569963 -0.522431 1.278897 -0.004387
0.116541 -0.089456 0.224117 2.092966 0.132944 -0.627337 -1.177806 0.003624 0.413329 -0.185969 -0.028420 2.258526 -1.569963 -0.522431 1.278897 -0.004005
0.116541 -0.089456 0.224117 2.092966 0.132944 -0.627337 -1.177806 0.003624 0.413329 -0.185969 -0.028420 2.258526 -1.569963 -0.522431 1.278897 -0.004005
0.116541 -0.089456 0.224117 2.092966 0.132944 -0.627337 -1.177806 0.004005 0.413710 -0.185969 -0.028420 2.258526 -1.569581 -0.522431 1.278515 -0.004005
0.116159 -0.089456 0.224117 2.092966 0.132944 -0.627337 -1.177806 0.004005 0.413329 -0.185969 -0.028420 2.258526 -1.569963 -0.522812 1.278897 -0.004387
0.116541 -0.089456 0.224117 2.092966 0.132944 -0.627337 -1.177806 0.003624 0.413329 -0.185969 -0.028420 2.258526 -1.569963 -0.522812 1.278897 -0.004005
0.116541 -0.089456 0.224117 2.092966 0.132944 -0.627337 -1.177806 0.003624 0.413329 -0.185969 -0.028420 2.258526 -1.569963 -0.522431 1.278897 -0.004387
0.116541 -0.089456 0.224117 2.092966 0.132944 -0.627337 -1.177806 0.004005 0.413329 -0.185969 -0.028420 2.258526 -1.569963 -0.522431 1.278897 -0.004387
0.116159 -0.089456 0.224117 2.092966 0.132944 -0.627337 -1.177806 0.003624 0.413329 -0.185969 -0.028420 2.258526 -1.569581 -0.522812 1.278897 -0.004005
0.116541 -0.089456 0.224117 2.092966 0.132944 -0.627337 -1.177806 0.004005 0.413329 -0.185969 -0.028420 2.258526 -1.569963 -0.522812 1.278897 -0.004005
0.116541 -0.089456 0.224117 2.092966 0.132944 -0.627337 -1.177806 0.004005 0.413710 -0.185969 -0.028420 2.258526 -1.569963 -0.522812 1.278897 -0.004005
0.116541 -0.089456 0.224117 2.092966 0.132944 -0.627337 -1.177806 0.003624 0.413329 -0.185969 -0.028420 2.258526 -1.569963 -0.522431 1.278897 -0.004005
0.116541 -0.089456 0.224117 2.092966 0.132944 -0.627337 -1.177806 0.003624 0.413329 -0.185969 -0.028420 2.258526 -1.569963 -0.522812 1.278897 -0.004005
0.116541 -0.089456 0.224117 2.092966 0.132944 -0.627337 -1.177806 0.004005 0.413329 -0.185969 -0.028420 2.258526 -1.569963 -0.522812 1.278897 -0.004005
0.116541 -0.089456 0.224117 2.092966 0.132944 -0.627337 -1.177806 0.003624 0.413329 -0.185969 -0.028420 2.258526 -1.569963 -0.522812 1.278897 -0.004005
0.116541 -0.089456 0.224117 2.092966 0.132944 -0.627337 -1.177806 0.004005 0.413329 -0.185969 -0.028420 2.258526 -1.569963 -0.522431 1.278897 -0.004005
0.116541 -0.089456 0.224117 2.092966 0.132944 -0.627337 -1.177806 0.003624 0.413329 -0.185969 -0.028420 2.258526 -1.569963 -0.522431 1.278897 -0.004387
0.116541 -0.089456 0.224117 2.092966 0.132944 -0.627337 -1.177806 0.003624 0.413329 -0.185969 -0.028420 2.258526 -1.569963 -0.522812 1.278897 -0.004387
0.116541 -0.089456 0.224117 2.092966 0.132944 -0.627337 -1.177806 0.003624 0.413329 -0.185969 -0.028420 2.258526 -1.569963 -0.522812 1.278897 -0.004387
0.116541 -0.089456 0.224117 2.092966 0.132944 -0.627337 -1.177806 0.003624 0.413329 -0.185969 -0.028420 2.258526 -1.569963 -0.522431 1.278897 -0.004387
0.116541 -0.089456 0.224117 2.092966 0.132944 -0.627337 -1.177806 0.003624 0.413329 -0.185969 -0.028420 2.258526 -1.569963 -0.522812 1.278897 -0.004387
0.116541 -0.089456 0.224117 2.092966 0.132944 -0.627337 -1.177806 0.004005 0.413329 -0.185969 -0.028420 2.258526 -1.569963 -0.522812 1.278897 -0.004387
0.116541 -0.089456 0.224117 2.092966 0.132944 -0.627337 -1.177806 0.003624 0.413329 -0.185969 -0.028420 2.258526 -1.569963 -0.522812 1.278897 -0.004768
0.116541 -0.089456 0.224117 2.092966 0.132944 -0.627337 -1.177806 0.003624 0.413329 -0.185969 -0.028420 2.258526 -1.569581 -0.522431 1.278897 -0.004768
0.116541 -0.089456 0.224117 2.092966 0.132944 -0.627337 -1.177806 0.004005 0.413329 -0.185969 -0.028420 2.258526 -1.569963 -0.522812 1.278897 -0.005150
0.116541 -0.089456 0.224117 2.092966 0.132944 -0.627337 -1.177806 0.003624 0.413329 -0.185969 -0.028420 2.258526 -1.569963 -0.522812 1.278897 -0.005531
0.116541 -0.089456 0.224117 2.092966 0.132944 -0.627337 -1.177806 0.003624 0.413329 -0.185969 -0.028420 2.258526 -1.569963 -0.522812 1.278897 -0.005531
0.116541 -0.089456 0.224117 2.092966 0.132944 -0.627337 -1.177806 0.003624 0.413329 -0.185969 -0.028420 2.258526 -1.569963 -0.522812 1.278897 -0.007439
0.116541 -0.089456 0.224117 2.092966 0.132944 -0.627337 -1.177806 0.003624 0.413329 -0.185969 -0.028420 2.258526 -1.569963 -0.522812 1.278897 -0.026131
0.116541 -0.089456 0.224117 2.092966 0.132944 -0.627337 -1.177806 0.003624 0.413329 -0.185969 -0.028420 2.258526 -1.569963 -0.522812 1.278897 -0.057794
0.116541 -0.089456 0.224117 2.092966 0.132944 -0.627337 -1.177806 0.003624 0.413329 -0.185969 -0.028420 2.258526 -1.569963 -0.523194 1.278897 -0.097848
0.116541 -0.089456 0.224117 2.092966 0.132944 -0.627337 -1.177806 0.003624 0.413329 -0.185969 -0.028420 2.258526 -1.569963 -0.522812 1.279278 -0.147822
0.116541 -0.089456 0.224117 2.092966 0.132944 -0.627337 -1.177806 0.003624 0.413329 -0.185969 -0.028420 2.258526 -1.569963 -0.522812 1.279278 -0.211147
0.116541 -0.089456 0.224117 2.092966 0.132944 -0.627337 -1.177806 0.003624 0.413710 -0.185969 -0.028420 2.258526 -1.569963 -0.522812 1.279278 -0.263027
0.116541 -0.089456 0.224117 2.092966 0.132944 -0.627337 -1.177806 0.004005 0.413329 -0.185969 -0.028420 2.258526 -1.569963 -0.522812 1.279278 -0.312238
0.116541 -0.089456 0.224117 2.092966 0.132944 -0.627337 -1.177806 0.003624 0.413329 -0.185969 -0.028420 2.258526 -1.569963 -0.522812 1.279278 -0.362974
0.116541 -0.089456 0.224117 2.092966 0.132944 -0.627337 -1.177806 0.003624 0.413329 -0.185969 -0.028420 2.258526 -1.569963 -0.522812 1.279278 -0.409514
0.116541 -0.089456 0.224117 2.092966 0.132944 -0.627337 -1.177806 0.003624 0.413329 -0.185969 -0.028420 2.258526 -1.569963 -0.522812 1.278897 -0.460250
0.116159 -0.089456 0.224117 2.092966 0.132944 -0.627337 -1.177806 0.003624 0.413329 -0.185969 -0.028420 2.258526 -1.569581 -0.522812 1.279278 -0.504501
0.116159 -0.089456 0.224117 2.092966 0.132944 -0.627337 -1.177806 0.004005 0.413329 -0.185969 -0.028420 2.258526 -1.569963 -0.523194 1.278897 -0.549134
0.116541 -0.089456 0.224117 2.092966 0.132944 -0.627337 -1.177806 0.003624 0.413329 -0.185969 -0.028420 2.258526 -1.569963 -0.522812 1.278897 -0.586900
0.116541 -0.089456 0.224117 2.092966 0.132944 -0.627337 -1.177806 0.004005 0.413329 -0.185969 -0.028420 2.258526 -1.569963 -0.522812 1.279278 -0.631533
0.116541 -0.089456 0.224117 2.092966 0.132944 -0.627337 -1.177806 0.003624 0.413329 -0.185969 -0.028420 2.258526 -1.569963 -0.522812 1.279278 -0.668917
0.116159 -0.089456 0.224117 2.092966 0.132944 -0.627337 -1.177806 0.003624 0.413329 -0.185969 -0.028420 2.258526 -1.569963 -0.522812 1.279278 -0.697147
0.116159 -0.089456 0.224117 2.092966 0.132944 -0.627337 -1.177806 0.004005 0.413329 -0.185969 -0.028420 2.258526 -1.569963 -0.522812 1.278897 -0.736820
0.116541 -0.089456 0.224117 2.092966 0.132944 -0.627337 -1.177806 0.003624 0.413329 -0.185969 -0.028420 2.258526 -1.569963 -0.522812 1.278897 -0.769245
0.116541 -0.089456 0.224117 2.092966 0.132944 -0.627337 -1.177806 0.003624 0.413329 -0.185969 -0.028420 2.258526 -1.569963 -0.522812 1.278897 -0.803578
0.116541 -0.089456 0.224117 2.092966 0.132944 -0.627337 -1.177806 0.004005 0.413710 -0.185969 -0.028420 2.258526 -1.569963 -0.522812 1.278897 -0.823796
0.116159 -0.089456 0.224117 2.092966 0.132944 -0.627337 -1.177806 0.004005 0.413329 -0.185969 -0.028420 2.258526 -1.569963 -0.522812 1.278897 -0.831426
0.116541 -0.089456 0.224117 2.092966 0.132944 -0.627337 -1.177806 0.003624 0.413329 -0.185969 -0.028420 2.258526 -1.569963 -0.522812 1.278897 -0.836767
0.116541 -0.089456 0.224117 2.092966 0.132944 -0.627337 -1.177806 0.004005 0.413329 -0.185969 -0.028420 2.258526 -1.569581 -0.522812 1.278515 -0.836385
0.116541 -0.089456 0.224117 2.092966 0.132944 -0.627337 -1.177806 0.003624 0.413329 -0.185969 -0.028420 2.258526 -1.569963 -0.522812 1.278515 -0.836385
0.116541 -0.089456 0.224117 2.092966 0.132944 -0.627337 -1.177806 0.003624 0.413329 -0.185969 -0.028420 2.258526 -1.569963 -0.522431 1.278897 -0.836385
0.116541 -0.089456 0.224117 2.092966 0.132944 -0.627337 -1.177806 0.003624 0.413329 -0.185969 -0.028420 2.258526 -1.569963 -0.522431 1.278897 -0.836385
0.116541 -0.089456 0.224117 2.092966 0.132944 -0.627337 -1.177806 0.004005 0.413329 -0.185969 -0.028420 2.258526 -1.569581 -0.522431 1.278897 -0.836385
0.116541 -0.089456 0.224117 2.092966 0.132944 -0.627337 -1.177806 0.003624 0.413329 -0.185969 -0.028420 2.258526 -1.569963 -0.522431 1.278515 -0.836385
0.116541 -0.089456 0.224117 2.092966 0.132944 -0.627337 -1.177806 0.004005 0.413329 -0.185969 -0.028420 2.258526 -1.569963 -0.522431 1.278515 -0.836385
0.116541 -0.089456 0.224117 2.092966 0.132944 -0.627337 -1.177806 0.004005 0.413329 -0.185969 -0.028420 2.258526 -1.569963 -0.522431 1.277752 -0.836385
0.116541 -0.089456 0.224117 2.092966 0.132563 -0.627337 -1.177806 0.003624 0.413329 -0.185969 -0.028420 2.258526 -1.569963 -0.522812 1.275463 -0.836385
0.116541 -0.089456 0.224117 2.092966 0.132944 -0.627337 -1.177806 0.003624 0.413329 -0.185969 -0.028420 2.258526 -1.569963 -0.522812 1.274701 -0.836385
0.116541 -0.089456 0.224117 2.092966 0.132563 -0.627337 -1.177806 0.003624 0.413329 -0.185969 -0.028420 2.258526 -1.569963 -0.522812 1.274701 -0.836385
0.116541 -0.089456 0.224117 2.092966 0.132563 -0.627337 -1.177806 0.003624 0.413329 -0.185969 -0.028420 2.258526 -1.569963 -0.522812 1.274701 -0.836385
0.116541 -0.089456 0.224117 2.092966 0.132563 -0.627337 -1.177806 0.003624 0.413329 -0.185969 -0.028420 2.258526 -1.569963 -0.522812 1.274701 -0.836385
0.116541 -0.089456 0.224117 2.092966 0.132563 -0.627337 -1.177806 0.004005 0.413329 -0.185969 -0.028420 2.258526 -1.569963 -0.522812 1.274701 -0.836385
0.116541 -0.089456 0.224117 2.092966 0.132563 -0.627337 -1.177806 0.004005 0.413329 -0.185969 -0.028420 2.258526 -1.569963 -0.522812 1.270886 -0.836385
0.116541 -0.089456 0.224117 2.092966 0.132563 -0.627337 -1.177806 0.004005 0.413329 -0.185969 -0.028420 2.258526 -1.569963 -0.522431 1.262875 -0.836385
0.116541 -0.089456 0.224117 2.092584 0.132563 -0.627337 -1.177806 0.003624 0.413329 -0.185969 -0.028420 2.258526 -1.569581 -0.522431 1.252956 -0.836385
0.116541 -0.089456 0.224117 2.092584 0.132563 -0.627337 -1.177806 0.004005 0.413329 -0.185969 -0.028420 2.258526 -1.569963 -0.522431 1.243038 -0.836385
0.116541 -0.089456 0.224117 2.092584 0.132181 -0.627337 -1.177806 0.003624 0.413710 -0.185969 -0.028420 2.258526 -1.569581 -0.522431 1.231212 -0.836385
0.116922 -0.089456 0.224117 2.092584 0.127985 -0.627337 -1.178187 0.004005 0.413710 -0.185969 -0.028420 2.258526 -1.569963 -0.522049 1.213664 -0.836385
0.117304 -0.089456 0.224117 2.092584 0.116922 -0.626955 -1.178187 0.004005 0.413710 -0.185969 -0.028420 2.258526 -1.569963 -0.522049 1.194591 -0.836385
0.119593 -0.089456 0.224117 2.092584 0.103189 -0.627337 -1.177806 0.003624 0.413710 -0.185969 -0.028420 2.258526 -1.569963 -0.521668 1.175135 -0.836385
0.123789 -0.089456 0.224117 2.092584 0.095941 -0.627337 -1.174372 0.003624 0.413329 -0.185969 -0.028420 2.258526 -1.569963 -0.521668 1.157588 -0.836385
0.130274 -0.089837 0.224117 2.092584 0.089075 -0.627337 -1.169795 0.004005 0.413710 -0.185969 -0.028420 2.258526 -1.569963 -0.520905 1.144236 -0.836385
0.135615 -0.089456 0.224117 2.092584 0.086786 -0.627337 -1.165980 0.004005 0.413329 -0.185969 -0.028420 2.258526 -1.569963 -0.513657 1.137751 -0.836385
0.139429 -0.089456 0.224117 2.092584 0.086404 -0.627337 -1.165599 0.004005 0.413329 -0.185969 -0.028420 2.258526 -1.569963 -0.503738 1.135462 -0.836385
0.144007 -0.089456 0.224117 2.092584 0.085641 -0.627337 -1.166361 0.004005 0.413329 -0.185969 -0.028420 2.258526 -1.569963 -0.493820 1.133173 -0.836385
0.144770 -0.089456 0.224117 2.092584 0.084115 -0.627337 -1.166361 0.003624 0.413329 -0.185969 -0.028038 2.258526 -1.569963 -0.485809 1.133173 -0.836385
0.144770 -0.089456 0.224117 2.092584 0.081827 -0.626955 -1.166743 0.004005 0.413329 -0.185969 -0.028038 2.258526 -1.569963 -0.476654 1.132792 -0.836385
0.144388 -0.089456 0.224117 2.092584 0.079538 -0.625429 -1.167506 0.004005 0.413329 -0.185969 -0.028038 2.258526 -1.569963 -0.464828 1.132410 -0.836385
0.144388 -0.089456 0.224117 2.092584 0.079538 -0.617800 -1.167124 0.004005 0.413329 -0.185969 -0.028038 2.258526 -1.569963 -0.456817 1.132029 -0.836385
0.144388 -0.089456 0.224117 2.092584 0.079538 -0.605592 -1.167506 0.004005 0.413329 -0.185969 -0.027276 2.258526 -1.569963 -0.451095 1.129740 -0.836385
0.144388 -0.089456 0.224117 2.092584 0.079538 -0.596818 -1.167506 0.003624 0.413329 -0.185969 -0.026513 2.258526 -1.569963 -0.440795 1.125544 -0.836385
0.144007 -0.089456 0.223735 2.092584 0.079156 -0.596437 -1.167506 0.004005 0.413710 -0.185969 -0.024605 2.258526 -1.569963 -0.433928 1.112192 -0.836385
0.144388 -0.089456 0.223735 2.092584 0.077630 -0.596437 -1.167506 0.003624 0.413329 -0.185969 -0.024224 2.258526 -1.569963 -0.425154 1.091211 -0.836385
0.144007 -0.089456 0.224117 2.092584 0.074578 -0.596437 -1.167506 0.003624 0.413710 -0.185969 -0.023842 2.258526 -1.569963 -0.412566 1.064126 -0.836385
0.144388 -0.089456 0.224117 2.092584 0.071145 -0.596437 -1.167506 0.004005 0.413710 -0.185969 -0.023842 2.258526 -1.569963 -0.408370 1.033608 -0.836385
0.144388 -0.089456 0.224117 2.092584 0.064660 -0.596818 -1.167506 0.004005 0.413710 -0.185969 -0.023842 2.258526 -1.569963 -0.404555 1.006142 -0.836385
0.144007 -0.089456 0.224117 2.092584 0.057031 -0.596437 -1.167506 0.004005 0.413329 -0.185969 -0.023842 2.258526 -1.569581 -0.401122 0.982490 -0.836385
0.144007 -0.089456 0.223735 2.092584 0.053979 -0.596437 -1.167506 0.003624 0.413710 -0.185969 -0.023461 2.258526 -1.569963 -0.401122 0.959220 -0.836385
0.144007 -0.089456 0.223735 2.092584 0.053979 -0.596437 -1.167506 0.003624 0.413710 -0.185969 -0.023461 2.258526 -1.569963 -0.401122 0.942817 -0.836385
0.144007 -0.089456 0.224117 2.092584 0.054360 -0.596437 -1.167506 0.004005 0.413710 -0.185969 -0.023461 2.258526 -1.569963 -0.401122 0.930610 -0.836385
0.144007 -0.089456 0.224117 2.092584 0.054360 -0.596818 -1.167506 0.003624 0.413710 -0.185969 -0.023461 2.258526 -1.569963 -0.401122 0.918402 -0.836385
0.144007 -0.089456 0.224117 2.092584 0.053979 -0.596818 -1.167506 0.003624 0.413710 -0.185969 -0.023461 2.258526 -1.569581 -0.400740 0.909247 -0.836385
0.144007 -0.089456 0.224117 2.092584 0.053979 -0.596818 -1.167506 0.003624 0.413710 -0.185588 -0.023461 2.258526 -1.569963 -0.400740 0.902380 -0.836385
0.144007 -0.089456 0.224117 2.092584 0.053979 -0.596818 -1.167506 0.003624 0.413710 -0.185588 -0.023461 2.258526 -1.569963 -0.401122 0.896277 -0.836385
0.144007 -0.089456 0.224117 2.092584 0.053979 -0.596437 -1.167506 0.004005 0.413710 -0.185969 -0.023461 2.258526 -1.569963 -0.401122 0.887503 -0.836385
0.144007 -0.089456 0.224117 2.092584 0.053979 -0.596437 -1.167506 0.004005 0.413710 -0.185969 -0.023461 2.258526 -1.569963 -0.401122 0.878729 -0.836385
0.144007 -0.089456 0.224117 2.092584 0.053979 -0.596437 -1.167506 0.004005 0.413710 -0.185588 -0.023461 2.258526 -1.569963 -0.400740 0.868429 -0.836385
0.144007 -0.089456 0.224117 2.092584 0.053979 -0.596437 -1.167506 0.003624 0.413710 -0.185588 -0.023079 2.258526 -1.569963 -0.400740 0.855459 -0.836385
0.144007 -0.089456 0.224117 2.092584 0.053597 -0.596437 -1.167506 0.003624 0.414092 -0.185969 -0.020790 2.258526 -1.569963 -0.400740 0.838674 -0.836385
0.144007 -0.089456 0.223735 2.092584 0.053597 -0.596437 -1.167506 0.003624 0.414092 -0.185588 -0.016976 2.258526 -1.569963 -0.400359 0.827230 -0.836385
0.144007 -0.089456 0.224117 2.092584 0.053597 -0.596437 -1.167506 0.004005 0.414092 -0.185969 -0.010491 2.258526 -1.569963 -0.393492 0.816167 -0.836385
0.144007 -0.089456 0.223735 2.092584 0.053216 -0.596437 -1.167506 0.003624 0.414092 -0.185969 -0.001717 2.258526 -1.569963 -0.390059 0.809300 -0.836385
0.144007 -0.089456 0.224117 2.092584 0.053216 -0.596437 -1.167887 0.004005 0.413710 -0.185588 0.009346 2.258526 -1.569581 -0.384337 0.797475 -0.836385
0.144007 -0.089456 0.223735 2.092584 0.053216 -0.596437 -1.167887 0.004005 0.414092 -0.185588 0.023842 2.258526 -1.569963 -0.378996 0.794041 -0.836385
0.144007 -0.089456 0.224117 2.092584 0.049401 -0.596437 -1.167506 0.004005 0.413710 -0.185969 0.037194 2.258526 -1.569581 -0.377852 0.793278 -0.836385
0.144007 -0.089456 0.224117 2.092584 0.041390 -0.596437 -1.167506 0.004005 0.413710 -0.185969 0.050546 2.258526 -1.569963 -0.361830 0.788701 -0.836385
0.143626 -0.089456 0.224117 2.092584 0.029946 -0.596437 -1.167887 0.003624 0.413710 -0.185969 0.065042 2.258526 -1.569963 -0.344663 0.780690 -0.836385
0.144007 -0.089456 0.223735 2.092584 0.021172 -0.596437 -1.167887 0.003624 0.413710 -0.185588 0.080682 2.258526 -1.569581 -0.326734 0.780308 -0.836385
0.144007 -0.089456 0.224117 2.092584 0.010109 -0.596437 -1.167506 0.004005 0.413329 -0.185588 0.097848 2.258526 -1.569963 -0.316434 0.781453 -0.836385
0.143626 -0.089456 0.223735 2.092584 0.003243 -0.596056 -1.167887 0.003624 0.413329 -0.185588 0.113870 2.258526 -1.569963 -0.303845 0.785649 -0.836385
0.144007 -0.089456 0.223735 2.092584 0.000572 -0.589189 -1.167887 0.003624 0.413329 -0.185588 0.129892 2.258526 -1.569963 -0.300412 0.794423 -0.836385
0.144007 -0.089456 0.223735 2.092584 0.000954 -0.581178 -1.168269 0.004005 0.412947 -0.185588 0.145914 2.258526 -1.569963 -0.300412 0.813878 -0.836385
0.143626 -0.089456 0.224117 2.092584 0.000954 -0.578126 -1.168269 0.004005 0.412566 -0.185588 0.162318 2.258526 -1.569581 -0.300793 0.848211 -0.836385
0.143626 -0.089456 0.224117 2.092584 0.000954 -0.578126 -1.168650 0.004005 0.412566 -0.185588 0.179866 2.258526 -1.569581 -0.300793 0.890555 -0.836385
0.143626 -0.089456 0.223735 2.092584 0.000954 -0.578126 -1.172084 0.004005 0.412184 -0.185588 0.193599 2.258526 -1.569963 -0.300793 0.925650 -0.836385
0.144007 -0.089456 0.224117 2.092584 0.000954 -0.578126 -1.179713 0.004005 0.408751 -0.185588 0.206569 2.258526 -1.569963 -0.300412 0.961509 -0.836385
0.143626 -0.089456 0.224117 2.092966 0.000954 -0.578126 -1.186580 0.003624 0.400359 -0.185588 0.216106 2.258526 -1.569963 -0.300793 0.992409 -0.836385
0.143626 -0.089456 0.224117 2.092966 0.000954 -0.575837 -1.186961 0.004005 0.387388 -0.185588 0.223735 2.258526 -1.569963 -0.300793 1.015679 -0.836385
0.143626 -0.089456 0.224117 2.092966 0.000572 -0.573930 -1.186961 0.004005 0.367170 -0.185588 0.227169 2.258526 -1.569963 -0.300412 1.029793 -0.836385
0.143626 -0.089456 0.224117 2.092966 0.000572 -0.573930 -1.186961 0.004005 0.345808 -0.185969 0.227550 2.258526 -1.569963 -0.300412 1.033227 -0.836385
0.143626 -0.089456 0.224117 2.092584 0.000191 -0.573930 -1.188487 0.004005 0.324826 -0.185969 0.227550 2.258526 -1.569963 -0.300412 1.036278 -0.836385
0.143626 -0.089456 0.224117 2.092584 -0.003243 -0.574311 -1.190776 0.004005 0.296979 -0.185588 0.227550 2.258526 -1.569963 -0.300031 1.039712 -0.836385
0.143626 -0.089456 0.224117 2.092966 -0.007820 -0.574311 -1.190394 0.004005 0.266461 -0.185969 0.227550 2.258526 -1.569963 -0.300031 1.048104 -0.836385
0.143626 -0.089456 0.224117 2.092966 -0.013542 -0.574311 -1.190013 0.004005 0.234417 -0.185588 0.227550 2.258526 -1.569581 -0.300031 1.058404 -0.836385
0.143626 -0.089456 0.224117 2.092966 -0.017739 -0.574311 -1.190394 0.004005 0.204662 -0.185588 0.227550 2.258526 -1.569963 -0.299268 1.069085 -0.836385
0.143626 -0.089456 0.224117 2.092966 -0.018120 -0.574311 -1.190394 0.004005 0.174144 -0.185588 0.227550 2.258526 -1.569963 -0.293164 1.085870 -0.836385
0.143626 -0.089456 0.224117 2.092966 -0.018120 -0.574693 -1.190394 0.004005 0.145914 -0.185588 0.227550 2.258526 -1.569581 -0.282483 1.103418 -0.836385
0.143626 -0.089456 0.224117 2.092966 -0.017739 -0.574693 -1.190013 0.004005 0.116159 -0.185588 0.227550 2.258526 -1.569581 -0.265316 1.117914 -0.836385
0.143626 -0.089456 0.224117 2.092966 -0.017357 -0.575074 -1.190013 0.004005 0.092889 -0.185969 0.227169 2.258526 -1.569581 -0.248531 1.135080 -0.836385
0.143626 -0.089456 0.224117 2.092966 -0.017357 -0.575074 -1.190013 0.004005 0.073434 -0.185588 0.227169 2.258526 -1.569581 -0.237469 1.151102 -0.836385
0.143626 -0.089456 0.224117 2.092966 -0.017357 -0.575074 -1.190013 0.004005 0.057794 -0.185588 0.227169 2.258526 -1.569581 -0.227550 1.164454 -0.836385
0.144007 -0.089456 0.224117 2.092966 -0.017357 -0.574693 -1.190013 0.004005 0.045968 -0.185588 0.227169 2.258526 -1.569581 -0.221828 1.176661 -0.836385
0.144007 -0.089456 0.224117 2.092966 -0.017357 -0.575074 -1.190013 0.004005 0.034142 -0.185588 0.227169 2.258526 -1.569963 -0.211528 1.186961 -0.836385
0.143626 -0.089456 0.224117 2.092966 -0.017357 -0.574693 -1.190013 0.004005 0.030709 -0.185588 0.227169 2.258145 -1.569581 -0.200465 1.194591 -0.836385
0.144007 -0.089456 0.224117 2.092966 -0.016976 -0.575074 -1.190013 0.003624 0.031472 -0.185588 0.227169 2.258526 -1.569963 -0.187495 1.198024 -0.836385
0.144007 -0.089456 0.224117 2.092966 -0.016976 -0.575074 -1.190013 0.003624 0.034905 -0.185588 0.227169 2.258526 -1.569963 -0.174907 1.199550 -0.836385
0.144007 -0.089456 0.224117 2.092966 -0.016976 -0.575074 -1.189631 0.004005 0.041009 -0.185588 0.227169 2.258526 -1.569581 -0.167659 1.202983 -0.836385
0.144007 -0.089456 0.224117 2.092966 -0.016976 -0.575074 -1.189631 0.004005 0.050927 -0.185588 0.227169 2.258526 -1.569963 -0.159266 1.208705 -0.836385
0.144007 -0.089456 0.224117 2.092966 -0.016976 -0.575074 -1.189631 0.004005 0.060845 -0.185588 0.227169 2.258526 -1.569581 -0.140955 1.214427 -0.836385
0.144007 -0.089456 0.224117 2.092966 -0.016976 -0.575074 -1.189631 0.003624 0.073434 -0.185969 0.226787 2.258145 -1.569963 -0.127222 1.220912 -0.836385
0.144007 -0.089456 0.224117 2.092966 -0.016976 -0.575074 -1.189631 0.004005 0.086023 -0.185588 0.226787 2.258145 -1.569581 -0.105478 1.230068 -0.836385
0.144007 -0.089456 0.224117 2.092966 -0.016976 -0.575074 -1.189631 0.004005 0.100519 -0.185588 0.226787 2.258526 -1.569963 -0.082971 1.237316 -0.836385
0.144007 -0.089456 0.224117 2.092966 -0.016976 -0.575074 -1.189631 0.004005 0.116922 -0.185969 0.222972 2.258145 -1.569963 -0.062753 1.240749 -0.836385
0.144007 -0.089456 0.224117 2.092966 -0.016976 -0.575074 -1.189631 0.004005 0.128748 -0.185588 0.217250 2.258145 -1.569581 -0.035668 1.241894 -0.836385
0.144007 -0.089456 0.224117 2.092966 -0.016976 -0.575074 -1.189631 0.004005 0.138285 -0.185969 0.209239 2.258145 -1.569963 -0.000954 1.243420 -0.836385
0.144007 -0.089456 0.224117 2.092966 -0.016976 -0.575074 -1.189631 0.004005 0.146677 -0.185969 0.198177 2.258145 -1.569581 0.033379 1.243038 -0.836385
0.144007 -0.089456 0.224117 2.092966 -0.016976 -0.575074 -1.189631 0.004005 0.152018 -0.185969 0.187114 2.256237 -1.569963 0.066949 1.241894 -0.836385
0.144007 -0.089456 0.224117 2.092966 -0.016594 -0.575074 -1.189631 0.004005 0.154688 -0.185588 0.175669 2.253948 -1.569581 0.090219 1.241512 -0.836385
0.144007 -0.089456 0.224117 2.092966 -0.016594 -0.575074 -1.189631 0.004005 0.155070 -0.185588 0.156977 2.248608 -1.569581 0.102426 1.241512 -0.836385
0.144007 -0.089456 0.224117 2.092966 -0.016594 -0.575074 -1.189631 0.004005 0.154688 -0.185588 0.143626 2.241741 -1.569963 0.109293 1.241512 -0.836385
0.144007 -0.089456 0.224117 2.092966 -0.016594 -0.575074 -1.189631 0.004005 0.154688 -0.185588 0.132563 2.233730 -1.569963 0.117685 1.241512 -0.836385
0.144007 -0.089456 0.224117 2.092966 -0.016594 -0.575074 -1.189631 0.004005 0.155070 -0.185969 0.122263 2.223812 -1.569581 0.130274 1.240749 -0.836385
0.144007 -0.089456 0.224117 2.092966 -0.016594 -0.575074 -1.189631 0.004005 0.154688 -0.185588 0.111582 2.209697 -1.569963 0.141337 1.236553 -0.836385
0.144007 -0.089456 0.224117 2.092966 -0.016213 -0.575074 -1.189631 0.003624 0.154688 -0.185588 0.103189 2.193294 -1.569963 0.144007 1.228923 -0.836385
0.144007 -0.089456 0.224117 2.092966 -0.016213 -0.575074 -1.189631 0.003624 0.154688 -0.185588 0.097467 2.173838 -1.569963 0.144007 1.218242 -0.836385
0.144007 -0.089456 0.224117 2.092966 -0.016213 -0.575074 -1.189631 0.004005 0.154688 -0.185588 0.094415 2.158198 -1.569963 0.144007 1.211757 -0.836385
0.144007 -0.089456 0.224117 2.092966 -0.016594 -0.575074 -1.189631 0.004005 0.154688 -0.185588 0.093652 2.144465 -1.569581 0.144007 1.204128 -0.836385
0.144007 -0.089456 0.224117 2.092966 -0.016213 -0.575074 -1.189631 0.004005 0.154307 -0.185588 0.093652 2.132639 -1.569963 0.144007 1.197261 -0.836385
0.144388 -0.089456 0.224117 2.092966 -0.016213 -0.575074 -1.189631 0.004005 0.152018 -0.185206 0.094034 2.123102 -1.569963 0.144007 1.190394 -0.836385
0.144007 -0.089456 0.224117 2.092966 -0.016213 -0.575074 -1.189631 0.004005 0.147822 -0.185206 0.094034 2.115473 -1.569963 0.144770 1.186580 -0.836385
0.144007 -0.089456 0.224117 2.092966 -0.016213 -0.575074 -1.189631 0.004005 0.140574 -0.184825 0.094034 2.113565 -1.569581 0.146296 1.185435 -0.836385
0.144007 -0.089456 0.224117 2.092966 -0.016213 -0.575074 -1.189631 0.004005 0.132181 -0.182536 0.093652 2.114328 -1.569581 0.152018 1.186198 -0.836385
0.143626 -0.089456 0.224117 2.092966 -0.016594 -0.575074 -1.189631 0.004005 0.123789 -0.180247 0.094034 2.114328 -1.569963 0.152781 1.184672 -0.836385
0.144007 -0.089456 0.224117 2.092966 -0.016594 -0.575074 -1.190013 0.004005 0.110437 -0.176814 0.094034 2.114328 -1.569581 0.167277 1.181621 -0.836385
0.143626 -0.089456 0.224117 2.092966 -0.016594 -0.574693 -1.189631 0.004005 0.094415 -0.169566 0.094034 2.114328 -1.569963 0.177195 1.178187 -0.836385
0.144007 -0.089456 0.224117 2.092966 -0.016594 -0.575074 -1.189631 0.003624 0.076867 -0.161173 0.094034 2.114328 -1.569581 0.183299 1.178187 -0.836385
0.143626 -0.089456 0.224117 2.092966 -0.016594 -0.575074 -1.190013 0.003624 0.058938 -0.152018 0.094034 2.114328 -1.569963 0.185588 1.177424 -0.836385
0.143626 -0.089456 0.224117 2.092966 -0.016594 -0.575074 -1.190013 0.004005 0.039101 -0.140192 0.094415 2.114328 -1.569581 0.184825 1.175517 -0.836385
0.143626 -0.089456 0.224117 2.092966 -0.016976 -0.575074 -1.189631 0.004005 0.021935 -0.127985 0.096323 2.114710 -1.569581 0.184825 1.168650 -0.836385
0.143626 -0.089456 0.224117 2.092966 -0.016976 -0.575074 -1.190013 0.004005 0.004005 -0.115015 0.098230 2.114328 -1.569581 0.185206 1.162547 -0.836385
0.143626 -0.089456 0.224117 2.092966 -0.016976 -0.575074 -1.189631 0.003624 -0.018120 -0.098993 0.101282 2.114328 -1.569581 0.185206 1.156825 -0.836385
0.143626 -0.089456 0.224117 2.092966 -0.016976 -0.574693 -1.190013 0.004005 -0.034142 -0.086786 0.102426 2.114328 -1.569581 0.184825 1.149958 -0.836385
0.143626 -0.089456 0.224117 2.092966 -0.016976 -0.574311 -1.190013 0.004005 -0.051690 -0.073816 0.104334 2.114328 -1.569581 0.185206 1.139658 -0.836385
0.143626 -0.089456 0.224117 2.092966 -0.017357 -0.574311 -1.190013 0.003624 -0.066186 -0.062371 0.107004 2.114328 -1.569581 0.185206 1.124399 -0.836385
0.143626 -0.089456 0.224117 2.092966 -0.017739 -0.574311 -1.189631 0.004005 -0.080682 -0.050164 0.110056 2.114328 -1.569581 0.185206 1.109522 -0.836385
0.143626 -0.089456 0.224117 2.092966 -0.017739 -0.573930 -1.190013 0.004005 -0.093271 -0.039864 0.112726 2.114328 -1.569581 0.185206 1.093500 -0.836385
0.144007 -0.089456 0.224117 2.092966 -0.017739 -0.573167 -1.190013 0.004005 -0.104334 -0.030327 0.115778 2.114328 -1.569963 0.185206 1.072137 -0.836385
0.143626 -0.089456 0.224117 2.092966 -0.017739 -0.570115 -1.189250 0.004005 -0.115778 -0.020409 0.121881 2.114328 -1.569581 0.185588 1.043526 -0.836385
0.143626 -0.089456 0.224117 2.092966 -0.018120 -0.565156 -1.189250 0.004005 -0.125315 -0.013542 0.127222 2.114328 -1.569581 0.185588 1.022164 -0.836385
0.143626 -0.089456 0.224117 2.092966 -0.019646 -0.557527 -1.184291 0.004005 -0.134852 -0.008965 0.135233 2.114328 -1.569581 0.186351 1.004616 -0.836385
0.143626 -0.089456 0.224117 2.092966 -0.022316 -0.546082 -1.176661 0.003624 -0.145533 -0.004005 0.147059 2.114328 -1.569581 0.186732 0.988594 -0.836385
0.144007 -0.089456 0.224117 2.092966 -0.026894 -0.544175 -1.165599 0.003624 -0.156596 -0.000191 0.159648 2.114710 -1.569581 0.189403 0.980583 -0.836385
0.144007 -0.089456 0.224117 2.092584 -0.042535 -0.544175 -1.149195 0.003624 -0.167659 0.000191 0.175288 2.114328 -1.569963 0.190929 0.977913 -0.836385
0.144007 -0.089456 0.224117 2.092584 -0.059319 -0.544175 -1.132410 0.004005 -0.179484 -0.000191 0.190929 2.114710 -1.569581 0.193599 0.977913 -0.836385
0.144007 -0.089456 0.224117 2.092584 -0.078775 -0.544175 -1.112192 0.003624 -0.190166 -0.000191 0.203899 2.114328 -1.569581 0.193217 0.977913 -0.836385
0.144007 -0.089456 0.224117 2.092584 -0.102045 -0.544175 -1.088540 0.003624 -0.202373 -0.000191 0.216869 2.114710 -1.569963 0.193217 0.975242 -0.836385
0.144007 -0.089456 0.224117 2.092584 -0.127604 -0.544175 -1.060311 0.004005 -0.215724 -0.000191 0.230220 2.114710 -1.569963 0.193217 0.974098 -0.836385
0.144007 -0.089456 0.224117 2.092584 -0.151255 -0.544175 -1.034371 0.004005 -0.227550 -0.000191 0.242046 2.114328 -1.569581 0.193599 0.974098 -0.836385
0.144388 -0.089456 0.224117 2.092584 -0.176814 -0.544175 -1.008431 0.004005 -0.240139 -0.000191 0.254253 2.114710 -1.569581 0.193217 0.974479 -0.836385
0.144007 -0.089456 0.224117 2.092584 -0.200465 -0.544175 -0.982490 0.004005 -0.252728 -0.000191 0.266079 2.114710 -1.569581 0.193217 0.974098 -0.836385
0.144007 -0.089456 0.224117 2.092584 -0.225261 -0.544175 -0.959602 0.004005 -0.264553 -0.000191 0.277523 2.114710 -1.569581 0.193599 0.974098 -0.836385
0.144388 -0.089456 0.224117 2.092584 -0.250439 -0.544556 -0.929847 0.003624 -0.275998 -0.000191 0.287823 2.114710 -1.569581 0.193599 0.974098 -0.836385
0.144388 -0.089456 0.224117 2.092584 -0.280194 -0.544175 -0.886740 0.003624 -0.288968 -0.000191 0.298123 2.114328 -1.569581 0.193217 0.974098 -0.836385
0.144388 -0.089456 0.224117 2.092584 -0.306516 -0.544556 -0.847066 0.004005 -0.299649 -0.000191 0.305753 2.114710 -1.569581 0.193217 0.974098 -0.836385
0.144388 -0.089456 0.224117 2.092584 -0.334745 -0.544556 -0.798619 0.004005 -0.311475 -0.000191 0.313382 2.114710 -1.569581 0.193217 0.972572 -0.836385
0.144770 -0.089456 0.224117 2.092584 -0.361448 -0.544556 -0.754749 0.004005 -0.320249 -0.000191 0.318723 2.114710 -1.569581 0.193217 0.969902 -0.836385
0.145533 -0.089456 0.224117 2.092584 -0.389677 -0.544556 -0.702487 0.004005 -0.330930 -0.000191 0.324063 2.114710 -1.569581 0.193217 0.961509 -0.836385
0.147059 -0.089456 0.224117 2.092584 -0.414092 -0.544556 -0.653277 0.004005 -0.339322 -0.000191 0.327497 2.114710 -1.569581 0.193217 0.953880 -0.836385
0.148203 -0.089456 0.224117 2.092203 -0.439269 -0.544556 -0.603685 0.004005 -0.345808 -0.000191 0.331693 2.114710 -1.569581 0.193217 0.942817 -0.836385
0.150492 -0.089456 0.224117 2.091821 -0.469406 -0.544175 -0.558289 0.004005 -0.352674 -0.000191 0.334745 2.114710 -1.569581 0.193599 0.930991 -0.836385
0.152781 -0.089456 0.224117 2.090677 -0.501450 -0.543793 -0.518997 0.004005 -0.356489 -0.000572 0.338560 2.114710 -1.569963 0.194743 0.916495 -0.836385
0.157359 -0.089456 0.224117 2.090677 -0.531205 -0.544556 -0.492676 0.004005 -0.361448 -0.000572 0.340848 2.114710 -1.569581 0.196651 0.902380 -0.836385
0.163462 -0.089456 0.224117 2.090677 -0.552567 -0.544556 -0.471695 0.004005 -0.365263 -0.000572 0.343900 2.114710 -1.569581 0.196651 0.888647 -0.836385
0.166896 -0.089456 0.224117 2.090295 -0.569352 -0.544175 -0.453384 0.004005 -0.368696 -0.000572 0.346952 2.114710 -1.569581 0.197032 0.875296 -0.836385
0.171092 -0.089456 0.224117 2.088769 -0.585374 -0.540360 -0.436599 0.004005 -0.371748 -0.000572 0.350767 2.114710 -1.569581 0.203899 0.861944 -0.836385
0.176814 -0.089456 0.224117 2.087243 -0.601778 -0.539597 -0.431258 0.004387 -0.372892 -0.000572 0.354200 2.114710 -1.569581 0.213436 0.857748 -0.836385
0.181773 -0.089456 0.224117 2.086862 -0.614748 -0.539216 -0.425154 0.004387 -0.374418 -0.000572 0.358396 2.114710 -1.569581 0.215343 0.852026 -0.836385
0.184443 -0.089456 0.224117 2.086481 -0.631533 -0.536164 -0.415236 0.004387 -0.377852 -0.000191 0.362211 2.114710 -1.569581 0.216106 0.849355 -0.836385
0.186351 -0.089456 0.224117 2.085718 -0.648699 -0.521286 -0.402647 0.004387 -0.382429 -0.000572 0.364118 2.114710 -1.569581 0.216106 0.845541 -0.836385
0.186351 -0.089456 0.224117 2.085718 -0.665484 -0.510605 -0.390440 0.004387 -0.387770 -0.000572 0.366026 2.114710 -1.569581 0.216487 0.842870 -0.836385
0.188640 -0.089456 0.224117 2.085718 -0.684939 -0.494202 -0.378233 0.004387 -0.395781 -0.000572 0.367552 2.114710 -1.569581 0.219158 0.840963 -0.836385
0.189403 -0.089837 0.224117 2.085336 -0.706683 -0.486572 -0.367552 0.004387 -0.404173 -0.000572 0.368315 2.114710 -1.569581 0.219539 0.840200 -0.836385
0.192454 -0.089456 0.224117 2.084192 -0.730335 -0.472457 -0.354200 0.004387 -0.414855 -0.000572 0.369459 2.114710 -1.569581 0.219158 0.840200 -0.836385
0.195888 -0.089456 0.224117 2.083810 -0.755512 -0.466354 -0.334745 0.004387 -0.426299 -0.000572 0.369841 2.114710 -1.569581 0.219158 0.838674 -0.836385
0.199702 -0.089456 0.224117 2.080758 -0.777638 -0.456054 -0.318723 0.004387 -0.436217 -0.000572 0.369841 2.114710 -1.569581 0.219158 0.836004 -0.836385
0.200084 -0.089456 0.224117 2.075799 -0.797475 -0.451095 -0.310330 0.004387 -0.445373 -0.000572 0.370222 2.114710 -1.569581 0.219539 0.829137 -0.836385
0.202373 -0.089456 0.224117 2.067788 -0.817693 -0.451095 -0.304608 0.004387 -0.455673 -0.000954 0.370222 2.114710 -1.569581 0.219158 0.821889 -0.836385
0.205806 -0.089456 0.224117 2.057870 -0.835622 -0.450713 -0.295834 0.004387 -0.465972 -0.000572 0.370222 2.114710 -1.569581 0.219158 0.813115 -0.836385
0.209621 -0.089456 0.224117 2.048333 -0.844396 -0.450332 -0.287060 0.004387 -0.475891 -0.000572 0.370222 2.114710 -1.569581 0.219539 0.802815 -0.836385
0.215343 -0.089456 0.224117 2.038415 -0.856603 -0.448043 -0.276379 0.004768 -0.486191 -0.000572 0.370222 2.114710 -1.569581 0.219158 0.790990 -0.836385
0.219921 -0.089456 0.224498 2.029259 -0.873007 -0.447280 -0.263409 0.004768 -0.495727 -0.000572 0.370222 2.114710 -1.569581 0.219539 0.782979 -0.836385
0.225261 -0.089456 0.224498 2.016670 -0.893606 -0.448043 -0.257687 0.004768 -0.505646 -0.000572 0.370222 2.114710 -1.569581 0.219539 0.775731 -0.836385
0.228695 -0.089456 0.224880 2.003319 -0.913825 -0.448425 -0.258068 0.004768 -0.515183 -0.000572 0.370222 2.114710 -1.569581 0.219539 0.769245 -0.836385
0.230602 -0.089456 0.227169 1.990730 -0.934043 -0.448043 -0.258068 0.005150 -0.524720 -0.000572 0.370222 2.114710 -1.569581 0.219539 0.766957 -0.836385
0.230602 -0.089456 0.229458 1.977379 -0.954643 -0.448043 -0.258450 0.008202 -0.534638 -0.000572 0.370222 2.114710 -1.569581 0.219539 0.765812 -0.836385
0.230220 -0.089456 0.232128 1.964027 -0.974098 -0.448425 -0.258068 0.008202 -0.544938 -0.000572 0.370222 2.114710 -1.569581 0.219539 0.765431 -0.836385
0.230220 -0.089456 0.236324 1.952964 -0.990883 -0.448425 -0.258068 0.007820 -0.555238 -0.000572 0.370222 2.114710 -1.569581 0.219539 0.765812 -0.836385
0.230220 -0.089456 0.241283 1.943427 -1.002708 -0.448806 -0.258068 0.007820 -0.566682 -0.000572 0.370222 2.114710 -1.569581 0.219539 0.765812 -0.836385
0.229839 -0.089456 0.247387 1.935035 -1.016060 -0.451095 -0.258068 0.008202 -0.578508 -0.000572 0.370222 2.114710 -1.569581 0.219539 0.765431 -0.836385
0.229839 -0.089456 0.254635 1.926261 -1.029030 -0.457961 -0.258831 0.008202 -0.589952 -0.000572 0.370222 2.114710 -1.569581 0.219539 0.766194 -0.836385
0.229839 -0.089456 0.262646 1.917487 -1.040856 -0.469787 -0.258831 0.008202 -0.602541 -0.000572 0.370222 2.114328 -1.569581 0.219539 0.765812 -0.836385
0.229839 -0.089456 0.271038 1.909476 -1.045434 -0.478943 -0.259594 0.008202 -0.614366 -0.000572 0.370222 2.114710 -1.569581 0.219921 0.765812 -0.836385
0.229839 -0.089456 0.280575 1.902609 -1.045434 -0.483139 -0.263027 0.008965 -0.628099 -0.000191 0.370222 2.114710 -1.569581 0.219539 0.765812 -0.836385
0.229839 -0.089075 0.290112 1.897650 -1.045434 -0.485809 -0.263790 0.012016 -0.644121 -0.000572 0.370222 2.114710 -1.569581 0.219539 0.765431 -0.836385
0.229839 -0.088693 0.300031 1.893835 -1.045815 -0.485809 -0.267224 0.012016 -0.656329 -0.000572 0.370222 2.114710 -1.569581 0.219539 0.765431 -0.836385
0.229839 -0.088693 0.309567 1.891547 -1.052682 -0.486191 -0.271420 0.012016 -0.669299 -0.000191 0.370222 2.114710 -1.569963 0.219539 0.765812 -0.836385
0.229839 -0.088693 0.319104 1.890784 -1.069848 -0.486191 -0.275235 0.012016 -0.682269 -0.000572 0.370222 2.114710 -1.569581 0.219539 0.765049 -0.836385
0.229839 -0.088312 0.328260 1.890784 -1.087778 -0.486572 -0.282864 0.012016 -0.694476 -0.000191 0.370222 2.114710 -1.569581 0.219539 0.765049 -0.836385
0.229839 -0.083352 0.336652 1.890784 -1.099985 -0.493439 -0.295453 0.012016 -0.705539 -0.000572 0.370222 2.114710 -1.569581 0.219539 0.765431 -0.836385
0.229839 -0.082971 0.343519 1.890402 -1.103037 -0.494965 -0.307279 0.012016 -0.716602 -0.000572 0.370222 2.114710 -1.569581 0.219158 0.765431 -0.836385
0.229458 -0.077630 0.350385 1.890402 -1.103037 -0.496109 -0.315671 0.012398 -0.726902 -0.000572 0.370222 2.114710 -1.569963 0.219158 0.765431 -0.836385
0.229458 -0.069619 0.353819 1.890402 -1.103418 -0.497253 -0.321775 0.012016 -0.736820 -0.000572 0.370222 2.114710 -1.569581 0.219158 0.765431 -0.836385
0.229076 -0.061227 0.356107 1.890402 -1.106088 -0.497253 -0.325971 0.012016 -0.746357 -0.000572 0.370222 2.114710 -1.569581 0.219158 0.765431 -0.836385
0.227169 -0.051308 0.357252 1.890402 -1.107996 -0.496490 -0.326352 0.012398 -0.755131 -0.000572 0.370222 2.114710 -1.569581 0.219158 0.765812 -0.836385
0.226787 -0.041772 0.358015 1.890402 -1.117533 -0.496490 -0.325971 0.012398 -0.764286 -0.000572 0.370222 2.114710 -1.569581 0.218776 0.765812 -0.836385
0.226406 -0.032235 0.358015 1.890402 -1.125162 -0.496872 -0.325589 0.012398 -0.771916 -0.000572 0.370222 2.114710 -1.569963 0.219158 0.765812 -0.836385
0.224498 -0.021935 0.360304 1.890402 -1.125544 -0.496490 -0.325589 0.012398 -0.780690 -0.000572 0.370222 2.114710 -1.569581 0.219158 0.766194 -0.836385
0.224117 -0.012398 0.363355 1.890402 -1.127070 -0.496109 -0.325208 0.012398 -0.788319 -0.000572 0.370222 2.114710 -1.569581 0.218776 0.766575 -0.836385
0.224117 -0.003624 0.367933 1.890402 -1.127832 -0.496490 -0.325589 0.012398 -0.796330 -0.000572 0.370222 2.114710 -1.569581 0.219158 0.766575 -0.836385
0.223735 0.004387 0.374800 1.890402 -1.127832 -0.496109 -0.324445 0.012398 -0.803578 -0.000572 0.370222 2.114710 -1.569963 0.219158 0.766957 -0.836385
0.222591 0.012016 0.382811 1.890402 -1.127832 -0.495727 -0.323682 0.012398 -0.810063 -0.000572 0.370222 2.114710 -1.569581 0.219158 0.766575 -0.836385
0.221447 0.018120 0.391203 1.890021 -1.128214 -0.491531 -0.321775 0.012779 -0.817311 -0.000572 0.369841 2.114710 -1.569581 0.218776 0.767338 -0.836385
0.221065 0.025750 0.401122 1.889258 -1.128214 -0.488479 -0.321775 0.015068 -0.823796 -0.000572 0.369841 2.114710 -1.569581 0.218776 0.767338 -0.836385
0.221065 0.033761 0.408751 1.888876 -1.128214 -0.485809 -0.321393 0.015450 -0.829900 -0.000572 0.369841 2.114710 -1.569963 0.218776 0.767338 -0.836385
0.221065 0.040627 0.415999 1.888113 -1.127832 -0.483520 -0.317960 0.015450 -0.835241 -0.000572 0.369841 2.114710 -1.569963 0.218776 0.768482 -0.836385
0.221065 0.049020 0.422103 1.886587 -1.127451 -0.472457 -0.309949 0.015450 -0.840200 -0.000572 0.370222 2.114710 -1.569581 0.218776 0.768482 -0.836385
0.218395 0.053979 0.427443 1.883536 -1.127451 -0.465209 -0.301938 0.015450 -0.845922 -0.000954 0.369841 2.114710 -1.569581 0.218776 0.768864 -0.836385
0.215724 0.057794 0.432021 1.875143 -1.127451 -0.457198 -0.292782 0.015450 -0.852407 -0.000572 0.369841 2.114710 -1.569963 0.218776 0.770008 -0.836385
0.211910 0.060845 0.435836 1.861410 -1.127451 -0.450332 -0.291257 0.015450 -0.858892 -0.000954 0.369841 2.114710 -1.569963 0.218776 0.769627 -0.836385
0.206950 0.064279 0.436599 1.843862 -1.127451 -0.446899 -0.292401 0.015450 -0.865377 -0.000572 0.369841 2.114710 -1.569581 0.218776 0.770390 -0.836385
0.201228 0.066567 0.436599 1.822118 -1.127451 -0.443084 -0.293164 0.015450 -0.871481 -0.000954 0.369841 2.114710 -1.569581 0.218776 0.770008 -0.836385
0.195506 0.065805 0.436599 1.799611 -1.127832 -0.442702 -0.301175 0.015450 -0.879110 -0.000572 0.369841 2.114710 -1.569581 0.218395 0.770390 -0.836385
0.193217 0.065805 0.436599 1.775959 -1.128214 -0.441558 -0.316815 0.015450 -0.884451 -0.000572 0.369841 2.114710 -1.569963 0.218395 0.770390 -0.836385
0.190929 0.066186 0.436599 1.753834 -1.128214 -0.444991 -0.340467 0.015450 -0.887884 -0.000572 0.369841 2.114710 -1.569963 0.218776 0.770008 -0.836385
0.190547 0.066186 0.436599 1.737812 -1.128214 -0.448043 -0.360685 0.015450 -0.893225 -0.000572 0.369841 2.114710 -1.569963 0.218395 0.770390 -0.836385
0.190929 0.065805 0.436980 1.724842 -1.128595 -0.448806 -0.381666 0.015450 -0.897803 -0.000572 0.369841 2.114710 -1.569581 0.218013 0.770390 -0.836385
0.190547 0.065805 0.436599 1.717212 -1.128595 -0.449569 -0.400359 0.015450 -0.897803 -0.000572 0.369841 2.114710 -1.569581 0.218776 0.772297 -0.836385
0.190547 0.065805 0.436599 1.713016 -1.128595 -0.453002 -0.413329 0.015450 -0.897803 -0.000572 0.369841 2.114710 -1.569581 0.218776 0.773823 -0.836385
0.191310 0.065805 0.436599 1.712634 -1.128595 -0.459487 -0.427825 0.015450 -0.897421 -0.000572 0.369841 2.114710 -1.569581 0.218395 0.774205 -0.836385
0.191310 0.065805 0.436599 1.712634 -1.128595 -0.460250 -0.436599 0.015450 -0.897421 -0.000572 0.369841 2.114710 -1.569581 0.218395 0.774205 -0.836385
0.190929 0.065805 0.436599 1.712634 -1.128595 -0.460250 -0.445373 0.015450 -0.897421 -0.000572 0.369841 2.114710 -1.569963 0.218395 0.774205 -0.836385
0.190929 0.065805 0.436599 1.712253 -1.128595 -0.464446 -0.449187 0.015450 -0.897421 -0.000572 0.369841 2.114710 -1.569581 0.218776 0.774205 -0.836385
0.190929 0.065805 0.436599 1.711872 -1.128595 -0.470550 -0.449569 0.015450 -0.897421 -0.000572 0.369841 2.114710 -1.569581 0.218395 0.774205 -0.836385
0.190929 0.065805 0.436599 1.711872 -1.128595 -0.470932 -0.449569 0.015450 -0.897421 -0.000572 0.369841 2.114710 -1.569581 0.218776 0.774205 -0.836385
0.190929 0.065805 0.436599 1.711872 -1.128595 -0.470932 -0.452239 0.015450 -0.897421 -0.000572 0.369841 2.114710 -1.569963 0.218776 0.774205 -0.836385
0.190547 0.065805 0.436599 1.711872 -1.128595 -0.471313 -0.459487 0.015450 -0.897421 -0.000572 0.369841 2.114710 -1.569581 0.218395 0.774586 -0.836385
0.189403 0.065805 0.436599 1.711872 -1.128214 -0.474746 -0.472839 0.015450 -0.897421 -0.000954 0.369841 2.114710 -1.569963 0.218776 0.774968 -0.836385
0.186732 0.065805 0.436599 1.710346 -1.128214 -0.474746 -0.480850 0.015450 -0.897421 -0.000572 0.369841 2.114710 -1.569581 0.218776 0.774968 -0.836385
0.181010 0.065423 0.436599 1.706149 -1.127451 -0.473983 -0.478943 0.015450 -0.897421 -0.000572 0.369841 2.114710 -1.569581 0.218776 0.774586 -0.836385
0.174907 0.065423 0.436599 1.699283 -1.127832 -0.469406 -0.478943 0.015450 -0.897421 -0.000572 0.369841 2.114710 -1.569963 0.218395 0.774586 -0.836385
0.169184 0.065042 0.436599 1.691653 -1.127451 -0.469787 -0.478561 0.015450 -0.897421 -0.000954 0.369841 2.114710 -1.569581 0.218776 0.774586 -0.836385
0.164225 0.065042 0.436599 1.683261 -1.127451 -0.465591 -0.478943 0.015450 -0.897421 -0.000572 0.369841 2.114710 -1.569581 0.218776 0.774586 -0.836385
0.161555 0.065423 0.436599 1.676394 -1.127451 -0.461395 -0.478943 0.015450 -0.897421 -0.000572 0.369841 2.114710 -1.569963 0.218776 0.774586 -0.836385
0.161173 0.065423 0.436599 1.672961 -1.128214 -0.454147 -0.478943 0.015450 -0.897803 -0.000572 0.369841 2.114710 -1.569581 0.218776 0.774586 -0.836385
0.161936 0.065423 0.436599 1.672580 -1.128595 -0.446517 -0.479324 0.015450 -0.897421 -0.000572 0.369841 2.114710 -1.569581 0.219158 0.774205 -0.836385
0.163462 0.065423 0.436599 1.672580 -1.128595 -0.443847 -0.479324 0.015068 -0.897421 -0.000572 0.369841 2.114710 -1.569581 0.218776 0.774205 -0.836385
0.163462 0.065423 0.436599 1.672580 -1.129358 -0.442702 -0.478561 0.015068 -0.897421 -0.000572 0.369841 2.114710 -1.569581 0.218776 0.774205 -0.836385
0.163462 0.065423 0.436599 1.672580 -1.131647 -0.435454 -0.478943 0.015068 -0.897421 -0.000572 0.369841 2.114710 -1.569581 0.218776 0.774205 -0.836385
0.163462 0.065042 0.436599 1.672580 -1.131647 -0.423247 -0.478943 0.015068 -0.897421 -0.000572 0.369841 2.114710 -1.569581 0.218776 0.774205 -0.836385
0.163462 0.065042 0.436217 1.672580 -1.132029 -0.414855 -0.478943 0.015068 -0.897421 -0.000572 0.369841 2.114710 -1.569963 0.218776 0.774205 -0.836385
0.163844 0.065042 0.436217 1.672580 -1.132410 -0.404173 -0.478943 0.015068 -0.897421 -0.000572 0.369841 2.114710 -1.569963 0.218776 0.774205 -0.836385
0.163462 0.065423 0.436599 1.672580 -1.134699 -0.385100 -0.478943 0.015068 -0.897421 -0.000572 0.369841 2.114710 -1.569581 0.218776 0.774205 -0.836385
0.163462 0.065423 0.436599 1.672580 -1.146906 -0.368696 -0.478943 0.015068 -0.897421 -0.000572 0.369841 2.114710 -1.569581 0.218776 0.774205 -0.836385
0.163081 0.065423 0.436599 1.672580 -1.155680 -0.364881 -0.478943 0.015068 -0.897421 -0.000572 0.369841 2.114710 -1.569581 0.218776 0.774205 -0.836385
0.163462 0.065423 0.436599 1.672580 -1.159113 -0.364881 -0.478943 0.015068 -0.897421 -0.000572 0.369841 2.114710 -1.569581 0.218776 0.774205 -0.836385
0.163462 0.065423 0.436599 1.672580 -1.160258 -0.365263 -0.478561 0.015068 -0.897421 -0.000572 0.369841 2.114710 -1.569581 0.218776 0.774205 -0.836385
0.163462 0.065423 0.436599 1.672580 -1.165217 -0.366026 -0.478561 0.015068 -0.897421 -0.000572 0.369841 2.114710 -1.569581 0.218776 0.774205 -0.836385
0.163462 0.065423 0.436599 1.672580 -1.170176 -0.366789 -0.477035 0.015068 -0.897421 -0.000572 0.369841 2.114710 -1.569581 0.218776 0.774205 -0.836385
0.163462 0.065423 0.438506 1.672580 -1.170176 -0.366789 -0.470169 0.015068 -0.897421 -0.000572 0.369841 2.114710 -1.569581 0.218776 0.774205 -0.836385
0.163462 0.065423 0.440795 1.672580 -1.170558 -0.366407 -0.459487 0.015068 -0.897421 -0.000572 0.369841 2.114710 -1.569581 0.218776 0.774205 -0.836385
0.163462 0.065423 0.441176 1.672580 -1.170176 -0.366407 -0.449187 0.014687 -0.897040 -0.000572 0.369841 2.114710 -1.569581 0.218776 0.774205 -0.836385
0.163462 0.065423 0.441176 1.672580 -1.170176 -0.366789 -0.439651 0.015068 -0.897040 -0.000572 0.369841 2.114710 -1.569581 0.218776 0.774205 -0.836385
0.163081 0.065423 0.441176 1.672580 -1.170176 -0.370222 -0.435073 0.015068 -0.897421 -0.000572 0.369841 2.114710 -1.569581 0.218776 0.774586 -0.836385
0.163462 0.065423 0.441176 1.672580 -1.170176 -0.374800 -0.436980 0.015068 -0.897421 -0.000572 0.369841 2.114710 -1.569581 0.218776 0.774586 -0.836385
0.163081 0.065423 0.441176 1.672580 -1.170176 -0.378614 -0.437362 0.015068 -0.897421 -0.000572 0.369841 2.114710 -1.569963 0.218776 0.774205 -0.836385
0.163462 0.065423 0.441176 1.672580 -1.170558 -0.381666 -0.436980 0.015068 -0.897421 -0.000572 0.369841 2.114710 -1.569963 0.218776 0.774205 -0.836385
0.163081 0.065423 0.441176 1.672580 -1.170558 -0.381285 -0.436980 0.014687 -0.897421 -0.000572 0.369841 2.114710 -1.569581 0.218776 0.774205 -0.836385
0.163081 0.065423 0.441176 1.672580 -1.170558 -0.381285 -0.436980 0.014687 -0.897421 -0.000572 0.369841 2.114710 -1.569963 0.218776 0.774205 -0.836385
0.163081 0.065423 0.441176 1.672580 -1.170558 -0.380903 -0.436980 0.014687 -0.897421 -0.000572 0.369841 2.114710 -1.569963 0.218776 0.774205 -0.836385
0.163462 0.065042 0.441176 1.672580 -1.170558 -0.380903 -0.436980 0.014305 -0.897040 -0.000572 0.369841 2.114710 -1.569963 0.218776 0.774205 -0.836385
0.163462 0.065042 0.441176 1.672580 -1.170558 -0.380903 -0.436980 0.014305 -0.897421 -0.000572 0.369841 2.114710 -1.569581 0.218776 0.774205 -0.836385
0.163462 0.065042 0.441176 1.672580 -1.170176 -0.380903 -0.436980 0.014305 -0.897421 -0.000572 0.369841 2.114710 -1.569963 0.218776 0.774205 -0.836385
0.163462 0.065042 0.441176 1.672580 -1.170558 -0.380903 -0.436980 0.014305 -0.897421 -0.000572 0.369841 2.114710 -1.569581 0.218776 0.774205 -0.836385
0.163462 0.065042 0.441176 1.672580 -1.170176 -0.380903 -0.436599 0.014305 -0.897421 -0.000572 0.369841 2.114710 -1.569963 0.218776 0.773823 -0.836385
0.163462 0.065042 0.441176 1.672580 -1.170176 -0.380903 -0.436599 0.014305 -0.897421 -0.000572 0.369841 2.114710 -1.569581 0.218776 0.774205 -0.836385
0.163462 0.065042 0.441176 1.672580 -1.170558 -0.380903 -0.436599 0.014305 -0.897421 -0.000572 0.369841 2.114710 -1.569581 0.218776 0.774205 -0.836385
0.163462 0.065042 0.441176 1.672580 -1.170176 -0.380522 -0.436980 0.014305 -0.897040 -0.000572 0.369841 2.114710 -1.569581 0.218776 0.773823 -0.836385
0.163081 0.065042 0.441176 1.672580 -1.170558 -0.380903 -0.436980 0.014305 -0.897421 -0.000572 0.369841 2.114710 -1.569581 0.218776 0.773823 -0.836385
0.163462 0.065042 0.441176 1.672580 -1.170176 -0.380522 -0.436980 0.014305 -0.897421 -0.000572 0.369841 2.114710 -1.569963 0.218776 0.773823 -0.836385
0.163462 0.065042 0.441176 1.672580 -1.170558 -0.380522 -0.436980 0.014305 -0.897040 -0.000572 0.369841 2.114710 -1.569581 0.218776 0.773823 -0.836385
0.163081 0.065042 0.441176 1.672580 -1.170176 -0.380903 -0.436980 0.014305 -0.897040 -0.000572 0.369841 2.114710 -1.569581 0.218776 0.773823 -0.836385
0.163081 0.065042 0.441176 1.672580 -1.170176 -0.380903 -0.436980 0.014305 -0.897421 -0.000572 0.369841 2.114710 -1.569963 0.218776 0.773823 -0.836385
0.163081 0.065042 0.441176 1.672580 -1.170176 -0.380903 -0.436980 0.014305 -0.897421 -0.000572 0.369841 2.114710 -1.569581 0.218776 0.774205 -0.836385
0.163081 0.065042 0.441176 1.672580 -1.170176 -0.380903 -0.436980 0.014305 -0.897421 -0.000572 0.369841 2.114710 -1.569963 0.218776 0.773823 -0.836385
0.163081 0.065042 0.441176 1.672580 -1.170176 -0.380903 -0.436980 0.014305 -0.897421 -0.000572 0.369841 2.114710 -1.569581 0.218776 0.773823 -0.836385
0.163081 0.065042 0.441176 1.672580 -1.170558 -0.380903 -0.436980 0.014305 -0.897040 -0.000572 0.369841 2.114710 -1.569581 0.218776 0.774205 -0.836385
0.163081 0.065042 0.441176 1.672580 -1.170176 -0.380903 -0.436980 0.014305 -0.897421 -0.000572 0.369841 2.114710 -1.569963 0.218776 0.773823 -0.836385
0.163081 0.065042 0.441176 1.672580 -1.170176 -0.380903 -0.436980 0.014305 -0.897421 -0.000572 0.369841 2.114710 -1.569963 0.218776 0.774205 -0.836385
0.163081 0.065042 0.441176 1.672580 -1.170176 -0.380903 -0.436980 0.014305 -0.897421 -0.000572 0.369841 2.114710 -1.569581 0.218776 0.774205 -0.836385
0.163081 0.065042 0.441176 1.672580 -1.170558 -0.380903 -0.436980 0.014305 -0.897421 -0.000572 0.369841 2.114710 -1.569581 0.218776 0.774205 -0.836385
0.163081 0.065423 0.441176 1.672580 -1.170176 -0.380903 -0.436980 0.014305 -0.897421 -0.000572 0.369841 2.114710 -1.569581 0.218776 0.773823 -0.836385
0.163081 0.065423 0.441176 1.672580 -1.170558 -0.380903 -0.436980 0.014305 -0.897421 -0.000572 0.369841 2.114710 -1.569963 0.218776 0.774205 -0.836385
0.163081 0.065042 0.441176 1.672580 -1.170176 -0.380903 -0.436980 0.014305 -0.897421 -0.000572 0.369841 2.114710 -1.569581 0.218776 0.774205 -0.836385
0.163081 0.065042 0.441176 1.672580 -1.170176 -0.380903 -0.436980 0.014305 -0.897421 -0.000572 0.369841 2.114710 -1.569581 0.218776 0.774205 -0.836385
0.163081 0.065423 0.441176 1.672580 -1.170176 -0.380903 -0.436980 0.014305 -0.897421 -0.000572 0.369841 2.114710 -1.569963 0.218776 0.774205 -0.836385
0.163081 0.065423 0.441176 1.672580 -1.170558 -0.380903 -0.436980 0.014305 -0.897040 -0.000572 0.369841 2.114710 -1.569963 0.218776 0.773823 -0.836385
0.163081 0.065042 0.441176 1.672580 -1.170176 -0.380903 -0.436980 0.014305 -0.897421 -0.000572 0.369841 2.114710 -1.569963 0.218776 0.774205 -0.836385
0.163081 0.065423 0.441176 1.672580 -1.170176 -0.380903 -0.436980 0.014305 -0.897421 -0.000572 0.369841 2.114710 -1.569581 0.218776 0.774205 -0.836385
0.163081 0.065423 0.441176 1.672580 -1.170176 -0.380903 -0.436980 0.014305 -0.897421 -0.000572 0.369841 2.114710 -1.569581 0.218776 0.773823 -0.836385
0.163081 0.065042 0.441176 1.672580 -1.170558 -0.380903 -0.436980 0.014305 -0.897421 -0.000572 0.369841 2.114710 -1.569963 0.218776 0.773823 -0.836385
0.163081 0.065042 0.441176 1.672580 -1.170176 -0.380903 -0.436980 0.014305 -0.897421 -0.000572 0.369841 2.114710 -1.569581 0.218776 0.773823 -0.836385
0.163081 0.065042 0.441176 1.672580 -1.170176 -0.380903 -0.436980 0.014305 -0.897421 -0.000572 0.369841 2.114710 -1.569581 0.218776 0.773823 -0.836385
0.163081 0.065042 0.441176 1.672580 -1.170558 -0.380903 -0.436980 0.014305 -0.897421 -0.000572 0.369841 2.114710 -1.569963 0.218776 0.774205 -0.836385
0.163081 0.065423 0.441176 1.672580 -1.170558 -0.380903 -0.436980 0.014305 -0.897040 -0.000572 0.369841 2.114710 -1.569963 0.218776 0.773823 -0.836385
0.163081 0.065042 0.441176 1.672580 -1.170176 -0.380903 -0.436980 0.014305 -0.897421 -0.000572 0.369841 2.114710 -1.569581 0.218776 0.774205 -0.836385
0.163081 0.065042 0.441176 1.672580 -1.170176 -0.380903 -0.436980 0.014305 -0.897421 -0.000572 0.369841 2.114710 -1.569963 0.218776 0.774205 -0.836385
0.163081 0.065042 0.441176 1.672580 -1.170558 -0.380903 -0.436980 0.014305 -0.897421 -0.000572 0.369841 2.114710 -1.569963 0.218776 0.774205 -0.836385
0.163081 0.065042 0.441176 1.672580 -1.170558 -0.380903 -0.436980 0.014305 -0.897421 -0.000572 0.369841 2.114710 -1.569581 0.218776 0.774205 -0.836385
0.163081 0.065042 0.441176 1.672580 -1.170176 -0.380903 -0.436980 0.014305 -0.897421 -0.000572 0.369841 2.114710 -1.569581 0.218776 0.774205 -0.836385
0.163081 0.065042 0.441176 1.672580 -1.170176 -0.380903 -0.436980 0.014305 -0.897421 -0.000572 0.369841 2.114710 -1.569581 0.218776 0.774205 -0.836385
0.163081 0.065042 0.441176 1.672580 -1.170176 -0.380903 -0.436980 0.014305 -0.897040 -0.000572 0.369841 2.114710 -1.569581 0.218776 0.773823 -0.836385
0.163081 0.065423 0.441176 1.672580 -1.170176 -0.380903 -0.436980 0.014305 -0.897421 -0.000572 0.369841 2.114710 -1.569963 0.218776 0.774205 -0.836385
0.163081 0.065423 0.441176 1.672580 -1.170558 -0.380903 -0.436980 0.014305 -0.897421 -0.000572 0.369841 2.114710 -1.569581 0.218776 0.774205 -0.836385
0.163081 0.065042 0.441176 1.672580 -1.170176 -0.380903 -0.436980 0.014305 -0.897421 -0.000572 0.369841 2.114710 -1.569963 0.218776 0.773823 -0.836385
0.163081 0.065042 0.441176 1.672580 -1.170558 -0.380903 -0.436980 0.014305 -0.897421 -0.000572 0.369841 2.114710 -1.569963 0.218776 0.774205 -0.836385
0.163081 0.065042 0.441176 1.672580 -1.170558 -0.380903 -0.436980 0.014305 -0.897421 -0.000572 0.369841 2.114710 -1.569581 0.218776 0.774205 -0.836385
0.163081 0.065423 0.441176 1.672580 -1.170176 -0.380903 -0.436980 0.014305 -0.897421 -0.000572 0.369841 2.114710 -1.569581 0.218776 0.774205 -0.836385
0.163081 0.065042 0.441176 1.672580 -1.170176 -0.380903 -0.436980 0.014305 -0.897421 -0.000572 0.369841 2.114710 -1.569581 0.218776 0.774205 -0.836385
0.163081 0.065042 0.441176 1.672580 -1.170176 -0.380903 -0.436980 0.014305 -0.897421 -0.000572 0.369841 2.114710 -1.569963 0.218776 0.774205 -0.836385
0.163081 0.065042 0.441176 1.672580 -1.170176 -0.380903 -0.436980 0.014305 -0.897421 -0.000572 0.369841 2.114710 -1.569581 0.218776 0.774205 -0.836385
0.163081 0.065042 0.441176 1.672580 -1.170176 -0.380903 -0.436980 0.014305 -0.897421 -0.000572 0.369841 2.114710 -1.569963 0.218776 0.773823 -0.836385
0.163081 0.065042 0.441176 1.672580 -1.170176 -0.380903 -0.436980 0.014305 -0.897421 -0.000572 0.369841 2.114710 -1.569581 0.218776 0.774205 -0.836385
0.163081 0.065042 0.441176 1.672580 -1.170176 -0.380903 -0.436980 0.014305 -0.897421 -0.000572 0.369841 2.114710 -1.569581 0.218776 0.773823 -0.836385
0.163081 0.065423 0.441176 1.672580 -1.170558 -0.380903 -0.436980 0.014305 -0.897421 -0.000572 0.369841 2.114710 -1.569963 0.218776 0.774205 -0.836385
0.163081 0.065042 0.441176 1.672580 -1.170176 -0.380903 -0.436980 0.014305 -0.897421 -0.000572 0.369841 2.114710 -1.569581 0.218776 0.774205 -0.836385
0.163081 0.065042 0.441176 1.672580 -1.170176 -0.380903 -0.436980 0.014305 -0.897421 -0.000572 0.369841 2.114710 -1.569963 0.218776 0.774205 -0.836385
0.163081 0.065042 0.441176 1.672580 -1.170176 -0.380903 -0.436980 0.014305 -0.897421 -0.000572 0.369841 2.114710 -1.569581 0.218776 0.773823 -0.836385
0.163081 0.065042 0.441176 1.672580 -1.170558 -0.380903 -0.436980 0.014305 -0.897421 -0.000572 0.369841 2.114710 -1.569581 0.218776 0.773823 -0.836385
0.163081 0.065042 0.441176 1.672580 -1.170176 -0.380903 -0.436980 0.014305 -0.897421 -0.000572 0.369841 2.114710 -1.569581 0.218776 0.774205 -0.836385
0.163081 0.065042 0.441176 1.672580 -1.170176 -0.380903 -0.436980 0.014305 -0.897421 -0.000572 0.369841 2.114710 -1.569581 0.218776 0.774205 -0.836385
0.163081 0.065042 0.441176 1.672580 -1.170176 -0.380903 -0.436980 0.014305 -0.897421 -0.000572 0.369841 2.114710 -1.569963 0.218776 0.774205 -0.836385
0.163081 0.065423 0.441176 1.672580 -1.170558 -0.380903 -0.436980 0.014305 -0.897421 -0.000572 0.369841 2.114710 -1.569581 0.218776 0.774205 -0.836385
0.163081 0.065042 0.441176 1.672580 -1.170558 -0.380903 -0.436980 0.014305 -0.897421 -0.000572 0.369841 2.114710 -1.569581 0.218776 0.774205 -0.836385
0.163081 0.065042 0.441176 1.672580 -1.170558 -0.380903 -0.436980 0.014305 -0.897421 -0.000572 0.369841 2.114710 -1.569581 0.218776 0.774205 -0.836385
0.163081 0.065042 0.441176 1.672580 -1.170558 -0.380903 -0.436980 0.014305 -0.897421 -0.000572 0.369841 2.114710 -1.569963 0.218776 0.774205 -0.836385
0.163081 0.065042 0.441176 1.672580 -1.170176 -0.380903 -0.436980 0.014305 -0.897421 -0.000572 0.369841 2.114710 -1.569963 0.218776 0.773823 -0.836385
0.163081 0.065042 0.441176 1.672580 -1.170176 -0.380903 -0.436980 0.014305 -0.897421 -0.000572 0.369841 2.114710 -1.569963 0.218776 0.774205 -0.836385
0.163081 0.065042 0.441176 1.672580 -1.170176 -0.380903 -0.436980 0.014305 -0.897421 -0.000572 0.369841 2.114710 -1.569963 0.218776 0.773823 -0.836385
0.163081 0.065423 0.441176 1.672580 -1.170558 -0.380903 -0.436980 0.014305 -0.897421 -0.000572 0.369841 2.114710 -1.569581 0.218776 0.773823 -0.836385
0.163081 0.065042 0.441176 1.672580 -1.170176 -0.380903 -0.436980 0.014305 -0.897421 -0.000572 0.369841 2.114710 -1.569581 0.218776 0.774205 -0.836385
0.163081 0.065423 0.441176 1.672580 -1.170558 -0.380903 -0.436980 0.014305 -0.897421 -0.000572 0.369841 2.114710 -1.569581 0.218776 0.774205 -0.836385
0.163081 0.065042 0.441176 1.672580 -1.170176 -0.380903 -0.436980 0.014305 -0.897421 -0.000572 0.369841 2.114710 -1.569963 0.218776 0.773823 -0.836385
0.163081 0.065423 0.441176 1.672580 -1.170176 -0.380903 -0.436980 0.014305 -0.897421 -0.000572 0.369841 2.114710 -1.569581 0.218776 0.773823 -0.836385
0.163081 0.065042 0.441176 1.672580 -1.170176 -0.380903 -0.436980 0.014305 -0.897421 -0.000572 0.369841 2.114710 -1.569581 0.218776 0.774205 -0.836385
0.163081 0.065042 0.441176 1.672580 -1.170176 -0.380903 -0.436980 0.014305 -0.897421 -0.000572 0.369841 2.114710 -1.569581 0.218776 0.773823 -0.836385
0.163081 0.065042 0.441176 1.672580 -1.170558 -0.380903 -0.436980 0.014305 -0.897421 -0.000572 0.369841 2.114710 -1.569963 0.218776 0.773823 -0.836385
0.163081 0.065042 0.441176 1.672580 -1.170558 -0.380903 -0.436980 0.014305 -0.897421 -0.000572 0.369841 2.114710 -1.569963 0.218776 0.774205 -0.836385
0.163081 0.065042 0.441176 1.672580 -1.170558 -0.380903 -0.436980 0.014305 -0.897421 -0.000572 0.369841 2.114710 -1.569581 0.218776 0.773823 -0.836385
0.163081 0.065042 0.441176 1.672580 -1.170176 -0.380903 -0.436980 0.014305 -0.897421 -0.000572 0.369841 2.114710 -1.569963 0.218776 0.774205 -0.836385
0.163081 0.065042 0.441176 1.672580 -1.170176 -0.380903 -0.436980 0.014305 -0.897421 -0.000572 0.369841 2.114710 -1.569963 0.218776 0.773823 -0.836385
0.163081 0.065042 0.441176 1.672580 -1.170558 -0.380903 -0.436980 0.014305 -0.897421 -0.000572 0.369841 2.114710 -1.569581 0.218776 0.773823 -0.836385
0.163081 0.065042 0.441176 1.672580 -1.170176 -0.380903 -0.436980 0.014305 -0.897421 -0.000572 0.369841 2.114710 -1.569581 0.218776 0.774205 -0.836385
0.163081 0.065042 0.441176 1.672580 -1.170176 -0.380903 -0.436980 0.014305 -0.897421 -0.000572 0.369841 2.114710 -1.569581 0.218776 0.773823 -0.836385
0.163081 0.065042 0.441176 1.672580 -1.170558 -0.380903 -0.436980 0.014305 -0.897421 -0.000572 0.369841 2.114710 -1.569581 0.218776 0.774205 -0.836385
0.163081 0.065042 0.441176 1.672580 -1.170558 -0.380903 -0.436980 0.014305 -0.897421 -0.000572 0.369841 2.114710 -1.569581 0.218776 0.774205 -0.836385
0.163081 0.065042 0.441176 1.672580 -1.170176 -0.380903 -0.436980 0.014305 -0.897421 -0.000572 0.369841 2.114710 -1.569581 0.218776 0.773823 -0.836385
0.163081 0.065042 0.441176 1.672580 -1.170558 -0.380903 -0.436980 0.014305 -0.897421 -0.000572 0.369841 2.114710 -1.569581 0.218776 0.773823 -0.836385
0.163081 0.065042 0.441176 1.672580 -1.170558 -0.380903 -0.436980 0.014305 -0.897421 -0.000572 0.369841 2.114710 -1.569963 0.218776 0.773823 -0.836385
0.163081 0.065042 0.441176 1.672580 -1.170176 -0.380903 -0.436980 0.014305 -0.897421 -0.000572 0.369841 2.114710 -1.569581 0.218776 0.774205 -0.836385
0.163081 0.065042 0.441176 1.672580 -1.170558 -0.380903 -0.436980 0.014305 -0.897421 -0.000572 0.369841 2.114710 -1.569581 0.218776 0.773823 -0.836385
0.163081 0.065042 0.441176 1.672580 -1.170176 -0.380903 -0.436980 0.014305 -0.897421 -0.000572 0.369841 2.114710 -1.569581 0.218776 0.773823 -0.836385
0.163081 0.065042 0.441176 1.672580 -1.170176 -0.380903 -0.436980 0.014305 -0.897040 -0.000572 0.369841 2.114710 -1.569581 0.218776 0.774205 -0.836385
0.163081 0.065423 0.441176 1.672580 -1.170176 -0.380903 -0.436980 0.014305 -0.897421 -0.000572 0.369841 2.114710 -1.569581 0.218776 0.774205 -0.836385
0.163081 0.065423 0.441176 1.672580 -1.170176 -0.380903 -0.436980 0.014305 -0.897421 -0.000572 0.369841 2.114710 -1.569581 0.218776 0.774205 -0.836385
0.163081 0.065042 0.441176 1.672580 -1.170558 -0.380903 -0.436980 0.014305 -0.897421 -0.000572 0.369841 2.114710 -1.569581 0.218776 0.773823 -0.836385
0.163081 0.065042 0.441176 1.672580 -1.170176 -0.380903 -0.436980 0.014305 -0.897421 -0.000572 0.369841 2.114710 -1.569581 0.218776 0.774205 -0.836385
0.163081 0.065042 0.441176 1.672580 -1.170176 -0.380903 -0.436980 0.014305 -0.897421 -0.000572 0.369841 2.114710 -1.569581 0.218776 0.773823 -0.836385
0.163081 0.065042 0.441176 1.672580 -1.170176 -0.380903 -0.436980 0.014305 -0.897421 -0.000572 0.369841 2.114710 -1.569581 0.218776 0.774205 -0.836385
0.163081 0.065042 0.441176 1.672580 -1.170176 -0.380903 -0.436980 0.014305 -0.897421 -0.000572 0.369841 2.114710 -1.569963 0.218776 0.773823 -0.836385
0.163081 0.065042 0.441176 1.672580 -1.170176 -0.380903 -0.436980 0.014305 -0.897421 -0.000572 0.369841 2.114710 -1.569581 0.218776 0.774205 -0.836385
0.163081 0.065042 0.441176 1.672580 -1.170558 -0.380903 -0.436980 0.014305 -0.897421 -0.000572 0.369841 2.114710 -1.569581 0.218776 0.773823 -0.836385
0.163081 0.065042 0.441176 1.672580 -1.170176 -0.380903 -0.436980 0.014305 -0.897421 -0.000572 0.369841 2.114710 -1.569963 0.218776 0.774205 -0.836385
0.163081 0.065042 0.441176 1.672580 -1.170176 -0.380903 -0.436980 0.014305 -0.897421 -0.000572 0.369841 2.114710 -1.569963 0.218776 0.774205 -0.836385
0.163081 0.065042 0.441176 1.672580 -1.170176 -0.380903 -0.436980 0.014305 -0.897421 -0.000572 0.369841 2.114710 -1.569581 0.218776 0.774205 -0.836385
0.163081 0.065042 0.441176 1.672580 -1.170176 -0.380903 -0.436980 0.014305 -0.897040 -0.000572 0.369841 2.114710 -1.569581 0.218776 0.774205 -0.836385
0.163081 0.065042 0.441176 1.672580 -1.170176 -0.380903 -0.436980 0.014305 -0.897421 -0.000572 0.369841 2.114710 -1.569963 0.218776 0.773823 -0.836385
0.163081 0.065042 0.441176 1.672580 -1.170176 -0.380903 -0.436980 0.014305 -0.897421 -0.000572 0.369841 2.114710 -1.569581 0.218776 0.774205 -0.836385
0.163081 0.065042 0.441176 1.672580 -1.170558 -0.380903 -0.436980 0.014305 -0.897421 -0.000572 0.369841 2.114710 -1.569581 0.218776 0.774205 -0.836385
0.163081 0.065042 0.441176 1.672580 -1.170176 -0.380903 -0.436980 0.014305 -0.897421 -0.000572 0.369841 2.114710 -1.569963 0.218776 0.774205 -0.836385
0.163081 0.065042 0.441176 1.672580 -1.170176 -0.380903 -0.436980 0.014305 -0.897421 -0.000572 0.369841 2.114710 -1.569581 0.218776 0.774205 -0.836385
0.163081 0.065042 0.441176 1.672580 -1.170558 -0.380903 -0.436980 0.014305 -0.897421 -0.000572 0.369841 2.114710 -1.569581 0.218776 0.774205 -0.836385
0.163081 0.065042 0.441176 1.672580 -1.170176 -0.380903 -0.436980 0.014305 -0.897421 -0.000572 0.369841 2.114710 -1.569581 0.218776 0.773823 -0.836385
0.163081 0.065423 0.441176 1.672580 -1.170558 -0.380903 -0.436980 0.014305 -0.897421 -0.000572 0.369841 2.114710 -1.569581 0.218776 0.774205 -0.836385
0.163081 0.065042 0.441176 1.672580 -1.170176 -0.380903 -0.436980 0.014305 -0.897421 -0.000572 0.369841 2.114710 -1.569581 0.218776 0.774205 -0.836385
0.163081 0.065423 0.441176 1.672580 -1.170176 -0.380903 -0.436980 0.014305 -0.897421 -0.000572 0.369841 2.114710 -1.569581 0.218776 0.773823 -0.836385
0.163081 0.065042 0.441176 1.672580 -1.170176 -0.380903 -0.436980 0.014305 -0.897421 -0.000572 0.369841 2.114710 -1.569963 0.218776 0.774205 -0.836385
0.163081 0.065423 0.441176 1.672580 -1.170558 -0.380903 -0.436980 0.014305 -0.897421 -0.000572 0.369841 2.114710 -1.569581 0.218776 0.774205 -0.836385
0.163081 0.065423 0.441176 1.672580 -1.170176 -0.380903 -0.436980 0.014305 -0.897421 -0.000572 0.369841 2.114710 -1.569581 0.218776 0.774205 -0.836385
0.163081 0.065042 0.441176 1.672580 -1.170176 -0.380903 -0.436980 0.014305 -0.897421 -0.000572 0.369841 2.114710 -1.569581 0.218776 0.774205 -0.836385
0.163081 0.065042 0.441176 1.672580 -1.170558 -0.380903 -0.436980 0.014305 -0.897421 -0.000572 0.369841 2.114710 -1.569581 0.218776 0.774205 -0.836385
0.163081 0.065042 0.441176 1.672580 -1.170176 -0.380903 -0.436980 0.014305 -0.897421 -0.000572 0.369841 2.114710 -1.569581 0.218776 0.773823 -0.836385
0.163081 0.065423 0.441176 1.672580 -1.170176 -0.380903 -0.436980 0.014305 -0.897421 -0.000572 0.369841 2.114710 -1.569581 0.218776 0.773823 -0.836385
0.163081 0.065042 0.441176 1.672580 -1.170558 -0.380903 -0.436980 0.014305 -0.897421 -0.000572 0.369841 2.114710 -1.569581 0.218776 0.774205 -0.836385
0.163081 0.065042 0.441176 1.672580 -1.170176 -0.380903 -0.436980 0.014305 -0.897040 -0.000572 0.369841 2.114710 -1.569581 0.218776 0.773823 -0.836385
0.163081 0.065042 0.441176 1.672580 -1.170558 -0.380903 -0.436980 0.014305 -0.897421 -0.000572 0.369841 2.114710 -1.569581 0.218776 0.774205 -0.836385
0.163081 0.065042 0.441176 1.672580 -1.170176 -0.380903 -0.436980 0.014305 -0.897421 -0.000572 0.369841 2.114710 -1.569963 0.218776 0.774205 -0.836385
0.163081 0.065423 0.441176 1.672580 -1.170176 -0.380903 -0.436980 0.014305 -0.897421 -0.000572 0.369841 2.114710 -1.569963 0.218776 0.774205 -0.836385
