# left 8 right 8
0.376707 -0.087167 -0.164988 2.126154 -0.360304 -0.770008 0.089456 -0.025750 -0.531586 -0.000572 0.247387 2.329480 0.218776 0.469024 -0.160410 0.024605
0.376707 -0.087167 -0.164988 2.126154 -0.360304 -0.770390 0.089456 -0.025750 -0.531586 -0.000572 0.247387 2.329480 0.218776 0.469024 -0.160792 0.024605
0.376707 -0.087167 -0.164988 2.126154 -0.360304 -0.770008 0.089456 -0.026131 -0.531586 -0.000572 0.247387 2.329480 0.218776 0.469024 -0.160410 0.024605
0.376707 -0.087167 -0.164988 2.126154 -0.360304 -0.770008 0.089456 -0.025750 -0.531586 -0.000572 0.247387 2.329480 0.218776 0.469024 -0.160410 0.024605
0.376707 -0.087167 -0.164988 2.126154 -0.360304 -0.770008 0.089456 -0.025750 -0.531586 -0.000572 0.247387 2.329480 0.218776 0.469024 -0.160410 0.024605
0.376707 -0.087167 -0.164988 2.126154 -0.360304 -0.770008 0.089456 -0.025750 -0.531586 -0.000572 0.247387 2.329480 0.218776 0.469024 -0.160410 0.024605
0.376707 -0.087167 -0.164988 2.126154 -0.360304 -0.770008 0.089456 -0.025750 -0.531586 -0.000572 0.247387 2.329480 0.218776 0.469024 -0.160792 0.024605
0.376707 -0.087167 -0.164988 2.126154 -0.360304 -0.770008 0.089456 -0.025750 -0.531586 -0.000572 0.247387 2.329480 0.218776 0.469024 -0.160410 0.024605
0.376707 -0.087167 -0.164988 2.126154 -0.360304 -0.770008 0.089456 -0.026131 -0.531586 -0.000572 0.247387 2.329480 0.218776 0.469024 -0.160410 0.024605
0.376707 -0.087167 -0.164988 2.126154 -0.360304 -0.770008 0.089456 -0.025750 -0.531586 -0.000572 0.247387 2.329480 0.218776 0.469024 -0.160410 0.024605
0.376707 -0.087167 -0.164988 2.126154 -0.360304 -0.770008 0.089456 -0.025750 -0.531586 -0.000572 0.247387 2.329480 0.218776 0.469024 -0.160410 0.024605
0.376707 -0.087167 -0.164988 2.126154 -0.360304 -0.770008 0.089456 -0.025750 -0.531586 -0.000572 0.247387 2.329480 0.218776 0.468643 -0.160410 0.024605
0.376707 -0.087167 -0.164988 2.126154 -0.360304 -0.770008 0.089456 -0.025750 -0.531586 -0.000572 0.247387 2.329480 0.218776 0.468643 -0.160410 0.024605
0.376707 -0.087167 -0.164988 2.126154 -0.360304 -0.770008 0.089456 -0.025750 -0.531586 -0.000572 0.247387 2.329480 0.218776 0.469024 -0.160410 0.024605
0.376707 -0.087167 -0.164988 2.126154 -0.360304 -0.770008 0.089456 -0.026131 -0.531586 -0.000572 0.247387 2.329480 0.218776 0.469024 -0.160792 0.024605
0.376707 -0.087167 -0.164988 2.126154 -0.360304 -0.770008 0.089456 -0.025750 -0.531586 -0.000572 0.247387 2.329480 0.218776 0.468643 -0.160410 0.024605
0.376707 -0.087167 -0.164988 2.126154 -0.360304 -0.770008 0.089456 -0.025750 -0.531586 -0.000572 0.247387 2.329480 0.218776 0.469024 -0.160410 0.024605
0.376707 -0.087167 -0.164988 2.126154 -0.360304 -0.770008 0.089456 -0.025750 -0.531586 -0.000572 0.247387 2.329480 0.218776 0.468643 -0.160410 0.024605
0.376707 -0.087167 -0.164988 2.126154 -0.360304 -0.770008 0.089456 -0.025750 -0.531586 -0.000572 0.247387 2.329480 0.218776 0.469024 -0.160410 0.024605
0.376707 -0.087167 -0.164988 2.126154 -0.360304 -0.770008 0.089456 -0.025750 -0.531586 -0.000572 0.247387 2.329480 0.218776 0.468643 -0.160410 0.024605
0.376707 -0.087167 -0.164988 2.126154 -0.360304 -0.770008 0.089456 -0.025750 -0.531586 -0.000572 0.247387 2.329480 0.218776 0.468643 -0.160410 0.024605
0.376707 -0.087167 -0.164988 2.126154 -0.360304 -0.770008 0.089456 -0.025750 -0.531586 -0.000572 0.247387 2.329480 0.218776 0.469024 -0.160410 0.024605
0.376707 -0.087167 -0.164988 2.126154 -0.360304 -0.770008 0.089456 -0.025750 -0.531586 -0.000572 0.247387 2.329480 0.218776 0.469024 -0.160410 0.024605
0.376707 -0.087167 -0.164988 2.126154 -0.360304 -0.770008 0.089456 -0.025750 -0.531586 -0.000572 0.247387 2.329480 0.218776 0.468643 -0.160410 0.024605
0.376707 -0.087167 -0.164988 2.126154 -0.360304 -0.770008 0.089456 -0.025750 -0.531586 -0.000572 0.247387 2.329480 0.218776 0.468643 -0.160410 0.024605
0.376707 -0.087167 -0.164988 2.126154 -0.360304 -0.770008 0.089456 -0.025750 -0.531586 -0.000572 0.247387 2.329480 0.218776 0.469024 -0.160410 0.024605
0.376707 -0.087167 -0.164988 2.126154 -0.360304 -0.770008 0.089456 -0.025750 -0.531586 -0.000572 0.247387 2.329480 0.218776 0.469024 -0.160410 0.024605
0.376707 -0.087167 -0.164988 2.126154 -0.360304 -0.770390 0.089456 -0.025750 -0.531586 -0.000572 0.247387 2.329480 0.218776 0.468643 -0.160410 0.024605
0.376707 -0.087167 -0.164988 2.126154 -0.360304 -0.770008 0.089456 -0.025750 -0.531586 -0.000572 0.247387 2.329480 0.218776 0.469024 -0.160410 0.024605
0.376707 -0.087167 -0.164988 2.126154 -0.360304 -0.770008 0.089456 -0.025750 -0.531586 -0.000572 0.247387 2.329480 0.218776 0.468643 -0.160792 0.024605
0.376707 -0.087167 -0.164988 2.126154 -0.360304 -0.770008 0.089456 -0.025750 -0.531586 -0.000572 0.247387 2.329480 0.218776 0.469024 -0.160410 0.024605
0.376707 -0.087167 -0.164988 2.126154 -0.360304 -0.770008 0.089456 -0.025750 -0.531586 -0.000572 0.247387 2.329480 0.218776 0.469024 -0.160410 0.024605
0.376707 -0.087167 -0.164988 2.126154 -0.360304 -0.770008 0.089456 -0.025750 -0.531586 -0.000572 0.247387 2.329480 0.218776 0.468643 -0.160410 0.024605
0.376707 -0.087167 -0.164988 2.126154 -0.360304 -0.770008 0.089456 -0.025750 -0.531586 -0.000572 0.247387 2.329480 0.218776 0.469024 -0.160410 0.024605
0.376707 -0.087167 -0.164988 2.126154 -0.360304 -0.770008 0.089456 -0.025750 -0.531586 -0.000572 0.247387 2.329480 0.218776 0.469024 -0.160410 0.024605
0.376707 -0.087167 -0.164988 2.126154 -0.360304 -0.770008 0.089456 -0.026131 -0.531586 -0.000572 0.247387 2.329480 0.218776 0.468643 -0.160410 0.024605
0.376707 -0.087167 -0.164988 2.126154 -0.360304 -0.770008 0.089456 -0.025750 -0.531586 -0.000572 0.247387 2.329480 0.218776 0.469024 -0.160410 0.024605
0.376707 -0.087167 -0.164988 2.126154 -0.360304 -0.770008 0.089456 -0.025750 -0.531586 -0.000572 0.247387 2.329480 0.218776 0.469024 -0.160410 0.024605
0.376707 -0.086786 -0.164988 2.126154 -0.360304 -0.770008 0.089456 -0.025750 -0.531586 -0.000572 0.247387 2.329480 0.218776 0.469024 -0.160410 0.024605
0.376707 -0.087167 -0.164988 2.126154 -0.360304 -0.770008 0.089456 -0.026131 -0.531586 -0.000572 0.247387 2.329480 0.218776 0.469024 -0.160410 0.024605
0.376707 -0.087167 -0.164988 2.126154 -0.360304 -0.770008 0.089456 -0.026131 -0.531586 -0.000572 0.247387 2.329480 0.218776 0.469024 -0.160410 0.024605
0.376707 -0.087167 -0.164988 2.126154 -0.360304 -0.770008 0.089456 -0.025750 -0.531586 -0.000572 0.247387 2.329480 0.218776 0.469024 -0.160410 0.024605
0.376707 -0.087167 -0.164988 2.126154 -0.360304 -0.770008 0.089456 -0.025750 -0.531586 -0.000572 0.247387 2.329480 0.218776 0.468643 -0.160410 0.024605
0.376707 -0.087167 -0.164988 2.126154 -0.360304 -0.770008 0.089456 -0.025750 -0.531586 -0.000572 0.247387 2.329480 0.218776 0.469024 -0.160410 0.024605
0.376707 -0.087167 -0.164988 2.126154 -0.360304 -0.770008 0.089456 -0.025750 -0.531586 -0.000572 0.247387 2.329480 0.218776 0.468643 -0.160410 0.024605
0.376707 -0.087167 -0.164988 2.126154 -0.360304 -0.770008 0.089456 -0.025750 -0.531586 -0.000572 0.247387 2.329480 0.218776 0.468643 -0.160410 0.024605
0.376707 -0.087167 -0.164988 2.126154 -0.360304 -0.770008 0.089456 -0.025750 -0.531586 -0.000572 0.247387 2.329480 0.218776 0.469024 -0.160410 0.024605
0.376707 -0.087167 -0.164988 2.126154 -0.360304 -0.770008 0.089456 -0.025750 -0.531586 -0.000572 0.247387 2.329480 0.218776 0.469024 -0.160410 0.024605
0.376707 -0.087167 -0.164988 2.126154 -0.360304 -0.770008 0.089456 -0.025750 -0.531586 -0.000572 0.247387 2.329480 0.218776 0.468643 -0.160410 0.024605
0.376707 -0.087167 -0.164988 2.126154 -0.360304 -0.770008 0.089456 -0.025750 -0.531586 -0.000572 0.247387 2.329480 0.218776 0.468643 -0.160410 0.024605
0.376707 -0.087167 -0.164988 2.126154 -0.360304 -0.770390 0.089456 -0.025750 -0.531586 -0.000572 0.247387 2.329480 0.218776 0.468643 -0.160410 0.024605
0.376707 -0.086786 -0.164988 2.126154 -0.360304 -0.770008 0.089456 -0.026131 -0.531586 -0.000572 0.247387 2.329480 0.218776 0.469024 -0.160410 0.024605
0.376707 -0.087167 -0.164988 2.126154 -0.360304 -0.770008 0.089456 -0.025750 -0.531586 -0.000572 0.247387 2.329480 0.218776 0.469024 -0.160410 0.024605
0.376707 -0.087167 -0.164988 2.126154 -0.360304 -0.770008 0.089456 -0.025750 -0.531586 -0.000572 0.247387 2.329480 0.218776 0.469024 -0.160410 0.024605
0.376707 -0.086786 -0.164988 2.126154 -0.360304 -0.770008 0.089456 -0.025750 -0.531586 -0.000572 0.247387 2.329480 0.218776 0.468643 -0.160410 0.024605
0.376707 -0.087167 -0.164988 2.126154 -0.360304 -0.770008 0.089456 -0.025750 -0.531586 -0.000572 0.247387 2.329480 0.218776 0.469024 -0.160410 0.024605
0.376707 -0.087167 -0.164988 2.126154 -0.360304 -0.770008 0.089456 -0.025750 -0.531586 -0.000572 0.247387 2.329480 0.218776 0.468643 -0.160410 0.024605
0.376707 -0.087167 -0.164988 2.126154 -0.360304 -0.770008 0.089456 -0.025750 -0.531586 -0.000572 0.247387 2.329480 0.218776 0.468643 -0.160410 0.024605
0.376707 -0.087167 -0.164988 2.126154 -0.360304 -0.770008 0.089456 -0.025750 -0.531586 -0.000572 0.247387 2.329480 0.218776 0.469024 -0.160410 0.024605
0.376707 -0.087167 -0.164988 2.126154 -0.360304 -0.770008 0.089456 -0.026131 -0.531586 -0.000572 0.247387 2.329480 0.218776 0.469024 -0.160410 0.024605
0.376707 -0.087167 -0.164988 2.126154 -0.360304 -0.770008 0.089456 -0.025750 -0.531586 -0.000572 0.247387 2.329480 0.218776 0.469024 -0.160410 0.024605
0.376707 -0.087167 -0.164988 2.126154 -0.360304 -0.770008 0.089456 -0.025750 -0.531586 -0.000572 0.247387 2.329480 0.218776 0.469024 -0.160410 0.024605
0.376707 -0.087167 -0.164988 2.126154 -0.360304 -0.770008 0.089456 -0.025750 -0.531586 -0.000572 0.247387 2.329480 0.218776 0.469024 -0.160410 0.024605
0.376707 -0.087167 -0.164988 2.126154 -0.360304 -0.770008 0.089456 -0.025750 -0.531586 -0.000572 0.247387 2.329480 0.218776 0.469024 -0.160410 0.024605
0.376707 -0.087167 -0.164988 2.126154 -0.360304 -0.770008 0.089456 -0.025750 -0.531586 -0.000572 0.247387 2.329480 0.218776 0.469024 -0.160410 0.024605
0.376707 -0.087167 -0.164988 2.126154 -0.360304 -0.770008 0.089456 -0.025750 -0.531586 -0.000572 0.247387 2.329480 0.218776 0.468643 -0.160410 0.024605
0.376707 -0.087167 -0.164988 2.126154 -0.360304 -0.770008 0.089456 -0.025750 -0.531586 -0.000572 0.247387 2.329480 0.218776 0.469024 -0.160410 0.024605
0.376707 -0.087167 -0.164988 2.126154 -0.360304 -0.770008 0.089456 -0.025750 -0.531586 -0.000572 0.247387 2.329480 0.218776 0.468643 -0.160410 0.024605
0.376707 -0.087167 -0.164988 2.126154 -0.360304 -0.770008 0.089456 -0.025750 -0.531586 -0.000572 0.247387 2.329480 0.218776 0.468643 -0.160410 0.024605
0.376707 -0.087167 -0.164988 2.126154 -0.360304 -0.770008 0.089456 -0.025750 -0.531586 -0.000572 0.247387 2.329480 0.218776 0.468643 -0.160410 0.024605
0.376707 -0.087167 -0.164988 2.126154 -0.360304 -0.770008 0.089456 -0.025750 -0.531586 -0.000572 0.247387 2.329480 0.218776 0.468643 -0.160410 0.024605
0.376707 -0.087167 -0.164988 2.126154 -0.360304 -0.770008 0.089456 -0.026131 -0.531586 -0.000572 0.247387 2.329480 0.218776 0.469024 -0.160410 0.024605
0.376707 -0.087167 -0.164988 2.126154 -0.360304 -0.770008 0.089456 -0.025750 -0.531586 -0.000572 0.247387 2.329480 0.218776 0.468643 -0.160410 0.024605
0.376707 -0.087167 -0.164988 2.126154 -0.360304 -0.770008 0.089456 -0.025750 -0.531586 -0.000572 0.247387 2.329480 0.218776 0.468643 -0.160410 0.024605
0.376707 -0.087167 -0.164988 2.126154 -0.360304 -0.770008 0.089456 -0.025750 -0.531586 -0.000572 0.247387 2.329480 0.218776 0.469024 -0.160410 0.024605
0.376707 -0.087167 -0.164988 2.126154 -0.360304 -0.770008 0.089456 -0.025750 -0.531586 -0.000572 0.247387 2.329480 0.218776 0.468643 -0.160410 0.024605
0.376707 -0.086786 -0.164988 2.126154 -0.360304 -0.770008 0.089456 -0.025750 -0.531586 -0.000572 0.247387 2.329480 0.218776 0.469024 -0.160410 0.024605
0.376707 -0.087167 -0.164988 2.126154 -0.360304 -0.770008 0.089456 -0.025750 -0.531586 -0.000572 0.247387 2.329480 0.218776 0.469024 -0.160410 0.024605
0.376707 -0.087167 -0.164988 2.126154 -0.360304 -0.770008 0.089456 -0.026131 -0.531586 -0.000572 0.247387 2.329480 0.218776 0.468643 -0.160410 0.024987
0.376707 -0.087167 -0.164988 2.126154 -0.360304 -0.770008 0.089456 -0.025750 -0.531586 -0.000572 0.247387 2.329480 0.218776 0.469024 -0.160410 0.024605
0.376707 -0.087167 -0.164988 2.126154 -0.360304 -0.770008 0.089456 -0.025750 -0.531586 -0.000572 0.247387 2.329480 0.218776 0.469024 -0.160410 0.024605
0.376707 -0.087167 -0.164988 2.126154 -0.360304 -0.770008 0.089456 -0.025750 -0.531586 -0.000572 0.247387 2.329480 0.218776 0.469024 -0.160410 0.024605
0.376707 -0.087167 -0.164988 2.126154 -0.360304 -0.770008 0.089456 -0.026131 -0.531586 -0.000572 0.247387 2.329480 0.218776 0.468643 -0.160410 0.024605
0.376707 -0.087167 -0.164988 2.126154 -0.360304 -0.770390 0.089456 -0.025750 -0.531586 -0.000572 0.247387 2.329480 0.218776 0.469024 -0.160410 0.024605
0.376707 -0.087167 -0.164988 2.126154 -0.360304 -0.770008 0.089456 -0.025750 -0.531586 -0.000572 0.247387 2.329480 0.218776 0.468643 -0.160410 0.024605
0.376707 -0.087167 -0.164988 2.126154 -0.360304 -0.770008 0.089456 -0.025750 -0.531586 -0.000572 0.247387 2.329480 0.218776 0.469024 -0.160410 0.024605
0.376707 -0.087167 -0.164988 2.126154 -0.360304 -0.770008 0.089456 -0.025750 -0.531586 -0.000572 0.247387 2.329480 0.218776 0.469024 -0.160410 0.024605
0.376707 -0.087167 -0.164988 2.126154 -0.360304 -0.770008 0.089456 -0.026131 -0.531586 -0.000572 0.247387 2.329480 0.218776 0.469024 -0.160410 0.024605
0.376707 -0.087167 -0.164988 2.126154 -0.360304 -0.770008 0.089456 -0.025750 -0.531586 -0.000572 0.247387 2.329480 0.218776 0.469024 -0.160410 0.024605
0.376707 -0.087167 -0.164988 2.126154 -0.360304 -0.770008 0.089456 -0.025750 -0.531586 -0.000572 0.247387 2.329480 0.218776 0.469024 -0.160410 0.024605
0.376707 -0.087167 -0.164988 2.126154 -0.360304 -0.770008 0.089456 -0.025750 -0.531586 -0.000572 0.247387 2.329480 0.218776 0.469024 -0.160410 0.024605
0.376707 -0.087167 -0.164988 2.126154 -0.360304 -0.770008 0.089456 -0.025750 -0.531586 -0.000572 0.247387 2.329480 0.218776 0.469024 -0.160410 0.024605
0.376707 -0.087167 -0.164988 2.126154 -0.360304 -0.770008 0.089456 -0.025750 -0.531586 -0.000572 0.247387 2.329480 0.218776 0.469024 -0.160410 0.024605
0.376707 -0.087167 -0.164988 2.126154 -0.360304 -0.770008 0.089456 -0.025750 -0.531586 -0.000572 0.247387 2.329480 0.218776 0.469024 -0.160410 0.024605
0.376707 -0.087167 -0.164988 2.126154 -0.360304 -0.770008 0.089456 -0.025750 -0.531586 -0.000572 0.247387 2.329480 0.218776 0.469024 -0.160410 0.024605
0.376707 -0.087167 -0.164988 2.126154 -0.360304 -0.770008 0.089456 -0.025750 -0.531586 -0.000572 0.247387 2.329480 0.218395 0.468643 -0.160410 0.024605
0.376707 -0.087167 -0.164988 2.126154 -0.360304 -0.770008 0.089456 -0.025750 -0.531586 -0.000572 0.247387 2.329480 0.218776 0.469024 -0.160410 0.024605
0.376707 -0.087167 -0.164988 2.126154 -0.360304 -0.770008 0.089456 -0.025750 -0.531586 -0.000572 0.247387 2.329480 0.218776 0.468643 -0.160410 0.024605
0.376707 -0.087167 -0.164988 2.126154 -0.360304 -0.770008 0.089456 -0.026131 -0.531586 -0.000572 0.247387 2.329480 0.218776 0.469024 -0.160410 0.024605
0.376707 -0.087167 -0.164988 2.126154 -0.360304 -0.770008 0.089456 -0.025750 -0.531586 -0.000572 0.247387 2.329480 0.218776 0.468643 -0.160410 0.024605
0.376707 -0.087167 -0.164988 2.126154 -0.360304 -0.770008 0.089456 -0.025750 -0.531586 -0.000572 0.247387 2.329480 0.218776 0.469024 -0.160410 0.024605
0.376707 -0.087167 -0.164988 2.126154 -0.360304 -0.770008 0.089456 -0.026131 -0.531586 -0.000572 0.247387 2.329480 0.218776 0.469024 -0.160410 0.024605
0.376707 -0.087167 -0.164988 2.126154 -0.360304 -0.770008 0.089456 -0.025750 -0.531586 -0.000572 0.247387 2.329480 0.218776 0.468643 -0.160410 0.024987
0.376707 -0.087167 -0.164988 2.126154 -0.360304 -0.770008 0.089456 -0.025750 -0.531586 -0.000572 0.247387 2.329480 0.218776 0.469024 -0.160410 0.024987
0.376707 -0.087167 -0.164988 2.126154 -0.360304 -0.770008 0.089456 -0.026131 -0.531586 -0.000572 0.247387 2.329480 0.218776 0.469024 -0.160410 0.024605
0.376707 -0.087167 -0.164988 2.126154 -0.360304 -0.770008 0.089456 -0.025750 -0.531586 -0.000572 0.247387 2.329480 0.218776 0.469024 -0.160410 0.024605
0.376707 -0.087167 -0.164988 2.126154 -0.360304 -0.770008 0.089456 -0.025750 -0.531586 -0.000572 0.247387 2.329480 0.218776 0.469024 -0.160410 0.024605
0.376707 -0.087167 -0.164988 2.126154 -0.360304 -0.770008 0.089456 -0.025750 -0.531586 -0.000572 0.247387 2.329480 0.218776 0.468643 -0.160410 0.024605
0.376707 -0.087167 -0.164988 2.126154 -0.360304 -0.770008 0.089456 -0.025750 -0.531586 -0.000572 0.247387 2.329480 0.218776 0.468643 -0.160410 0.024605
0.376707 -0.087167 -0.164988 2.126154 -0.360304 -0.770008 0.089456 -0.025750 -0.531586 -0.000572 0.247387 2.329480 0.218776 0.468643 -0.160410 0.024605
0.376707 -0.087167 -0.164988 2.126154 -0.360304 -0.770008 0.089456 -0.025750 -0.531586 -0.000572 0.247387 2.329480 0.218776 0.468643 -0.160410 0.024605
0.376707 -0.087167 -0.164988 2.126154 -0.360304 -0.770390 0.089456 -0.025750 -0.531586 -0.000572 0.247387 2.329480 0.218776 0.469024 -0.160410 0.024605
0.376707 -0.087167 -0.164988 2.126154 -0.360304 -0.770008 0.089456 -0.025750 -0.531586 -0.000572 0.247387 2.329480 0.218776 0.469024 -0.160410 0.024605
0.376707 -0.087167 -0.164988 2.126154 -0.360304 -0.770008 0.089456 -0.025750 -0.531586 -0.000572 0.247387 2.329480 0.218776 0.469024 -0.160410 0.024605
0.376707 -0.087167 -0.164988 2.126154 -0.360304 -0.770008 0.089456 -0.025750 -0.531586 -0.000572 0.247387 2.329480 0.218776 0.469024 -0.160410 0.024605
0.376707 -0.087167 -0.164988 2.126154 -0.360304 -0.770008 0.089456 -0.025750 -0.531586 -0.000572 0.247387 2.329480 0.218776 0.469024 -0.160410 0.024605
0.376707 -0.087167 -0.164988 2.126154 -0.360304 -0.770008 0.089456 -0.025750 -0.531586 -0.000572 0.247387 2.329480 0.218776 0.469024 -0.160410 0.024605
0.376707 -0.087167 -0.164988 2.126154 -0.360304 -0.770008 0.089456 -0.025750 -0.531586 -0.000572 0.247387 2.329480 0.218776 0.469024 -0.160410 0.024605
0.376707 -0.087167 -0.164988 2.126154 -0.360304 -0.770008 0.089456 -0.025750 -0.531586 -0.000572 0.247387 2.329480 0.218776 0.468643 -0.160410 0.024605
0.376707 -0.087167 -0.164988 2.126154 -0.360304 -0.770008 0.089456 -0.025750 -0.531586 -0.000572 0.247387 2.329480 0.218776 0.468643 -0.160410 0.024605
0.376707 -0.087167 -0.164988 2.126154 -0.360304 -0.770008 0.089456 -0.025750 -0.531586 -0.000572 0.247387 2.329480 0.218776 0.468643 -0.160410 0.024605
0.376707 -0.087167 -0.164988 2.126154 -0.360304 -0.770008 0.089456 -0.025750 -0.531586 -0.000572 0.247387 2.329480 0.218776 0.469024 -0.160410 0.024605
0.376707 -0.087167 -0.164988 2.126154 -0.360304 -0.770008 0.089456 -0.025750 -0.531586 -0.000572 0.247387 2.329480 0.218776 0.468643 -0.160410 0.024605
0.376707 -0.087167 -0.164988 2.126154 -0.360304 -0.770008 0.089456 -0.025750 -0.531586 -0.000572 0.247387 2.329480 0.218776 0.469024 -0.160410 0.024605
0.376707 -0.087167 -0.164988 2.126154 -0.360304 -0.770008 0.089456 -0.025750 -0.531586 -0.000572 0.247387 2.329480 0.218776 0.469024 -0.160410 0.024605
0.376707 -0.087167 -0.164988 2.126154 -0.360304 -0.770008 0.089456 -0.026131 -0.531586 -0.000572 0.247387 2.329480 0.218776 0.468643 -0.160410 0.024605
0.376707 -0.087167 -0.164988 2.126154 -0.360304 -0.770008 0.089456 -0.026131 -0.531586 -0.000572 0.247387 2.329480 0.218776 0.468643 -0.160410 0.024605
0.376707 -0.087167 -0.164988 2.126154 -0.360304 -0.770008 0.089456 -0.025750 -0.531586 -0.000572 0.247387 2.329480 0.218776 0.468643 -0.160410 0.024605
0.376707 -0.087167 -0.164988 2.126154 -0.360304 -0.770008 0.089456 -0.025750 -0.531586 -0.000572 0.247387 2.329480 0.218776 0.469024 -0.160410 0.024605
0.376707 -0.087167 -0.164988 2.126154 -0.360304 -0.770008 0.089456 -0.025750 -0.531586 -0.000572 0.247387 2.329480 0.218776 0.469024 -0.160792 0.024605
0.376707 -0.087167 -0.164988 2.126154 -0.360304 -0.770008 0.089456 -0.025750 -0.531586 -0.000572 0.247387 2.329480 0.218776 0.469024 -0.160410 0.024605
0.376707 -0.087167 -0.164988 2.126154 -0.360304 -0.770008 0.089456 -0.025750 -0.531586 -0.000572 0.247387 2.329480 0.218776 0.469024 -0.160410 0.024605
0.376707 -0.087167 -0.164988 2.126154 -0.360304 -0.770008 0.089456 -0.026131 -0.531586 -0.000572 0.247387 2.329480 0.218776 0.468643 -0.160410 0.024605
0.376707 -0.087167 -0.164988 2.126154 -0.360304 -0.770008 0.089456 -0.025750 -0.531586 -0.000572 0.247387 2.329480 0.218776 0.469024 -0.160410 0.024605
0.376707 -0.087167 -0.164988 2.126154 -0.360304 -0.770008 0.089456 -0.025750 -0.531586 -0.000572 0.247387 2.329480 0.218776 0.469024 -0.160410 0.024605
0.376707 -0.087167 -0.164988 2.126154 -0.360304 -0.770008 0.089456 -0.025750 -0.531586 -0.000572 0.247387 2.329480 0.218776 0.468643 -0.160410 0.024987
0.376707 -0.087167 -0.164988 2.126154 -0.360304 -0.770008 0.089456 -0.025750 -0.531586 -0.000572 0.247387 2.329480 0.218776 0.469024 -0.160792 0.024605
0.376707 -0.086786 -0.164988 2.126154 -0.360304 -0.770008 0.089456 -0.025750 -0.531586 -0.000572 0.247387 2.329480 0.218776 0.469024 -0.160410 0.024605
0.376707 -0.087167 -0.164988 2.126154 -0.360304 -0.770008 0.089456 -0.025750 -0.531586 -0.000572 0.247387 2.329480 0.218776 0.469024 -0.160410 0.024605
0.376707 -0.087167 -0.164988 2.126154 -0.360304 -0.770008 0.089456 -0.025750 -0.531586 -0.000572 0.247387 2.329480 0.218776 0.468643 -0.160410 0.024605
0.376707 -0.087167 -0.164988 2.126154 -0.360304 -0.770008 0.089456 -0.025750 -0.531586 -0.000572 0.247387 2.329480 0.218776 0.469024 -0.160410 0.024605
0.376707 -0.087167 -0.164988 2.126154 -0.360304 -0.770008 0.089456 -0.025750 -0.531586 -0.000572 0.247387 2.329480 0.218776 0.469024 -0.160410 0.024605
0.376707 -0.087167 -0.164988 2.126154 -0.360304 -0.770008 0.089456 -0.025750 -0.531586 -0.000572 0.247387 2.329480 0.218776 0.469024 -0.160410 0.024605
0.376707 -0.087167 -0.164988 2.126154 -0.360304 -0.770008 0.089456 -0.025750 -0.531586 -0.000572 0.247387 2.329480 0.218776 0.468643 -0.160410 0.024605
0.376707 -0.087167 -0.164988 2.126154 -0.360304 -0.770008 0.089456 -0.025750 -0.531586 -0.000572 0.247387 2.329480 0.218776 0.469024 -0.160410 0.024605
0.376707 -0.087167 -0.164988 2.126154 -0.360304 -0.770008 0.089456 -0.025750 -0.531586 -0.000572 0.247387 2.329480 0.218776 0.468643 -0.160410 0.024605
0.376707 -0.087167 -0.164988 2.126154 -0.360304 -0.770008 0.089456 -0.026131 -0.531586 -0.000572 0.247387 2.329480 0.218776 0.468643 -0.160792 0.024605
0.376707 -0.087167 -0.164988 2.126154 -0.360304 -0.770008 0.089456 -0.025750 -0.531586 -0.000572 0.247387 2.329480 0.218776 0.469024 -0.160792 0.024605
0.376707 -0.087167 -0.164988 2.126154 -0.360304 -0.770008 0.089456 -0.025750 -0.531586 -0.000572 0.247387 2.329480 0.218776 0.469024 -0.160410 0.024605
0.376707 -0.087167 -0.164988 2.126154 -0.360304 -0.770008 0.089456 -0.025750 -0.531586 -0.000572 0.247387 2.329480 0.218776 0.469024 -0.160410 0.024605
0.376707 -0.087167 -0.164988 2.126154 -0.360304 -0.770008 0.089456 -0.025750 -0.531586 -0.000572 0.247387 2.329480 0.218776 0.468643 -0.160410 0.024605
0.376707 -0.087167 -0.164988 2.126154 -0.360304 -0.770008 0.089456 -0.025750 -0.531586 -0.000572 0.247387 2.329480 0.218776 0.469024 -0.160410 0.024605
0.376707 -0.087167 -0.164988 2.126154 -0.360304 -0.770390 0.089456 -0.025750 -0.531586 -0.000572 0.247387 2.329480 0.218776 0.469024 -0.160410 0.024605
0.376707 -0.087167 -0.164988 2.126154 -0.360304 -0.770008 0.089456 -0.026131 -0.531586 -0.000572 0.247387 2.329480 0.218776 0.469024 -0.160410 0.024605
0.376707 -0.087167 -0.164988 2.126154 -0.360304 -0.770008 0.089456 -0.025750 -0.531586 -0.000572 0.247387 2.329480 0.218776 0.468643 -0.160410 0.024987
0.376707 -0.087167 -0.164988 2.126154 -0.360304 -0.770008 0.089456 -0.025750 -0.531586 -0.000572 0.247387 2.329480 0.218776 0.469024 -0.160410 0.024605
0.376707 -0.087167 -0.164988 2.126154 -0.360304 -0.770008 0.089456 -0.025750 -0.531586 -0.000572 0.247387 2.329480 0.218776 0.469024 -0.160410 0.024605
0.376707 -0.087167 -0.164988 2.126154 -0.360304 -0.770008 0.089456 -0.025750 -0.531586 -0.000572 0.247387 2.329480 0.218776 0.469024 -0.160410 0.024605
0.376707 -0.087167 -0.164988 2.126154 -0.360304 -0.770008 0.089456 -0.025750 -0.531586 -0.000572 0.247387 2.329480 0.218776 0.469024 -0.160410 0.024605
0.376707 -0.087167 -0.164988 2.126154 -0.360304 -0.770008 0.089456 -0.025750 -0.531586 -0.000572 0.247387 2.329480 0.218776 0.468643 -0.160410 0.024605
0.376707 -0.087167 -0.164988 2.126154 -0.360304 -0.770008 0.089456 -0.025750 -0.531586 -0.000572 0.247387 2.329480 0.218776 0.469024 -0.160410 0.024605
0.376707 -0.087167 -0.164988 2.126154 -0.360304 -0.770008 0.089456 -0.025750 -0.531586 -0.000572 0.247387 2.329480 0.218776 0.469024 -0.160410 0.024605
0.376707 -0.087167 -0.164988 2.126154 -0.360304 -0.770008 0.089456 -0.025750 -0.531586 -0.000572 0.247387 2.329480 0.218776 0.469024 -0.160410 0.024987
0.376707 -0.087167 -0.164988 2.126154 -0.360304 -0.770008 0.089456 -0.025750 -0.531586 -0.000572 0.247387 2.329480 0.218776 0.468643 -0.160410 0.024987
0.376707 -0.087167 -0.164988 2.126154 -0.360304 -0.770008 0.089456 -0.025750 -0.531586 -0.000572 0.247387 2.329480 0.218776 0.469024 -0.160792 0.024605
0.376707 -0.087167 -0.164988 2.126154 -0.360304 -0.770008 0.089456 -0.025750 -0.531586 -0.000572 0.247387 2.329480 0.218776 0.468643 -0.160410 0.024605
0.376707 -0.087167 -0.164988 2.126154 -0.360304 -0.770008 0.089456 -0.025750 -0.531586 -0.000572 0.247387 2.329480 0.218776 0.468643 -0.160410 0.024605
0.376707 -0.087167 -0.164988 2.126154 -0.360304 -0.770008 0.089456 -0.025750 -0.531586 -0.000572 0.247387 2.329480 0.218776 0.469024 -0.160410 0.024605
0.376707 -0.086786 -0.164988 2.126154 -0.360304 -0.770008 0.089456 -0.025750 -0.531586 -0.000572 0.247387 2.329480 0.218776 0.469024 -0.160410 0.024605
0.376707 -0.087167 -0.164988 2.126154 -0.360304 -0.770008 0.089456 -0.025750 -0.531586 -0.000572 0.247387 2.329480 0.218776 0.469024 -0.160410 0.024605
0.376707 -0.087167 -0.164988 2.126154 -0.360304 -0.770008 0.089456 -0.025750 -0.531586 -0.000572 0.247387 2.329480 0.218776 0.468643 -0.160410 0.024605
0.376707 -0.087167 -0.164988 2.126154 -0.360304 -0.770008 0.089456 -0.025750 -0.531586 -0.000572 0.247387 2.329480 0.218776 0.469024 -0.160792 0.024605
0.376707 -0.087167 -0.164988 2.126154 -0.360304 -0.770008 0.089456 -0.025750 -0.531586 -0.000572 0.247387 2.329480 0.218776 0.469024 -0.160410 0.024605
0.376707 -0.087167 -0.164988 2.126154 -0.360304 -0.770008 0.089456 -0.025750 -0.531586 -0.000572 0.247387 2.329480 0.218776 0.468643 -0.160792 0.024605
0.376707 -0.087167 -0.164988 2.126154 -0.360304 -0.770008 0.089456 -0.025750 -0.531586 -0.000572 0.247387 2.329480 0.218776 0.469024 -0.160410 0.024605
0.376707 -0.087167 -0.164988 2.126154 -0.360304 -0.770008 0.089456 -0.025750 -0.531586 -0.000572 0.247387 2.329480 0.218776 0.469024 -0.160410 0.024605
0.376707 -0.087167 -0.164988 2.126154 -0.360304 -0.770008 0.089456 -0.025750 -0.531586 -0.000572 0.247387 2.329480 0.218776 0.468643 -0.160410 0.024605
0.376707 -0.087167 -0.164988 2.126154 -0.360304 -0.770008 0.089456 -0.025750 -0.531586 -0.000572 0.247387 2.329480 0.218776 0.469024 -0.160410 0.024605
0.376707 -0.087167 -0.164988 2.126154 -0.360304 -0.770008 0.089456 -0.025750 -0.531586 -0.000572 0.247387 2.329480 0.218776 0.468643 -0.160792 0.024605
0.376707 -0.087167 -0.164988 2.126154 -0.360304 -0.770008 0.089456 -0.025750 -0.531586 -0.000572 0.247387 2.329480 0.218776 0.469024 -0.160410 0.024605
0.376707 -0.087167 -0.164988 2.126154 -0.360304 -0.770008 0.089456 -0.025750 -0.531586 -0.000572 0.247387 2.329480 0.218776 0.469024 -0.160410 0.024605
0.376707 -0.087167 -0.164988 2.126154 -0.360304 -0.770008 0.089456 -0.025750 -0.531586 -0.000572 0.247387 2.329480 0.218776 0.469024 -0.160410 0.024605
0.376707 -0.087167 -0.164988 2.126154 -0.360304 -0.770008 0.089456 -0.025750 -0.531586 -0.000572 0.247387 2.329480 0.218776 0.468643 -0.160410 0.024605
0.376707 -0.087167 -0.164988 2.126154 -0.360304 -0.770008 0.089456 -0.025750 -0.531586 -0.000572 0.247387 2.329480 0.218776 0.468643 -0.160410 0.024605
0.376707 -0.087167 -0.164988 2.126154 -0.360304 -0.770008 0.089456 -0.025750 -0.531586 -0.000572 0.247387 2.329480 0.218776 0.469024 -0.160410 0.024605
0.376707 -0.087167 -0.164988 2.126154 -0.360304 -0.770008 0.089456 -0.025750 -0.531586 -0.000572 0.247387 2.329480 0.218776 0.469024 -0.160029 0.024605
0.376707 -0.086786 -0.164988 2.126154 -0.360304 -0.770008 0.089456 -0.025750 -0.531586 -0.000572 0.247387 2.329480 0.218776 0.468643 -0.160410 0.024605
0.376707 -0.087167 -0.164988 2.126154 -0.360304 -0.770008 0.089456 -0.025750 -0.531586 -0.000572 0.247387 2.329480 0.218776 0.469024 -0.160029 0.024605
0.376707 -0.086786 -0.164988 2.126154 -0.360304 -0.770008 0.089456 -0.025750 -0.531586 -0.000572 0.247387 2.329480 0.218776 0.469024 -0.159648 0.024605
0.376707 -0.087167 -0.164988 2.126154 -0.360304 -0.770008 0.089456 -0.025750 -0.531586 -0.000572 0.247387 2.329480 0.219158 0.469024 -0.158503 0.024605
0.376707 -0.087167 -0.164988 2.126154 -0.360304 -0.770008 0.089456 -0.025750 -0.531586 -0.000572 0.247387 2.329480 0.219158 0.469024 -0.156596 0.024605
0.376707 -0.087167 -0.164988 2.126154 -0.360304 -0.770008 0.089456 -0.025750 -0.531586 -0.000572 0.247387 2.329480 0.219539 0.468643 -0.154688 0.024605
0.376707 -0.087167 -0.164988 2.126154 -0.360304 -0.770008 0.089456 -0.025750 -0.531586 -0.000572 0.247387 2.329480 0.219921 0.468643 -0.150874 0.024605
0.376707 -0.086786 -0.164988 2.126154 -0.360304 -0.770008 0.089456 -0.025750 -0.531586 -0.000572 0.247387 2.329480 0.219921 0.469024 -0.146677 0.024605
0.376707 -0.087167 -0.164988 2.126154 -0.360304 -0.770390 0.089456 -0.025750 -0.531586 -0.000572 0.247387 2.329480 0.221065 0.469024 -0.143244 0.024605
0.376707 -0.087167 -0.164988 2.126154 -0.360304 -0.770008 0.089456 -0.026131 -0.531586 -0.000572 0.247387 2.329480 0.222210 0.469024 -0.139811 0.024605
0.376707 -0.087167 -0.164988 2.126154 -0.360304 -0.770008 0.089456 -0.025750 -0.531586 -0.000572 0.247387 2.329480 0.222591 0.468643 -0.137522 0.024605
0.376707 -0.087167 -0.164988 2.126154 -0.360304 -0.770008 0.089456 -0.025750 -0.531586 -0.000572 0.247387 2.329480 0.222591 0.468643 -0.135615 0.024605
0.376707 -0.087167 -0.164988 2.126154 -0.360304 -0.770008 0.089456 -0.025750 -0.531586 -0.000572 0.247387 2.329480 0.222591 0.469024 -0.134089 0.024605
0.376707 -0.087167 -0.164988 2.126154 -0.360304 -0.770008 0.089456 -0.025750 -0.531586 -0.000572 0.247387 2.329480 0.222591 0.468643 -0.133326 0.024605
0.376707 -0.087167 -0.164988 2.126154 -0.360304 -0.770008 0.089456 -0.026131 -0.531586 -0.000572 0.247387 2.329480 0.222591 0.468643 -0.134089 0.024605
0.376707 -0.087167 -0.164988 2.126154 -0.360304 -0.770008 0.089456 -0.025750 -0.531586 -0.000572 0.247387 2.329480 0.222210 0.469024 -0.134470 0.024605
0.376707 -0.087167 -0.164988 2.126154 -0.360304 -0.770008 0.089456 -0.025750 -0.531586 -0.000572 0.247387 2.329480 0.222210 0.469024 -0.134470 0.024605
0.376707 -0.087167 -0.164988 2.126154 -0.360304 -0.770008 0.089456 -0.025750 -0.531586 -0.000572 0.247387 2.329480 0.222210 0.469024 -0.134470 0.024605
0.376707 -0.087167 -0.164988 2.126154 -0.360304 -0.770008 0.089456 -0.026131 -0.531586 -0.000572 0.247387 2.329480 0.222210 0.469024 -0.134470 0.024605
0.376707 -0.087167 -0.164988 2.126154 -0.360304 -0.770008 0.089456 -0.025750 -0.531586 -0.000572 0.247387 2.329480 0.222210 0.469024 -0.134470 0.024605
0.376707 -0.087167 -0.164988 2.126154 -0.360304 -0.770008 0.089456 -0.026131 -0.531586 -0.000572 0.247387 2.329480 0.222210 0.469024 -0.134470 0.024605
0.376707 -0.087167 -0.164988 2.126154 -0.360304 -0.770008 0.089456 -0.025750 -0.531586 -0.000572 0.247387 2.329480 0.222210 0.468643 -0.134470 0.024605
0.376707 -0.087167 -0.164988 2.126154 -0.360304 -0.770008 0.089456 -0.025750 -0.531586 -0.000572 0.247387 2.329480 0.222591 0.468643 -0.134089 0.024605
0.376707 -0.087167 -0.164988 2.126154 -0.360304 -0.770008 0.089456 -0.025750 -0.531968 -0.000572 0.247387 2.329480 0.223354 0.469024 -0.133707 0.024605
0.376707 -0.087167 -0.164988 2.126154 -0.360304 -0.770008 0.089456 -0.025750 -0.531968 -0.000572 0.247387 2.329480 0.224117 0.469024 -0.134089 0.024605
0.376707 -0.087167 -0.164988 2.126154 -0.360304 -0.770008 0.089456 -0.025750 -0.531968 -0.000572 0.247387 2.329480 0.226024 0.469024 -0.134089 0.024605
0.376707 -0.087167 -0.164988 2.126154 -0.360304 -0.770008 0.089456 -0.025750 -0.531586 -0.000572 0.247387 2.329480 0.226406 0.469406 -0.134089 0.024987
0.376707 -0.087167 -0.164988 2.126154 -0.360304 -0.770008 0.089456 -0.025750 -0.531586 -0.000572 0.247387 2.329480 0.226024 0.469024 -0.134089 0.024605
0.376707 -0.087167 -0.164988 2.126154 -0.360304 -0.770008 0.089456 -0.025750 -0.531586 -0.000572 0.247387 2.329480 0.226024 0.469024 -0.134089 0.024605
0.376707 -0.087167 -0.164988 2.126154 -0.360304 -0.770008 0.089456 -0.025750 -0.531586 -0.000572 0.247387 2.329480 0.226406 0.469024 -0.134089 0.024605
0.376707 -0.087167 -0.164988 2.126154 -0.360304 -0.770008 0.089456 -0.025750 -0.531586 -0.000572 0.247387 2.329480 0.226024 0.469024 -0.134089 0.024605
0.376707 -0.086786 -0.164988 2.126154 -0.360304 -0.770008 0.089456 -0.025750 -0.531586 -0.000572 0.247387 2.329480 0.226406 0.469024 -0.134089 0.024605
0.376707 -0.087167 -0.164988 2.126154 -0.360304 -0.770008 0.089456 -0.025750 -0.531586 -0.000572 0.247387 2.329480 0.226024 0.469024 -0.134089 0.024605
0.376707 -0.087167 -0.164988 2.126154 -0.360304 -0.770008 0.089456 -0.026131 -0.531586 -0.000572 0.247387 2.329480 0.226024 0.469024 -0.134089 0.024605
0.376707 -0.087167 -0.164988 2.126154 -0.360304 -0.770008 0.089456 -0.025750 -0.531586 -0.000572 0.247387 2.329480 0.226024 0.469024 -0.134470 0.024605
0.376707 -0.087167 -0.164988 2.126154 -0.360304 -0.770008 0.089456 -0.025750 -0.531586 -0.000572 0.247387 2.329480 0.226024 0.469024 -0.134470 0.024605
0.376326 -0.087167 -0.164988 2.126154 -0.360304 -0.770008 0.089456 -0.025750 -0.531586 -0.000572 0.247387 2.329480 0.226024 0.469024 -0.134470 0.024605
0.376707 -0.087167 -0.164988 2.126154 -0.360304 -0.770008 0.089456 -0.025750 -0.531586 -0.000572 0.247387 2.329480 0.226024 0.469024 -0.134852 0.024605
0.376707 -0.086786 -0.164988 2.126154 -0.360304 -0.770008 0.089456 -0.025750 -0.531586 -0.000572 0.247387 2.329480 0.226024 0.469024 -0.134470 0.024605
0.376707 -0.087167 -0.164988 2.126154 -0.360304 -0.770008 0.089456 -0.025750 -0.531586 -0.000572 0.247387 2.329480 0.226024 0.469024 -0.134470 0.024987
0.376707 -0.087167 -0.164988 2.126154 -0.360304 -0.770008 0.089456 -0.025750 -0.531586 -0.000572 0.247387 2.329480 0.226024 0.469024 -0.134470 0.024605
0.376707 -0.087167 -0.164988 2.126154 -0.360304 -0.770008 0.089456 -0.025750 -0.531586 -0.000572 0.247387 2.329480 0.226024 0.469024 -0.134089 0.024605
0.376707 -0.087167 -0.164988 2.126154 -0.360304 -0.770008 0.089456 -0.025750 -0.531586 -0.000572 0.247387 2.329480 0.226024 0.468643 -0.134089 0.024605
0.376707 -0.087167 -0.164988 2.126154 -0.360304 -0.770008 0.089456 -0.025750 -0.531586 -0.000572 0.247387 2.329480 0.226024 0.468643 -0.134089 0.024605
0.376707 -0.087167 -0.164988 2.126154 -0.360304 -0.770008 0.089456 -0.025750 -0.531586 -0.000572 0.247387 2.329480 0.226024 0.468643 -0.134089 0.024605
0.376707 -0.087167 -0.164988 2.126154 -0.360304 -0.770008 0.089456 -0.025750 -0.531586 -0.000572 0.247387 2.329480 0.226024 0.468643 -0.134089 0.024605
0.376707 -0.087167 -0.164988 2.126154 -0.360304 -0.770008 0.089456 -0.025750 -0.531586 -0.000572 0.247387 2.329480 0.226024 0.468643 -0.134089 0.024605
0.376707 -0.087167 -0.164988 2.126154 -0.360304 -0.770008 0.089456 -0.025750 -0.531586 -0.000572 0.247387 2.329480 0.226024 0.468643 -0.134089 0.024605
0.376707 -0.087167 -0.164988 2.126154 -0.360304 -0.770008 0.089075 -0.025750 -0.531586 -0.000572 0.247387 2.329480 0.226024 0.468643 -0.134470 0.024605
0.376707 -0.087167 -0.164988 2.126154 -0.360304 -0.770008 0.089456 -0.026131 -0.531586 -0.000572 0.247387 2.329480 0.226024 0.469024 -0.134470 0.024605
0.376707 -0.087167 -0.164988 2.126154 -0.360304 -0.770008 0.089456 -0.025750 -0.531586 -0.000572 0.247387 2.329480 0.226024 0.468643 -0.134089 0.024605
0.376707 -0.087167 -0.164988 2.126154 -0.360304 -0.770008 0.089456 -0.025750 -0.531586 -0.000572 0.247387 2.329480 0.226024 0.469024 -0.134470 0.024605
0.376707 -0.086786 -0.164988 2.126154 -0.360304 -0.770008 0.089456 -0.025750 -0.531586 -0.000572 0.247387 2.329480 0.226024 0.469024 -0.134089 0.024605
0.376707 -0.086786 -0.164988 2.126154 -0.360304 -0.770008 0.089456 -0.025750 -0.531586 -0.000572 0.247387 2.329480 0.226024 0.469024 -0.134470 0.024605
0.376707 -0.087167 -0.164988 2.126154 -0.360304 -0.770008 0.089456 -0.025750 -0.531968 -0.000572 0.247387 2.329480 0.226024 0.469024 -0.134470 0.024605
0.376707 -0.087167 -0.164988 2.126154 -0.360304 -0.770008 0.089456 -0.025750 -0.531968 -0.000572 0.247387 2.329480 0.226024 0.469024 -0.134470 0.024605
0.376707 -0.087167 -0.164988 2.126154 -0.360304 -0.770008 0.089456 -0.025750 -0.531968 -0.000572 0.247387 2.329480 0.226024 0.469024 -0.134852 0.024605
0.376707 -0.087167 -0.164988 2.126154 -0.360304 -0.770008 0.089456 -0.025750 -0.531586 -0.000572 0.247387 2.329480 0.226024 0.469024 -0.134852 0.024605
0.376707 -0.087167 -0.164988 2.126154 -0.360304 -0.770008 0.089456 -0.025750 -0.531968 -0.000572 0.247387 2.329480 0.225643 0.468643 -0.134852 0.024605
0.376707 -0.086786 -0.164988 2.126154 -0.360685 -0.770008 0.089456 -0.025750 -0.531586 -0.000572 0.247387 2.329480 0.226024 0.469024 -0.134852 0.024605
0.376707 -0.087167 -0.164988 2.126154 -0.360685 -0.770390 0.089456 -0.025750 -0.531586 -0.000572 0.247387 2.329480 0.226024 0.469024 -0.134852 0.024605
0.376707 -0.087167 -0.164988 2.126154 -0.360304 -0.770390 0.089837 -0.025750 -0.531586 -0.000572 0.247387 2.329480 0.226024 0.469024 -0.134852 0.024605
0.376707 -0.087167 -0.164988 2.126154 -0.360304 -0.770390 0.089837 -0.025750 -0.531968 -0.000572 0.247387 2.329480 0.226024 0.469024 -0.134470 0.024605
0.376707 -0.087167 -0.164988 2.126154 -0.360304 -0.770390 0.089837 -0.026131 -0.531586 -0.000572 0.247387 2.329480 0.226024 0.469024 -0.134470 0.024605
0.376707 -0.086786 -0.164988 2.126154 -0.360304 -0.770390 0.089456 -0.025750 -0.531586 -0.000572 0.247387 2.329480 0.226024 0.469024 -0.134470 0.024605
0.376707 -0.087167 -0.164988 2.126154 -0.360304 -0.770008 0.089456 -0.025750 -0.531586 -0.000572 0.247387 2.329480 0.226024 0.468643 -0.134470 0.024605
0.376707 -0.087167 -0.164988 2.126154 -0.360304 -0.770390 0.089456 -0.025750 -0.531586 -0.000572 0.247387 2.329480 0.226024 0.468643 -0.134470 0.024605
0.376707 -0.087167 -0.164988 2.126154 -0.360304 -0.770008 0.089456 -0.026131 -0.531586 -0.000572 0.247387 2.329480 0.226024 0.468643 -0.134470 0.024605
0.376707 -0.087167 -0.164988 2.126154 -0.360304 -0.770390 0.089456 -0.025750 -0.531586 -0.000572 0.247387 2.329480 0.226406 0.469024 -0.134470 0.024605
0.376707 -0.086786 -0.164988 2.126154 -0.360304 -0.770390 0.089456 -0.025750 -0.531968 -0.000572 0.247387 2.329480 0.226787 0.469024 -0.134470 0.024605
0.376707 -0.087167 -0.164988 2.126154 -0.360304 -0.770008 0.089456 -0.025750 -0.531586 -0.000954 0.247387 2.329480 0.227932 0.469024 -0.134470 0.024605
0.376707 -0.087167 -0.164988 2.126154 -0.360304 -0.770008 0.089456 -0.025750 -0.531586 -0.000954 0.247387 2.329480 0.229839 0.469787 -0.134470 0.024605
0.376707 -0.087167 -0.164988 2.126154 -0.360304 -0.770008 0.089456 -0.025750 -0.531586 -0.000954 0.247387 2.329480 0.230602 0.469787 -0.134470 0.024605
0.376707 -0.087167 -0.164988 2.126154 -0.360304 -0.770390 0.089456 -0.026131 -0.531968 -0.000572 0.247387 2.329480 0.230983 0.469787 -0.134470 0.024605
0.376707 -0.087167 -0.164988 2.126154 -0.360304 -0.770008 0.089456 -0.025750 -0.531586 -0.000954 0.247387 2.329480 0.230983 0.469406 -0.134470 0.024605
0.376707 -0.086786 -0.164988 2.126154 -0.360304 -0.770390 0.089456 -0.025750 -0.531586 -0.000954 0.247387 2.329480 0.230983 0.469406 -0.134470 0.024605
0.376707 -0.087167 -0.164988 2.126154 -0.360304 -0.770008 0.089456 -0.025750 -0.531586 -0.000572 0.247387 2.329480 0.230983 0.469406 -0.134470 0.024605
0.376707 -0.087167 -0.164988 2.126154 -0.360304 -0.770008 0.089456 -0.025750 -0.531586 -0.000572 0.247387 2.329480 0.230602 0.469406 -0.134470 0.024605
0.376707 -0.087167 -0.164988 2.126154 -0.360304 -0.770390 0.089456 -0.025750 -0.531586 -0.000572 0.247387 2.329480 0.230602 0.469024 -0.134470 0.024987
0.376707 -0.087167 -0.164988 2.126154 -0.360304 -0.770008 0.089456 -0.025750 -0.531586 -0.000572 0.247387 2.329480 0.230602 0.469024 -0.134470 0.024605
0.376707 -0.087167 -0.164988 2.126154 -0.360304 -0.770008 0.089456 -0.025750 -0.531586 -0.000572 0.247387 2.329480 0.230220 0.469406 -0.134089 0.024605
0.376707 -0.086786 -0.164988 2.126154 -0.360304 -0.770390 0.089456 -0.025750 -0.531586 -0.000572 0.247387 2.329480 0.230220 0.469406 -0.134470 0.024605
0.376707 -0.087167 -0.164988 2.126154 -0.360304 -0.770008 0.089456 -0.025750 -0.531586 -0.000572 0.247387 2.329480 0.229839 0.469406 -0.134089 0.024605
0.376707 -0.087167 -0.164988 2.126154 -0.360304 -0.770008 0.089456 -0.025750 -0.531586 -0.000572 0.247387 2.329480 0.229839 0.469024 -0.134470 0.024605
0.376707 -0.087167 -0.164988 2.126154 -0.360304 -0.770390 0.089456 -0.025750 -0.531586 -0.000572 0.247387 2.329480 0.229839 0.469024 -0.134470 0.024605
0.376707 -0.087167 -0.164988 2.126154 -0.360304 -0.770390 0.089456 -0.025750 -0.531586 -0.000572 0.247387 2.329862 0.229839 0.469024 -0.134470 0.024605
0.376707 -0.087167 -0.164988 2.126154 -0.360304 -0.770390 0.089456 -0.025750 -0.531586 -0.000572 0.247387 2.329862 0.229839 0.469406 -0.134470 0.024605
0.376707 -0.087167 -0.164988 2.126154 -0.360304 -0.770008 0.089456 -0.025750 -0.531586 -0.000572 0.247387 2.329480 0.229839 0.469406 -0.134470 0.024605
0.376707 -0.087167 -0.164988 2.126154 -0.360304 -0.770390 0.089456 -0.025750 -0.531586 -0.000572 0.247387 2.329480 0.229458 0.469406 -0.134470 0.024605
0.376707 -0.087167 -0.164988 2.126154 -0.360304 -0.770390 0.089456 -0.026131 -0.531586 -0.000572 0.247387 2.329480 0.229458 0.469406 -0.134470 0.024605
0.376707 -0.087167 -0.164988 2.126154 -0.360304 -0.770390 0.089456 -0.025750 -0.531586 -0.000572 0.247387 2.329480 0.229458 0.469406 -0.134470 0.024605
0.376707 -0.087167 -0.164988 2.126154 -0.360304 -0.770390 0.089456 -0.026131 -0.531586 -0.000572 0.247387 2.329862 0.229458 0.469406 -0.134470 0.024605
0.376707 -0.086786 -0.164988 2.126154 -0.360304 -0.770008 0.089456 -0.025750 -0.531586 -0.000572 0.247387 2.329862 0.229458 0.469406 -0.134470 0.024605
0.376707 -0.087167 -0.164988 2.126154 -0.360304 -0.770390 0.089456 -0.025750 -0.531586 -0.000572 0.247387 2.329862 0.229458 0.469406 -0.134470 0.024605
0.376707 -0.086786 -0.164988 2.126154 -0.360304 -0.770390 0.089456 -0.025750 -0.531586 -0.000572 0.247387 2.329862 0.229458 0.469024 -0.134470 0.024605
0.376707 -0.087167 -0.164988 2.126154 -0.360304 -0.770390 0.089456 -0.025750 -0.531586 -0.000572 0.247387 2.329862 0.229458 0.469406 -0.134470 0.024605
0.376707 -0.087167 -0.164988 2.126154 -0.360304 -0.770008 0.089456 -0.025750 -0.531586 -0.000572 0.247387 2.329862 0.229458 0.469024 -0.134470 0.024605
0.376707 -0.087167 -0.164988 2.126154 -0.360304 -0.770008 0.089456 -0.025750 -0.531586 -0.000572 0.247387 2.329862 0.229076 0.469406 -0.134470 0.024605
0.376707 -0.087167 -0.164988 2.126154 -0.360304 -0.770390 0.089456 -0.025750 -0.531586 -0.000572 0.247387 2.330243 0.229076 0.469024 -0.134470 0.024605
0.376707 -0.087167 -0.164988 2.126154 -0.360304 -0.770008 0.089456 -0.025750 -0.531586 -0.000572 0.247387 2.330243 0.228695 0.469024 -0.134470 0.024605
0.376707 -0.087167 -0.164988 2.126154 -0.360304 -0.770390 0.089456 -0.025750 -0.531586 -0.000572 0.247387 2.330625 0.227932 0.469406 -0.134470 0.024987
0.376707 -0.087167 -0.164988 2.126154 -0.360304 -0.770008 0.089456 -0.025750 -0.531586 -0.000572 0.247387 2.330625 0.226787 0.469406 -0.134470 0.024605
0.376707 -0.087167 -0.164988 2.126154 -0.360304 -0.770390 0.089456 -0.025750 -0.531586 -0.000572 0.247387 2.330625 0.224498 0.469406 -0.134470 0.024605
0.376707 -0.087167 -0.164988 2.126154 -0.360304 -0.770008 0.089456 -0.025750 -0.531586 -0.000572 0.247387 2.330625 0.222591 0.469406 -0.134470 0.024605
0.376707 -0.087167 -0.164988 2.126154 -0.360304 -0.770390 0.089456 -0.025750 -0.531586 -0.000572 0.247387 2.331388 0.219921 0.469406 -0.134470 0.024605
0.376707 -0.087167 -0.164988 2.126154 -0.360304 -0.770008 0.089456 -0.025750 -0.531586 -0.000572 0.247387 2.331769 0.216869 0.469024 -0.134470 0.024605
0.376707 -0.087167 -0.164988 2.126154 -0.360304 -0.770390 0.089456 -0.025750 -0.531586 -0.000572 0.247387 2.331769 0.214199 0.469024 -0.134470 0.024605
0.376707 -0.087167 -0.164988 2.126154 -0.360304 -0.770390 0.089456 -0.025750 -0.531205 -0.000572 0.247387 2.332151 0.210002 0.469024 -0.134470 0.024605
0.376707 -0.087167 -0.164988 2.126154 -0.360685 -0.770390 0.089456 -0.025750 -0.531205 -0.000572 0.247387 2.332532 0.206188 0.469406 -0.134470 0.024605
0.376707 -0.086786 -0.164988 2.126154 -0.360304 -0.770390 0.089456 -0.026131 -0.531205 -0.000572 0.247387 2.333295 0.201228 0.469406 -0.134089 0.024605
0.376707 -0.086786 -0.164988 2.126154 -0.360304 -0.770008 0.089456 -0.026131 -0.531205 -0.000572 0.247387 2.334440 0.196651 0.469024 -0.134089 0.024605
0.376707 -0.087167 -0.164988 2.126154 -0.360304 -0.770390 0.089456 -0.025750 -0.531205 -0.000572 0.247387 2.335584 0.191691 0.469024 -0.134470 0.024605
0.376707 -0.087167 -0.164988 2.126154 -0.360304 -0.770390 0.089837 -0.025750 -0.531586 -0.000572 0.247387 2.337110 0.187114 0.469024 -0.134470 0.024605
0.376707 -0.087167 -0.164988 2.126154 -0.360304 -0.770008 0.089456 -0.025750 -0.531205 -0.000572 0.247387 2.338254 0.180247 0.469024 -0.134470 0.024605
0.376707 -0.087167 -0.164988 2.126154 -0.360304 -0.770008 0.089456 -0.025750 -0.531586 -0.000572 0.247387 2.339399 0.172618 0.469024 -0.134470 0.024605
0.376707 -0.087167 -0.164988 2.126154 -0.360304 -0.770390 0.089456 -0.025750 -0.531586 -0.000572 0.247387 2.340543 0.164988 0.469024 -0.134470 0.024605
0.376707 -0.087167 -0.164988 2.126154 -0.360304 -0.770390 0.089456 -0.025750 -0.531205 -0.000572 0.247387 2.342069 0.157359 0.469406 -0.134470 0.024605
0.376707 -0.087167 -0.164988 2.126154 -0.360304 -0.770008 0.089456 -0.025750 -0.531586 -0.000572 0.247387 2.343977 0.150111 0.469406 -0.134470 0.024987
0.376326 -0.087167 -0.164988 2.126154 -0.360304 -0.770008 0.089456 -0.025750 -0.531586 -0.000572 0.247387 2.345884 0.142481 0.469406 -0.134852 0.024605
0.376707 -0.087167 -0.164988 2.126154 -0.360304 -0.770008 0.089456 -0.025750 -0.531586 -0.000572 0.247387 2.347410 0.133707 0.469406 -0.134852 0.024605
0.376707 -0.087167 -0.164988 2.126154 -0.360304 -0.770390 0.089456 -0.025750 -0.531586 -0.000572 0.247387 2.348936 0.125696 0.469024 -0.134470 0.024605
0.376707 -0.087167 -0.164988 2.126154 -0.360304 -0.770008 0.089456 -0.025750 -0.531586 -0.000572 0.247387 2.350462 0.118448 0.469024 -0.134470 0.024605
0.376707 -0.087167 -0.164988 2.126154 -0.360304 -0.770390 0.089837 -0.025750 -0.531586 -0.000572 0.247387 2.352369 0.110819 0.469024 -0.134470 0.024605
0.376707 -0.087167 -0.164988 2.126154 -0.360304 -0.770390 0.089456 -0.025750 -0.531586 -0.000572 0.247387 2.353895 0.103952 0.469024 -0.134852 0.024605
0.376707 -0.087167 -0.164988 2.126154 -0.360304 -0.770390 0.089456 -0.025750 -0.531586 -0.000572 0.247387 2.355421 0.097086 0.469024 -0.134470 0.024605
0.376707 -0.087167 -0.164988 2.126154 -0.360304 -0.770008 0.089456 -0.025750 -0.531586 -0.000572 0.247387 2.357328 0.089837 0.469024 -0.134852 0.024605
0.376707 -0.087167 -0.164988 2.126154 -0.360304 -0.770008 0.089456 -0.025750 -0.531586 -0.000572 0.247387 2.359236 0.082971 0.469024 -0.134852 0.024605
0.376707 -0.087167 -0.164988 2.126154 -0.360304 -0.770390 0.089456 -0.025750 -0.531586 -0.000572 0.247387 2.360380 0.076486 0.469024 -0.134852 0.024605
0.376707 -0.087167 -0.164988 2.126154 -0.360304 -0.770008 0.089456 -0.025750 -0.531586 -0.000572 0.247387 2.361906 0.070001 0.469024 -0.134470 0.024605
0.376707 -0.087167 -0.164988 2.126154 -0.360304 -0.770008 0.089456 -0.025750 -0.531586 -0.000572 0.247387 2.363813 0.063897 0.469024 -0.134470 0.024605
0.376707 -0.087167 -0.164988 2.126154 -0.360304 -0.770390 0.089456 -0.025750 -0.531586 -0.000572 0.247387 2.365721 0.058938 0.469024 -0.134470 0.024605
0.376707 -0.087167 -0.164988 2.126154 -0.360304 -0.770008 0.089456 -0.025750 -0.531586 -0.000572 0.247387 2.367247 0.053216 0.469024 -0.134470 0.024605
0.376707 -0.086786 -0.164988 2.126154 -0.360304 -0.770008 0.089456 -0.025750 -0.531586 -0.000572 0.247387 2.368772 0.047875 0.469024 -0.134470 0.024605
0.376707 -0.086786 -0.164988 2.126154 -0.360304 -0.770008 0.089837 -0.025750 -0.531586 -0.000572 0.247387 2.370298 0.042535 0.468643 -0.134470 0.024605
0.376707 -0.087167 -0.164988 2.126154 -0.360304 -0.770008 0.089456 -0.025750 -0.531586 -0.000572 0.247387 2.371824 0.035668 0.469024 -0.134470 0.024605
0.376707 -0.087167 -0.164988 2.126154 -0.360304 -0.770008 0.089456 -0.025750 -0.531586 -0.000572 0.247387 2.372587 0.031090 0.469024 -0.134470 0.024605
0.376707 -0.087167 -0.164988 2.126154 -0.360304 -0.770008 0.089456 -0.026131 -0.531586 -0.000572 0.247387 2.373732 0.026513 0.469024 -0.134089 0.024605
0.376707 -0.087167 -0.164988 2.126154 -0.360304 -0.770390 0.089456 -0.025750 -0.531205 -0.000572 0.247387 2.375257 0.021553 0.469024 -0.134089 0.024605
0.376707 -0.087167 -0.164988 2.126154 -0.360304 -0.770008 0.089456 -0.025750 -0.531205 -0.000572 0.247387 2.376783 0.016594 0.468643 -0.134089 0.024605
0.376707 -0.087167 -0.164988 2.126154 -0.360304 -0.770008 0.089456 -0.025750 -0.531205 -0.000572 0.247387 2.377928 0.012016 0.468643 -0.134089 0.024605
0.376707 -0.086786 -0.164988 2.126154 -0.360304 -0.770390 0.089456 -0.026131 -0.531586 -0.000572 0.247387 2.379072 0.006676 0.468643 -0.134089 0.024605
0.376707 -0.086786 -0.164988 2.126154 -0.360304 -0.770008 0.089456 -0.025750 -0.531586 -0.000572 0.247387 2.379835 0.001717 0.468643 -0.134089 0.024605
0.376707 -0.087167 -0.164988 2.126154 -0.360304 -0.770390 0.089456 -0.025750 -0.531586 -0.000572 0.247387 2.380980 -0.002861 0.468261 -0.134089 0.024605
0.376707 -0.087167 -0.164988 2.126154 -0.360304 -0.770390 0.089456 -0.025750 -0.531205 -0.000572 0.247387 2.382124 -0.008202 0.468643 -0.134089 0.024605
0.376707 -0.087167 -0.164988 2.126154 -0.360304 -0.770008 0.089456 -0.025750 -0.531205 -0.000572 0.247387 2.383650 -0.012016 0.468643 -0.134089 0.024605
0.376707 -0.087167 -0.164988 2.126154 -0.360304 -0.770008 0.089456 -0.025750 -0.531586 -0.000572 0.247387 2.384794 -0.016594 0.468643 -0.134089 0.024605
0.376707 -0.087167 -0.164988 2.126154 -0.360304 -0.770008 0.089456 -0.025750 -0.531205 -0.000572 0.247387 2.385939 -0.023079 0.468643 -0.134089 0.024605
0.376707 -0.086786 -0.164988 2.126154 -0.360304 -0.770008 0.089456 -0.025750 -0.531205 -0.000572 0.247387 2.386320 -0.028038 0.468643 -0.134089 0.024605
0.376707 -0.087167 -0.164988 2.126154 -0.360304 -0.770008 0.089456 -0.026131 -0.531205 -0.000572 0.247387 2.387465 -0.032998 0.468643 -0.134089 0.024605
0.376707 -0.087167 -0.164988 2.126154 -0.360304 -0.770008 0.089456 -0.025750 -0.531586 -0.000572 0.247387 2.388609 -0.037575 0.468261 -0.134089 0.024605
0.376707 -0.087167 -0.164988 2.126154 -0.360304 -0.770008 0.089456 -0.025750 -0.531586 -0.000572 0.247387 2.389754 -0.042153 0.468261 -0.134089 0.024605
0.376707 -0.086786 -0.164988 2.126154 -0.360304 -0.770008 0.089456 -0.025750 -0.531586 -0.000572 0.247387 2.390898 -0.047112 0.468261 -0.134089 0.024605
0.376707 -0.087167 -0.164988 2.126154 -0.360304 -0.770008 0.089456 -0.025750 -0.531586 -0.000572 0.247387 2.391661 -0.052834 0.467498 -0.134089 0.024605
0.376707 -0.087167 -0.164988 2.126154 -0.360304 -0.770008 0.089456 -0.025750 -0.531586 -0.000572 0.247387 2.391661 -0.058175 0.465209 -0.133707 0.024605
0.376707 -0.087167 -0.164988 2.126154 -0.360304 -0.770008 0.089456 -0.025750 -0.531205 -0.000572 0.247387 2.391661 -0.063516 0.463684 -0.133707 0.024605
0.376707 -0.087167 -0.164988 2.126154 -0.360304 -0.770008 0.089456 -0.025750 -0.531205 -0.000572 0.247387 2.392042 -0.068093 0.462158 -0.133326 0.024605
0.376707 -0.087167 -0.164988 2.126154 -0.360304 -0.770008 0.089456 -0.025750 -0.531205 -0.000572 0.247387 2.392805 -0.071527 0.459869 -0.132944 0.024605
0.376707 -0.087167 -0.164988 2.126154 -0.360304 -0.770008 0.089456 -0.025750 -0.531205 -0.000572 0.247387 2.393950 -0.074960 0.455673 -0.132944 0.024605
0.376707 -0.087167 -0.164988 2.126154 -0.360304 -0.770008 0.089456 -0.025750 -0.531586 -0.000572 0.247387 2.394713 -0.078775 0.452239 -0.132944 0.024605
0.376707 -0.087167 -0.164988 2.126154 -0.360304 -0.770008 0.089456 -0.025750 -0.531586 -0.000572 0.247387 2.395476 -0.082208 0.449950 -0.133326 0.024605
0.376707 -0.087167 -0.164988 2.126154 -0.360304 -0.770390 0.089456 -0.025750 -0.531586 -0.000572 0.247387 2.396620 -0.088693 0.448043 -0.133326 0.024605
0.376707 -0.087167 -0.164988 2.126154 -0.360304 -0.770390 0.089456 -0.025750 -0.531586 -0.000572 0.247387 2.397383 -0.095178 0.446517 -0.132944 0.024605
0.376707 -0.087167 -0.164988 2.126154 -0.360304 -0.770008 0.089456 -0.025750 -0.531586 -0.000572 0.247387 2.398146 -0.100519 0.446136 -0.132563 0.024605
0.376707 -0.087167 -0.164988 2.126154 -0.360304 -0.770008 0.089456 -0.026131 -0.531586 -0.000572 0.247387 2.399672 -0.107004 0.446136 -0.131418 0.024605
0.376707 -0.086786 -0.164988 2.126154 -0.360304 -0.770008 0.089456 -0.026131 -0.531205 -0.000572 0.247387 2.401579 -0.114252 0.446136 -0.130274 0.024605
0.376707 -0.087167 -0.164988 2.126154 -0.360304 -0.770008 0.089456 -0.026131 -0.531205 -0.000954 0.247387 2.403105 -0.121500 0.446136 -0.129892 0.024605
0.376707 -0.087167 -0.164988 2.126154 -0.360304 -0.770390 0.089456 -0.025750 -0.531205 -0.000572 0.247387 2.405013 -0.128748 0.446136 -0.129892 0.024605
0.376707 -0.086786 -0.164988 2.126154 -0.360304 -0.770008 0.089456 -0.025750 -0.531205 -0.000572 0.247387 2.406920 -0.137140 0.446136 -0.128748 0.024605
0.376707 -0.087167 -0.164988 2.126154 -0.360304 -0.770008 0.089456 -0.025750 -0.531205 -0.000572 0.247387 2.409209 -0.145151 0.446136 -0.126459 0.024605
0.376707 -0.087167 -0.164988 2.126154 -0.360304 -0.770008 0.089456 -0.025750 -0.531586 -0.000572 0.247387 2.411879 -0.152399 0.446136 -0.124170 0.024605
0.376707 -0.087167 -0.164988 2.126154 -0.360304 -0.770390 0.089456 -0.025750 -0.531586 -0.000572 0.247387 2.414168 -0.160029 0.446136 -0.121881 0.024605
0.376707 -0.087167 -0.164988 2.126154 -0.360304 -0.770390 0.089456 -0.025750 -0.531586 -0.000572 0.247387 2.417220 -0.168803 0.446136 -0.119593 0.024605
0.376707 -0.087167 -0.164988 2.126154 -0.360304 -0.770390 0.089456 -0.025750 -0.531586 -0.000572 0.247387 2.420653 -0.176814 0.446136 -0.117304 0.024605
0.376707 -0.086786 -0.164988 2.126154 -0.360304 -0.770008 0.089456 -0.025750 -0.531586 -0.000572 0.247387 2.424086 -0.185206 0.446136 -0.115015 0.024605
0.376707 -0.087167 -0.164988 2.126154 -0.360304 -0.770008 0.089456 -0.025750 -0.531586 -0.000572 0.247387 2.427520 -0.193980 0.446136 -0.113870 0.024605
0.376707 -0.087167 -0.164988 2.126154 -0.360304 -0.770008 0.089456 -0.025750 -0.531586 -0.000572 0.247387 2.431334 -0.202754 0.446136 -0.112726 0.024605
0.376707 -0.086786 -0.164988 2.126154 -0.360304 -0.770008 0.089456 -0.025750 -0.531205 -0.000572 0.247387 2.435531 -0.211147 0.445754 -0.110819 0.024605
0.376707 -0.087167 -0.164988 2.126154 -0.360304 -0.770008 0.089456 -0.025750 -0.531205 -0.000572 0.247387 2.439727 -0.219158 0.445754 -0.109674 0.024605
0.376707 -0.087167 -0.164988 2.126154 -0.360304 -0.770008 0.089456 -0.025750 -0.531586 -0.000572 0.247387 2.444305 -0.227932 0.445754 -0.106622 0.024605
0.376707 -0.087167 -0.164988 2.126154 -0.360304 -0.770008 0.089456 -0.025750 -0.531586 -0.000572 0.247387 2.448501 -0.235561 0.445373 -0.103952 0.024605
0.376707 -0.087167 -0.164988 2.126154 -0.360304 -0.770008 0.089456 -0.025750 -0.531586 -0.000572 0.247387 2.450027 -0.244717 0.443847 -0.102045 0.024605
0.376707 -0.087167 -0.164988 2.126154 -0.360304 -0.770008 0.089456 -0.025750 -0.531586 -0.000572 0.247387 2.448882 -0.255398 0.440414 -0.094797 0.024605
0.376707 -0.087167 -0.164988 2.126154 -0.360304 -0.770390 0.089837 -0.025750 -0.531205 -0.000572 0.247387 2.449264 -0.263027 0.436980 -0.084497 0.024605
0.376326 -0.087167 -0.164988 2.126154 -0.360304 -0.770390 0.089837 -0.025750 -0.530823 -0.000572 0.247387 2.449264 -0.270275 0.432403 -0.074197 0.024605
0.376707 -0.087167 -0.164988 2.126154 -0.360304 -0.770390 0.089456 -0.025750 -0.528916 -0.000572 0.247387 2.449264 -0.280575 0.425917 -0.063516 0.024987
0.376707 -0.087167 -0.164988 2.126154 -0.360685 -0.770390 0.089456 -0.026131 -0.528534 -0.000954 0.247387 2.449264 -0.291257 0.421721 -0.056649 0.024605
0.376707 -0.087167 -0.164988 2.126154 -0.360304 -0.770390 0.089456 -0.025750 -0.528534 -0.000954 0.247387 2.448882 -0.301556 0.418669 -0.053216 0.024987
0.376707 -0.087167 -0.164988 2.126154 -0.360304 -0.770008 0.089456 -0.025750 -0.528534 -0.000572 0.247005 2.448882 -0.315671 0.416762 -0.050927 0.024605
0.376707 -0.087167 -0.164988 2.126154 -0.360304 -0.770390 0.089456 -0.025750 -0.528534 -0.000572 0.247005 2.448882 -0.325971 0.416762 -0.049020 0.024605
0.376707 -0.087167 -0.164988 2.126154 -0.360304 -0.770390 0.089837 -0.025750 -0.528534 -0.000572 0.246624 2.448882 -0.335126 0.416381 -0.045968 0.024605
0.376707 -0.087167 -0.164988 2.126154 -0.360304 -0.770390 0.089837 -0.025750 -0.528534 -0.000572 0.246624 2.448882 -0.344282 0.415999 -0.043297 0.024605
0.376707 -0.087167 -0.164988 2.126154 -0.360304 -0.770390 0.089837 -0.025750 -0.528534 -0.000572 0.246624 2.448882 -0.353437 0.414855 -0.040627 0.024605
0.376707 -0.087167 -0.164988 2.126154 -0.360304 -0.770390 0.089837 -0.025750 -0.528534 -0.000572 0.246624 2.449264 -0.362974 0.411040 -0.037575 0.024605
0.376707 -0.087167 -0.164988 2.126154 -0.360304 -0.770008 0.089837 -0.026131 -0.528534 -0.000572 0.246624 2.448882 -0.373274 0.406462 -0.035286 0.024605
0.376707 -0.087167 -0.164988 2.126154 -0.360685 -0.770008 0.089837 -0.025750 -0.528916 -0.000572 0.246624 2.448882 -0.382429 0.400359 -0.032998 0.024605
0.376707 -0.087167 -0.164988 2.126154 -0.360304 -0.770008 0.089837 -0.025750 -0.528916 -0.000954 0.246624 2.448882 -0.391585 0.394255 -0.031853 0.024605
0.376707 -0.087167 -0.164988 2.126154 -0.360304 -0.770008 0.089837 -0.025750 -0.528916 -0.000954 0.246242 2.448882 -0.399596 0.389677 -0.029946 0.024605
0.376707 -0.086786 -0.164988 2.126154 -0.360304 -0.770008 0.089837 -0.025750 -0.528916 -0.000954 0.246242 2.448882 -0.406081 0.387388 -0.028038 0.024605
0.376707 -0.087167 -0.164988 2.126154 -0.360304 -0.770008 0.089837 -0.025750 -0.528916 -0.000954 0.245861 2.448882 -0.412184 0.384718 -0.027276 0.024605
0.376707 -0.087167 -0.164988 2.126154 -0.360304 -0.770390 0.089837 -0.025750 -0.528916 -0.000572 0.245480 2.448882 -0.420195 0.380903 -0.025750 0.024605
0.376707 -0.087167 -0.164988 2.126154 -0.360304 -0.770008 0.089837 -0.025750 -0.528916 -0.000572 0.245480 2.448882 -0.427443 0.377470 -0.024987 0.024605
0.376707 -0.086786 -0.164988 2.126154 -0.360304 -0.770008 0.089837 -0.025750 -0.528916 -0.000572 0.245480 2.448882 -0.435454 0.373274 -0.023842 0.024605
0.376707 -0.087167 -0.164988 2.126154 -0.360304 -0.770390 0.089837 -0.025750 -0.528916 -0.000572 0.245480 2.448882 -0.444228 0.369078 -0.021553 0.024605
0.377089 -0.087167 -0.164988 2.126154 -0.360304 -0.770008 0.089837 -0.025750 -0.528916 -0.000954 0.245480 2.448882 -0.452621 0.365644 -0.019265 0.024605
0.376707 -0.086786 -0.164988 2.126154 -0.360304 -0.770008 0.089837 -0.025750 -0.528916 -0.000954 0.245480 2.448882 -0.461013 0.362974 -0.016213 0.024605
0.376707 -0.087167 -0.164988 2.126154 -0.360304 -0.770008 0.089837 -0.025750 -0.528916 -0.000954 0.245098 2.448882 -0.469024 0.359541 -0.012779 0.024605
0.376707 -0.087167 -0.164988 2.126154 -0.360304 -0.770390 0.089837 -0.025750 -0.528916 -0.000572 0.244717 2.448882 -0.478180 0.356107 -0.009728 0.024605
0.376707 -0.087167 -0.164988 2.126154 -0.360304 -0.770008 0.089837 -0.025750 -0.528916 -0.000572 0.244717 2.448882 -0.486954 0.351148 -0.005913 0.024605
0.376707 -0.087167 -0.164988 2.126154 -0.360304 -0.770008 0.089837 -0.025750 -0.528916 -0.000572 0.244717 2.448882 -0.497253 0.343900 -0.002098 0.024605
0.376707 -0.087167 -0.164988 2.126154 -0.360304 -0.770008 0.089837 -0.025750 -0.528916 -0.000954 0.244717 2.448882 -0.506027 0.337797 0.001335 0.024605
0.376707 -0.086786 -0.164988 2.126154 -0.360304 -0.770390 0.089837 -0.025750 -0.528916 -0.000954 0.244335 2.448882 -0.514801 0.330549 0.004768 0.024605
0.376707 -0.086786 -0.164988 2.126154 -0.360304 -0.770008 0.089837 -0.025750 -0.528916 -0.000572 0.244335 2.448882 -0.521668 0.324826 0.007820 0.024605
0.376707 -0.087167 -0.164988 2.126154 -0.360304 -0.770008 0.089837 -0.025750 -0.528916 -0.000954 0.244335 2.448882 -0.529297 0.318723 0.011635 0.024605
0.376707 -0.087167 -0.164988 2.126154 -0.360304 -0.770390 0.089837 -0.025750 -0.528916 -0.000572 0.244717 2.448882 -0.536545 0.313764 0.015068 0.024605
0.376707 -0.087167 -0.164988 2.126154 -0.360304 -0.770008 0.089837 -0.026131 -0.528916 -0.000954 0.244717 2.448882 -0.543030 0.309949 0.018120 0.024605
0.376707 -0.087167 -0.164988 2.126154 -0.360304 -0.770008 0.089837 -0.025750 -0.528534 -0.000954 0.244717 2.448882 -0.549897 0.304990 0.021553 0.024605
0.376707 -0.087167 -0.164988 2.126154 -0.360304 -0.770390 0.089837 -0.025750 -0.528534 -0.000572 0.244717 2.448882 -0.559815 0.296597 0.027276 0.024605
0.376707 -0.087167 -0.164988 2.126154 -0.360304 -0.770008 0.089837 -0.025750 -0.528916 -0.000572 0.244717 2.448882 -0.568971 0.290112 0.032616 0.024605
0.376707 -0.087167 -0.164988 2.126154 -0.360304 -0.770008 0.089837 -0.025750 -0.528916 -0.000572 0.244335 2.448882 -0.577363 0.283246 0.038720 0.024605
0.376707 -0.087167 -0.164988 2.126154 -0.360304 -0.770008 0.089837 -0.025750 -0.528916 -0.000954 0.244335 2.448882 -0.586519 0.276379 0.044442 0.024605
0.376707 -0.086786 -0.164988 2.126154 -0.360304 -0.770390 0.089837 -0.025750 -0.528916 -0.000572 0.244335 2.448882 -0.596056 0.269131 0.050546 0.024605
0.376707 -0.087167 -0.164988 2.126154 -0.360304 -0.770390 0.089837 -0.025750 -0.528916 -0.000954 0.244335 2.448882 -0.604067 0.264935 0.055505 0.024605
0.376707 -0.087167 -0.164988 2.126154 -0.360304 -0.770008 0.089837 -0.025750 -0.528916 -0.000572 0.244335 2.448882 -0.612840 0.260739 0.059701 0.024605
0.376707 -0.087167 -0.164988 2.126154 -0.360304 -0.770008 0.089837 -0.025750 -0.528916 -0.000572 0.244717 2.448882 -0.621233 0.257305 0.063897 0.024605
0.376707 -0.087167 -0.164988 2.126154 -0.360304 -0.770008 0.089837 -0.025750 -0.528916 -0.000572 0.244717 2.448882 -0.629625 0.252728 0.067330 0.024605
0.376707 -0.087167 -0.164988 2.126154 -0.360304 -0.770008 0.089837 -0.025750 -0.528534 -0.000572 0.244717 2.448882 -0.638781 0.247005 0.070764 0.024605
0.376707 -0.087167 -0.164988 2.126154 -0.360304 -0.770390 0.089837 -0.025750 -0.528534 -0.000572 0.244335 2.448882 -0.646792 0.240520 0.073816 0.024605
0.376707 -0.087167 -0.164988 2.126154 -0.360304 -0.770390 0.089837 -0.025750 -0.528534 -0.000572 0.244335 2.448882 -0.655566 0.232509 0.077630 0.024605
0.376707 -0.087167 -0.164988 2.126154 -0.360304 -0.770390 0.089456 -0.025750 -0.528534 -0.000572 0.244335 2.448882 -0.663577 0.223735 0.082208 0.024605
0.376707 -0.087167 -0.164988 2.126154 -0.360304 -0.770008 0.089837 -0.025750 -0.528916 -0.000954 0.244335 2.448882 -0.671206 0.214199 0.086404 0.024605
0.376707 -0.087167 -0.164988 2.126154 -0.360304 -0.770008 0.089837 -0.025750 -0.528916 -0.000954 0.244335 2.448882 -0.678073 0.205043 0.089837 0.024605
0.376707 -0.087167 -0.164988 2.126154 -0.360304 -0.770008 0.089837 -0.025750 -0.528916 -0.000954 0.244335 2.448882 -0.684176 0.196651 0.092508 0.024605
0.376707 -0.086786 -0.164988 2.126154 -0.360304 -0.770008 0.089837 -0.025750 -0.528916 -0.000954 0.244335 2.448882 -0.690280 0.188640 0.094797 0.024605
0.376707 -0.086786 -0.164988 2.126154 -0.360304 -0.770008 0.089837 -0.025750 -0.528916 -0.000572 0.244335 2.448882 -0.696384 0.180629 0.095178 0.024605
0.376707 -0.087167 -0.164988 2.126154 -0.360304 -0.770008 0.089837 -0.025750 -0.528916 -0.000572 0.243954 2.448882 -0.702869 0.170329 0.095560 0.024605
0.376707 -0.087167 -0.164988 2.126154 -0.360304 -0.770008 0.089837 -0.025750 -0.528916 -0.000572 0.243954 2.448882 -0.709735 0.159648 0.095941 0.024605
0.376707 -0.087167 -0.164988 2.126154 -0.360304 -0.770390 0.089837 -0.025750 -0.528916 -0.000572 0.243954 2.448882 -0.717365 0.148966 0.096323 0.024605
0.376707 -0.087167 -0.164988 2.126154 -0.360304 -0.770008 0.089837 -0.025750 -0.528534 -0.000954 0.243954 2.448882 -0.725757 0.138666 0.096323 0.024605
0.376707 -0.087167 -0.164988 2.126154 -0.360304 -0.770008 0.089837 -0.026131 -0.528916 -0.000572 0.243954 2.448882 -0.735294 0.128748 0.096704 0.024605
0.376707 -0.086786 -0.164988 2.126154 -0.360304 -0.770390 0.089837 -0.025750 -0.528916 -0.000954 0.243572 2.448882 -0.745975 0.118448 0.097086 0.024605
0.376707 -0.087167 -0.164988 2.126154 -0.360304 -0.770008 0.089837 -0.025750 -0.528916 -0.000572 0.243572 2.448882 -0.754749 0.109293 0.097848 0.024605
0.376707 -0.087167 -0.164988 2.126154 -0.360304 -0.770008 0.089837 -0.025750 -0.528916 -0.000572 0.243572 2.448882 -0.764668 0.099374 0.098230 0.024605
0.376707 -0.087167 -0.164988 2.126154 -0.360304 -0.770008 0.089837 -0.025750 -0.528916 -0.000572 0.243572 2.448882 -0.773823 0.090982 0.098230 0.024605
0.376707 -0.086786 -0.164988 2.126154 -0.360304 -0.770008 0.089837 -0.025750 -0.528916 -0.000572 0.243572 2.448882 -0.783360 0.082971 0.098230 0.024605
0.376707 -0.087167 -0.164988 2.126154 -0.360304 -0.770008 0.089837 -0.025750 -0.528916 -0.000572 0.243572 2.448882 -0.793660 0.076486 0.098611 0.024605
0.376707 -0.087167 -0.164988 2.126154 -0.360304 -0.770008 0.089837 -0.025750 -0.528916 -0.000954 0.243572 2.448882 -0.803578 0.072671 0.098230 0.024605
0.376707 -0.087167 -0.164988 2.126154 -0.360304 -0.770008 0.089837 -0.026131 -0.528916 -0.000572 0.243954 2.448882 -0.815404 0.068475 0.098230 0.024605
0.376707 -0.087167 -0.164988 2.126154 -0.360304 -0.770008 0.089837 -0.025750 -0.528916 -0.000572 0.243954 2.448882 -0.825322 0.064660 0.098993 0.024605
0.376707 -0.087167 -0.164988 2.126154 -0.360304 -0.770008 0.089837 -0.025750 -0.528916 -0.000572 0.243954 2.448882 -0.837148 0.058938 0.099756 0.024605
0.376707 -0.086786 -0.164988 2.126154 -0.360304 -0.770008 0.089837 -0.025750 -0.528916 -0.000572 0.243954 2.448882 -0.848592 0.053216 0.102426 0.024605
0.376707 -0.086786 -0.164988 2.126154 -0.360304 -0.770008 0.089837 -0.025750 -0.528916 -0.000572 0.243572 2.448882 -0.860418 0.047494 0.105859 0.024605
0.376707 -0.087167 -0.164988 2.126154 -0.360304 -0.770390 0.089837 -0.025750 -0.528916 -0.000572 0.243572 2.448882 -0.871099 0.041772 0.108911 0.024605
0.376707 -0.086786 -0.164988 2.126154 -0.360304 -0.770008 0.089837 -0.025750 -0.528916 -0.000572 0.243572 2.448882 -0.883688 0.035668 0.113107 0.024605
0.376707 -0.086786 -0.164988 2.126154 -0.360304 -0.770390 0.089837 -0.025750 -0.528916 -0.000572 0.243954 2.448882 -0.892462 0.031472 0.115778 0.024605
0.376707 -0.087167 -0.164988 2.126154 -0.360685 -0.770008 0.089837 -0.025750 -0.528916 -0.000954 0.243572 2.448882 -0.901236 0.028801 0.118830 0.024605
0.376707 -0.087167 -0.164988 2.126154 -0.360304 -0.770390 0.089837 -0.025750 -0.528916 -0.000572 0.243572 2.448882 -0.911536 0.026894 0.123026 0.024605
0.376707 -0.086786 -0.164988 2.126154 -0.360304 -0.770008 0.089837 -0.025750 -0.528916 -0.000572 0.243954 2.448882 -0.920310 0.026131 0.126078 0.024605
0.376707 -0.086786 -0.164988 2.126154 -0.360304 -0.770390 0.089837 -0.026131 -0.528916 -0.000572 0.243954 2.448882 -0.929847 0.025750 0.129892 0.024605
0.376707 -0.087167 -0.164988 2.126154 -0.360304 -0.770390 0.089837 -0.025750 -0.528534 -0.000572 0.243954 2.448882 -0.942435 0.025750 0.134089 0.024605
0.376707 -0.087167 -0.164988 2.126154 -0.360304 -0.770390 0.089837 -0.025750 -0.528534 -0.000572 0.243954 2.448882 -0.953880 0.025750 0.138285 0.024605
0.376707 -0.086786 -0.164988 2.126154 -0.360304 -0.770008 0.089837 -0.025750 -0.528534 -0.000572 0.243954 2.448882 -0.965705 0.025750 0.143244 0.024605
0.376707 -0.087167 -0.164988 2.126154 -0.360304 -0.770008 0.089837 -0.026131 -0.528534 -0.000572 0.243572 2.448882 -0.976387 0.025750 0.148585 0.024605
0.376707 -0.086786 -0.164988 2.126154 -0.360304 -0.770008 0.089837 -0.025750 -0.528916 -0.000572 0.243954 2.448501 -0.987068 0.026131 0.154688 0.024605
0.376707 -0.087167 -0.164988 2.126154 -0.360304 -0.770008 0.089837 -0.025750 -0.528916 -0.000572 0.243572 2.448501 -0.996605 0.026894 0.160029 0.024605
0.376707 -0.087167 -0.164988 2.126154 -0.360304 -0.770008 0.089837 -0.025750 -0.528916 -0.000572 0.243572 2.448501 -1.004997 0.027276 0.164988 0.024987
0.376707 -0.087167 -0.164988 2.126154 -0.360304 -0.770008 0.089837 -0.025750 -0.528916 -0.000572 0.243572 2.448119 -1.013008 0.027657 0.169566 0.024605
0.376707 -0.087167 -0.164988 2.126154 -0.360304 -0.770390 0.089837 -0.026131 -0.528916 -0.000572 0.243572 2.448119 -1.020256 0.027276 0.174144 0.024605
0.376707 -0.086786 -0.164988 2.126154 -0.360304 -0.770008 0.089837 -0.025750 -0.528916 -0.000572 0.243572 2.448119 -1.027886 0.027276 0.178721 0.024605
0.376707 -0.086786 -0.164988 2.126154 -0.360304 -0.770008 0.089837 -0.025750 -0.528916 -0.000572 0.243572 2.448119 -1.035134 0.027276 0.182918 0.024605
0.376707 -0.087167 -0.164988 2.126154 -0.360304 -0.770390 0.089837 -0.025750 -0.528916 -0.000572 0.243572 2.448119 -1.041619 0.027276 0.187114 0.024605
0.376707 -0.087167 -0.164988 2.126154 -0.360304 -0.770008 0.089837 -0.025750 -0.528916 -0.000572 0.243572 2.448119 -1.048104 0.027276 0.190929 0.024605
0.376707 -0.087167 -0.164988 2.126154 -0.360304 -0.770390 0.089837 -0.025750 -0.528916 -0.000572 0.243572 2.448119 -1.055352 0.027276 0.194743 0.024987
0.376707 -0.087167 -0.164988 2.126154 -0.360304 -0.770390 0.089837 -0.026131 -0.528916 -0.000572 0.243954 2.448119 -1.062982 0.027276 0.198558 0.024605
0.376707 -0.086786 -0.164988 2.126154 -0.360304 -0.770390 0.089837 -0.026131 -0.528916 -0.000572 0.243572 2.448119 -1.070611 0.027276 0.201991 0.024605
0.376707 -0.087167 -0.164988 2.126154 -0.360304 -0.770008 0.089837 -0.025750 -0.528916 -0.000572 0.243572 2.448119 -1.078622 0.027276 0.205425 0.024605
0.376707 -0.087167 -0.164988 2.126154 -0.360304 -0.770008 0.089837 -0.025750 -0.528916 -0.000572 0.243572 2.448119 -1.087396 0.027276 0.209621 0.024605
0.376707 -0.087167 -0.164988 2.126154 -0.360304 -0.770390 0.089837 -0.025750 -0.528916 -0.000572 0.243572 2.448119 -1.095026 0.027276 0.214199 0.024605
0.376707 -0.087167 -0.164988 2.126154 -0.360304 -0.770390 0.089837 -0.025750 -0.528916 -0.000572 0.243572 2.448119 -1.101511 0.027276 0.218395 0.024605
0.376707 -0.086786 -0.164988 2.126154 -0.360304 -0.770390 0.089837 -0.025750 -0.528916 -0.000572 0.243572 2.448119 -1.106470 0.027276 0.221828 0.024605
0.376707 -0.087167 -0.164988 2.126154 -0.360304 -0.770390 0.089837 -0.025750 -0.528916 -0.000572 0.243572 2.448119 -1.111429 0.027276 0.225261 0.024605
0.376707 -0.087167 -0.164988 2.126154 -0.360304 -0.770008 0.089837 -0.026131 -0.528916 -0.000572 0.243572 2.448119 -1.115625 0.027276 0.227550 0.024605
0.376707 -0.087167 -0.164988 2.126154 -0.360304 -0.770008 0.089837 -0.026131 -0.528916 -0.000572 0.243954 2.448119 -1.118677 0.027276 0.228695 0.024605
0.376707 -0.087167 -0.164988 2.126154 -0.360304 -0.770008 0.089837 -0.025750 -0.528916 -0.000572 0.243572 2.448119 -1.121729 0.027276 0.229076 0.024605
0.376707 -0.087167 -0.164988 2.126154 -0.360304 -0.770008 0.089837 -0.025750 -0.528916 -0.000572 0.243572 2.448119 -1.124018 0.027276 0.228313 0.024605
0.376707 -0.087167 -0.164988 2.126154 -0.360304 -0.770008 0.089837 -0.026131 -0.528916 -0.000954 0.243954 2.448119 -1.125925 0.027657 0.228313 0.024605
0.376707 -0.086786 -0.164988 2.126154 -0.360304 -0.770008 0.089837 -0.025750 -0.528916 -0.000572 0.243954 2.448119 -1.126307 0.027657 0.227932 0.024605
0.376707 -0.086786 -0.164988 2.126154 -0.360304 -0.770008 0.089837 -0.025750 -0.528916 -0.000572 0.243954 2.448119 -1.125925 0.027276 0.227932 0.024605
0.376707 -0.087167 -0.164988 2.126154 -0.360304 -0.770390 0.089837 -0.025750 -0.528916 -0.000572 0.243954 2.448119 -1.125544 0.027657 0.227932 0.024605
0.376707 -0.086786 -0.164988 2.126154 -0.360304 -0.770390 0.089837 -0.025750 -0.528916 -0.000572 0.243954 2.448119 -1.125544 0.027657 0.227550 0.024605
0.376707 -0.087167 -0.164988 2.126154 -0.360304 -0.770008 0.089837 -0.025750 -0.528916 -0.000572 0.243954 2.448119 -1.125544 0.027276 0.226787 0.024605
0.376707 -0.087167 -0.164988 2.126154 -0.360304 -0.770008 0.089837 -0.025750 -0.529297 -0.000572 0.243954 2.448119 -1.125544 0.027276 0.225643 0.024605
0.376707 -0.087167 -0.164988 2.126154 -0.360304 -0.770008 0.089837 -0.025750 -0.529297 -0.000572 0.243954 2.448119 -1.125544 0.027276 0.224117 0.024605
0.376707 -0.087167 -0.164988 2.126154 -0.360304 -0.770008 0.089837 -0.025750 -0.529297 -0.000572 0.243954 2.448119 -1.125544 0.027276 0.222972 0.024605
0.376707 -0.087167 -0.164988 2.126154 -0.360304 -0.770390 0.089837 -0.025750 -0.529297 -0.000954 0.243954 2.448119 -1.125544 0.027657 0.220684 0.024605
0.376707 -0.087167 -0.164988 2.126154 -0.360304 -0.770008 0.089837 -0.026131 -0.529297 -0.000954 0.243954 2.448119 -1.125544 0.027276 0.218013 0.024605
0.376707 -0.087167 -0.164988 2.126154 -0.360304 -0.770008 0.089456 -0.025750 -0.529297 -0.000572 0.243954 2.448119 -1.125544 0.027276 0.215343 0.024605
0.376707 -0.087167 -0.164988 2.126154 -0.360304 -0.770008 0.089837 -0.025750 -0.529297 -0.000954 0.243954 2.448119 -1.125162 0.027657 0.213436 0.024605
0.376707 -0.087167 -0.164988 2.126154 -0.360304 -0.770008 0.089837 -0.025750 -0.529297 -0.000572 0.243954 2.448119 -1.125162 0.027276 0.212291 0.024605
0.376707 -0.087167 -0.164988 2.126154 -0.360304 -0.770008 0.089837 -0.025750 -0.529297 -0.000572 0.243954 2.448119 -1.125162 0.027276 0.211528 0.024605
0.376707 -0.086786 -0.164988 2.126154 -0.360304 -0.770008 0.089837 -0.025750 -0.529297 -0.000572 0.243954 2.448119 -1.125162 0.027276 0.210765 0.024605
0.376707 -0.087167 -0.164988 2.126154 -0.360304 -0.770008 0.089837 -0.026131 -0.529297 -0.000572 0.243954 2.448119 -1.125162 0.027276 0.208858 0.024605
0.376707 -0.086786 -0.164988 2.126154 -0.360304 -0.770390 0.089837 -0.025750 -0.529297 -0.000572 0.243954 2.448119 -1.125162 0.027276 0.208095 0.024605
0.376707 -0.087167 -0.164988 2.126154 -0.360304 -0.770008 0.089837 -0.025750 -0.529297 -0.000572 0.243954 2.448119 -1.125162 0.027276 0.208476 0.024605
0.376707 -0.087167 -0.164988 2.126154 -0.360304 -0.770390 0.089837 -0.025750 -0.528916 -0.000572 0.243954 2.448119 -1.125162 0.027276 0.208476 0.024605
0.376707 -0.087167 -0.164988 2.126154 -0.360304 -0.770008 0.089837 -0.025750 -0.528916 -0.000954 0.243954 2.448119 -1.125162 0.027276 0.208476 0.024605
0.376707 -0.087167 -0.164988 2.126154 -0.360304 -0.770008 0.089837 -0.025750 -0.528916 -0.000572 0.243954 2.448119 -1.125162 0.027276 0.208858 0.024605
0.376707 -0.087167 -0.164988 2.126154 -0.360304 -0.770390 0.089837 -0.025750 -0.529297 -0.000572 0.243954 2.448119 -1.125162 0.027276 0.208858 0.024605
0.376707 -0.087167 -0.164988 2.126154 -0.360304 -0.770008 0.089837 -0.025750 -0.528916 -0.000572 0.243954 2.448119 -1.125162 0.027276 0.208858 0.024605
0.376707 -0.087167 -0.164988 2.126154 -0.360304 -0.770008 0.089837 -0.025750 -0.528916 -0.000572 0.243954 2.448119 -1.125162 0.027276 0.208858 0.024605
0.376707 -0.087167 -0.164988 2.126154 -0.360304 -0.770008 0.089837 -0.026131 -0.529297 -0.000572 0.243954 2.448119 -1.125162 0.027276 0.208858 0.024605
0.376707 -0.087167 -0.164988 2.126154 -0.360304 -0.770008 0.089837 -0.025750 -0.529297 -0.000572 0.243954 2.448119 -1.125162 0.027276 0.208858 0.024987
0.376707 -0.087167 -0.164988 2.126154 -0.360304 -0.770008 0.089837 -0.025750 -0.528916 -0.000572 0.243954 2.448119 -1.125162 0.027657 0.208476 0.024605
0.376707 -0.087167 -0.164988 2.126154 -0.360304 -0.770008 0.089837 -0.025750 -0.529297 -0.000572 0.243954 2.448119 -1.125162 0.027657 0.208858 0.024605
0.376707 -0.087167 -0.164988 2.126154 -0.360304 -0.770008 0.089837 -0.026131 -0.528916 -0.000572 0.243954 2.448119 -1.125162 0.027657 0.208858 0.024605
0.376707 -0.087167 -0.164988 2.126154 -0.360304 -0.770008 0.089837 -0.025750 -0.529297 -0.000572 0.243954 2.448119 -1.125162 0.027276 0.208858 0.024605
0.376707 -0.087167 -0.164988 2.126154 -0.360304 -0.770008 0.089837 -0.025750 -0.529297 -0.000572 0.243954 2.448119 -1.125162 0.027276 0.208858 0.024605
0.376707 -0.087167 -0.164988 2.126154 -0.360304 -0.770008 0.089456 -0.025750 -0.528916 -0.000572 0.243954 2.448119 -1.125162 0.027657 0.208858 0.024605
0.376707 -0.087167 -0.164988 2.126154 -0.360304 -0.770008 0.089837 -0.025750 -0.528916 -0.000572 0.243954 2.448119 -1.125162 0.027276 0.208858 0.024605
0.376707 -0.087167 -0.164988 2.126154 -0.360304 -0.770008 0.089837 -0.026131 -0.528916 -0.000572 0.243954 2.448119 -1.125162 0.027657 0.208476 0.024605
0.376707 -0.087167 -0.164988 2.126154 -0.360304 -0.770008 0.089837 -0.025750 -0.528916 -0.000954 0.243954 2.448119 -1.125162 0.027657 0.208476 0.024605
0.376707 -0.087167 -0.164988 2.126154 -0.360304 -0.770008 0.089837 -0.025750 -0.528916 -0.000572 0.243954 2.448119 -1.125162 0.027276 0.208476 0.024605
0.376707 -0.087167 -0.164988 2.126154 -0.360304 -0.770008 0.089837 -0.025750 -0.528916 -0.000572 0.243954 2.448119 -1.125162 0.027657 0.208095 0.024987
0.376707 -0.087167 -0.164988 2.126154 -0.360304 -0.770008 0.089837 -0.025750 -0.529297 -0.000572 0.243954 2.448119 -1.125162 0.027657 0.208095 0.024605
0.376707 -0.087167 -0.164988 2.126154 -0.360304 -0.770008 0.089837 -0.025750 -0.528916 -0.000954 0.243954 2.448119 -1.125162 0.027657 0.208095 0.024605
0.376707 -0.087167 -0.164988 2.126154 -0.360304 -0.770008 0.089837 -0.025750 -0.529297 -0.000572 0.243954 2.448119 -1.125162 0.027657 0.208095 0.024605
0.376707 -0.087167 -0.164988 2.126154 -0.360304 -0.770008 0.089837 -0.025750 -0.529297 -0.000572 0.243954 2.448119 -1.125162 0.027276 0.208476 0.024605
0.376707 -0.087167 -0.164988 2.126154 -0.360304 -0.770390 0.089837 -0.025750 -0.528916 -0.000572 0.243954 2.448119 -1.125162 0.027657 0.208858 0.024605
0.376707 -0.087167 -0.164988 2.126154 -0.360304 -0.770008 0.089837 -0.025750 -0.528916 -0.000572 0.243954 2.448119 -1.125162 0.027657 0.208858 0.024605
0.376707 -0.087167 -0.164988 2.126154 -0.360304 -0.770008 0.089837 -0.025750 -0.528916 -0.000572 0.243954 2.448119 -1.125162 0.027657 0.208858 0.024605
0.376707 -0.087167 -0.164988 2.126154 -0.360304 -0.770008 0.089837 -0.025750 -0.528916 -0.000572 0.243954 2.448119 -1.125162 0.027276 0.209239 0.024605
0.376707 -0.087167 -0.164988 2.126154 -0.360304 -0.770008 0.089837 -0.025750 -0.528916 -0.000572 0.243954 2.448119 -1.125162 0.027276 0.208858 0.024605
0.376707 -0.087167 -0.164988 2.126154 -0.360304 -0.770390 0.089837 -0.025750 -0.528916 -0.000954 0.243954 2.448119 -1.125162 0.027657 0.208858 0.024605
0.376707 -0.087167 -0.164988 2.126154 -0.360304 -0.770008 0.089837 -0.025750 -0.529297 -0.000572 0.243954 2.448119 -1.124781 0.027276 0.207713 0.024987
0.376707 -0.087167 -0.164988 2.126154 -0.360304 -0.770008 0.089837 -0.025750 -0.529297 -0.000954 0.243954 2.448119 -1.124781 0.027657 0.206569 0.024605
0.376707 -0.087167 -0.164988 2.126154 -0.360304 -0.770008 0.089837 -0.025750 -0.528916 -0.000954 0.243954 2.448119 -1.125162 0.027276 0.205043 0.024605
0.376707 -0.087167 -0.164988 2.126154 -0.360304 -0.770008 0.089837 -0.025750 -0.529297 -0.000572 0.243954 2.448119 -1.124781 0.027657 0.204662 0.024605
0.376707 -0.087167 -0.164988 2.126154 -0.360304 -0.770390 0.089837 -0.025750 -0.529297 -0.000572 0.243954 2.448119 -1.125162 0.027657 0.204662 0.024605
0.376707 -0.087167 -0.164988 2.126154 -0.360304 -0.770008 0.089837 -0.026131 -0.529297 -0.000572 0.243954 2.448119 -1.125162 0.027657 0.204662 0.024605
0.376707 -0.087167 -0.164988 2.126154 -0.360304 -0.770008 0.089837 -0.025750 -0.529297 -0.000572 0.243954 2.448119 -1.125162 0.027657 0.204662 0.024987
0.376707 -0.087167 -0.164988 2.126154 -0.360304 -0.770008 0.089837 -0.025750 -0.529297 -0.000572 0.243954 2.448119 -1.125162 0.027657 0.204662 0.024605
0.376707 -0.087167 -0.164988 2.126154 -0.360304 -0.770008 0.089837 -0.025750 -0.529297 -0.000572 0.243954 2.448119 -1.124781 0.027657 0.205043 0.024605
0.376707 -0.087167 -0.164988 2.126154 -0.360304 -0.770008 0.089456 -0.025750 -0.528916 -0.000572 0.243954 2.448119 -1.125162 0.027657 0.205425 0.024987
0.376707 -0.087167 -0.164988 2.126154 -0.360304 -0.770008 0.089837 -0.025750 -0.528916 -0.000572 0.243954 2.448119 -1.125162 0.027657 0.205806 0.024987
0.376707 -0.087167 -0.164988 2.126154 -0.360304 -0.770008 0.089837 -0.026131 -0.528916 -0.000572 0.243954 2.448119 -1.125162 0.027657 0.205806 0.024605
0.376707 -0.087167 -0.164988 2.126154 -0.360304 -0.770390 0.089837 -0.025750 -0.528916 -0.000572 0.243954 2.448119 -1.124781 0.027657 0.205806 0.024605
0.376707 -0.087167 -0.164988 2.126154 -0.360304 -0.770008 0.089456 -0.025750 -0.528916 -0.000954 0.243954 2.448119 -1.125162 0.027657 0.205806 0.024605
0.376707 -0.087167 -0.164988 2.126154 -0.360304 -0.770008 0.089837 -0.025750 -0.528916 -0.000954 0.243954 2.448119 -1.124781 0.027657 0.205806 0.024605
0.376707 -0.087167 -0.164988 2.126154 -0.360304 -0.770008 0.089837 -0.025750 -0.529297 -0.000572 0.243954 2.448119 -1.125162 0.027657 0.205806 0.024605
0.376707 -0.087167 -0.164988 2.126154 -0.360304 -0.770008 0.089837 -0.025750 -0.529297 -0.000572 0.243954 2.448119 -1.124781 0.027657 0.205425 0.024605
0.376707 -0.087167 -0.164988 2.126154 -0.360304 -0.770390 0.089837 -0.025750 -0.529297 -0.000572 0.243954 2.448119 -1.124781 0.027657 0.205425 0.024605
0.376707 -0.087167 -0.164988 2.126154 -0.360304 -0.770008 0.089837 -0.025750 -0.529297 -0.000954 0.243954 2.448119 -1.124781 0.027657 0.205425 0.024605
0.376707 -0.086786 -0.164988 2.126154 -0.360304 -0.770008 0.089837 -0.025750 -0.529297 -0.000572 0.243954 2.448119 -1.124781 0.027657 0.205425 0.024605
0.376707 -0.087167 -0.164988 2.126154 -0.360304 -0.770008 0.089837 -0.025750 -0.528916 -0.000572 0.243954 2.448119 -1.124399 0.027657 0.205425 0.024605
0.376707 -0.087167 -0.164988 2.126154 -0.360304 -0.770390 0.089456 -0.025750 -0.528916 -0.000572 0.243954 2.448119 -1.124018 0.027657 0.205806 0.024605
0.376707 -0.087167 -0.164988 2.126154 -0.360304 -0.770008 0.089837 -0.025750 -0.528916 -0.000572 0.243954 2.448119 -1.122110 0.028038 0.205806 0.024605
0.376707 -0.087167 -0.164988 2.126154 -0.360304 -0.770008 0.089837 -0.026131 -0.528916 -0.000954 0.243954 2.448119 -1.117151 0.028801 0.205806 0.024605
0.376707 -0.087167 -0.164988 2.126154 -0.360304 -0.770008 0.089837 -0.025750 -0.528916 -0.000954 0.243954 2.448119 -1.109522 0.031090 0.205806 0.024605
0.376707 -0.087167 -0.164988 2.126154 -0.360304 -0.770008 0.089837 -0.026131 -0.528916 -0.000954 0.243954 2.448119 -1.102274 0.032616 0.205806 0.024605
0.376707 -0.087167 -0.164988 2.126154 -0.360304 -0.770390 0.089837 -0.025750 -0.529297 -0.000572 0.243954 2.448119 -1.097696 0.034142 0.206188 0.024605
0.376707 -0.087167 -0.164988 2.126154 -0.360304 -0.770008 0.089837 -0.025750 -0.529297 -0.000572 0.243954 2.448119 -1.094644 0.034524 0.206950 0.024605
0.376707 -0.087167 -0.164988 2.126154 -0.360304 -0.770008 0.089837 -0.025750 -0.529297 -0.000572 0.243954 2.448119 -1.092355 0.034524 0.206950 0.024605
0.376707 -0.087167 -0.164988 2.126154 -0.360304 -0.770008 0.089837 -0.025750 -0.529297 -0.000572 0.243954 2.448119 -1.088922 0.034524 0.206950 0.024605
0.376707 -0.087167 -0.164988 2.126154 -0.360304 -0.770008 0.089837 -0.025750 -0.528916 -0.000572 0.243954 2.448119 -1.085489 0.034524 0.207332 0.024605
0.376707 -0.087167 -0.164988 2.126154 -0.360304 -0.770008 0.089837 -0.026131 -0.528916 -0.000572 0.243954 2.448119 -1.082437 0.034905 0.208095 0.024605
0.376707 -0.087167 -0.164988 2.126154 -0.360304 -0.770008 0.089837 -0.025750 -0.528916 -0.000572 0.243954 2.448119 -1.082055 0.035286 0.210384 0.024605
0.376707 -0.086786 -0.164988 2.126154 -0.360304 -0.770008 0.089837 -0.025750 -0.528916 -0.000572 0.243954 2.448119 -1.082437 0.035668 0.213436 0.024605
0.376707 -0.087167 -0.164988 2.126154 -0.360304 -0.770008 0.089837 -0.025750 -0.529297 -0.000572 0.243954 2.448119 -1.083963 0.037957 0.217632 0.024605
0.376707 -0.087167 -0.164988 2.126154 -0.360304 -0.770008 0.089837 -0.026131 -0.529297 -0.000572 0.243954 2.448119 -1.084344 0.041390 0.221828 0.024605
0.376707 -0.087167 -0.164988 2.126154 -0.360304 -0.770390 0.089837 -0.025750 -0.529297 -0.000572 0.243954 2.448119 -1.084726 0.046731 0.225643 0.024605
0.376707 -0.087167 -0.164988 2.126154 -0.360304 -0.770008 0.089837 -0.025750 -0.529297 -0.000572 0.243954 2.448119 -1.084726 0.054360 0.228695 0.024605
0.376707 -0.087167 -0.164988 2.126154 -0.360304 -0.770008 0.089837 -0.025750 -0.529297 -0.000572 0.243954 2.448119 -1.087015 0.062371 0.231746 0.024605
0.376707 -0.087167 -0.164988 2.126154 -0.360304 -0.770390 0.089837 -0.025750 -0.529297 -0.000572 0.243954 2.448119 -1.090448 0.069619 0.234798 0.024605
0.376707 -0.087167 -0.164988 2.126154 -0.360304 -0.770008 0.089837 -0.025750 -0.528916 -0.000572 0.243954 2.448119 -1.095026 0.077249 0.238231 0.024605
0.376707 -0.087167 -0.164988 2.126154 -0.360304 -0.770008 0.089837 -0.025750 -0.528916 -0.000572 0.243954 2.448119 -1.100748 0.086023 0.242046 0.024605
0.376707 -0.087167 -0.164988 2.126154 -0.360304 -0.770008 0.089837 -0.025750 -0.528916 -0.000572 0.243954 2.448119 -1.106088 0.092508 0.244717 0.024987
0.376707 -0.087167 -0.164988 2.126154 -0.360304 -0.770008 0.089837 -0.025750 -0.528916 -0.000572 0.243954 2.448119 -1.111429 0.098611 0.246624 0.024605
0.376707 -0.087167 -0.164988 2.126154 -0.360304 -0.770008 0.089837 -0.025750 -0.529297 -0.000572 0.243954 2.447356 -1.116007 0.104334 0.248150 0.024605
0.376707 -0.087167 -0.164988 2.126154 -0.360304 -0.770008 0.089837 -0.025750 -0.529297 -0.000572 0.243954 2.446593 -1.120584 0.109293 0.249676 0.024605
0.376707 -0.087167 -0.164988 2.126154 -0.360304 -0.770390 0.089837 -0.025750 -0.529297 -0.000572 0.243954 2.445830 -1.124781 0.114633 0.251583 0.024605
0.376707 -0.087167 -0.164988 2.126154 -0.360304 -0.770008 0.089837 -0.025750 -0.529297 -0.000572 0.243572 2.444305 -1.128977 0.119593 0.253109 0.024605
0.376707 -0.087167 -0.164988 2.126154 -0.360304 -0.770390 0.089837 -0.025750 -0.529297 -0.000572 0.243572 2.442016 -1.133555 0.124170 0.255398 0.024605
0.376707 -0.087167 -0.164988 2.126154 -0.360304 -0.770008 0.089837 -0.025750 -0.529297 -0.000572 0.243572 2.439727 -1.138132 0.125315 0.259594 0.024605
0.376707 -0.087167 -0.164988 2.126154 -0.360304 -0.770390 0.089456 -0.025750 -0.528916 -0.000572 0.243572 2.437438 -1.142329 0.124933 0.265698 0.024605
0.376707 -0.087167 -0.164988 2.126154 -0.360304 -0.770008 0.089456 -0.025750 -0.528916 -0.000572 0.243572 2.434768 -1.146143 0.124170 0.271420 0.024605
0.376707 -0.087167 -0.164988 2.126154 -0.360304 -0.770008 0.089456 -0.025750 -0.528916 -0.000572 0.243572 2.431334 -1.150340 0.122263 0.277142 0.024605
0.376707 -0.087167 -0.164988 2.126154 -0.360304 -0.770390 0.089837 -0.025750 -0.528916 -0.000572 0.243572 2.428664 -1.154154 0.119211 0.282483 0.024987
0.376707 -0.087167 -0.164988 2.126154 -0.360304 -0.770008 0.089837 -0.026131 -0.528916 -0.000572 0.243572 2.425612 -1.157588 0.115015 0.287060 0.024987
0.376707 -0.087167 -0.164988 2.126154 -0.360304 -0.770008 0.089837 -0.025750 -0.528916 -0.000572 0.243572 2.422942 -1.161402 0.108911 0.290875 0.024605
0.376707 -0.087167 -0.164988 2.126154 -0.360304 -0.770008 0.089837 -0.025750 -0.528916 -0.000572 0.243572 2.419509 -1.165599 0.101663 0.295453 0.024605
0.376707 -0.087167 -0.164988 2.126154 -0.360304 -0.770008 0.089837 -0.025750 -0.528916 -0.000572 0.243572 2.416457 -1.169413 0.094797 0.299268 0.024605
0.376707 -0.087167 -0.164988 2.126154 -0.360304 -0.770008 0.089456 -0.025750 -0.528916 -0.000954 0.243572 2.413405 -1.172465 0.087930 0.303082 0.024605
0.376707 -0.087167 -0.164988 2.126154 -0.360304 -0.770008 0.089456 -0.025750 -0.528916 -0.000572 0.243191 2.409972 -1.175898 0.079919 0.306897 0.024605
0.376707 -0.087167 -0.164988 2.126154 -0.360304 -0.770008 0.089837 -0.025750 -0.528916 -0.000572 0.242809 2.407301 -1.178950 0.073053 0.309949 0.024605
0.376707 -0.087167 -0.164988 2.126154 -0.360304 -0.770008 0.089837 -0.025750 -0.528916 -0.000572 0.242809 2.405013 -1.182002 0.065805 0.313382 0.024605
0.376707 -0.087167 -0.164988 2.126154 -0.360304 -0.770008 0.089837 -0.025750 -0.528916 -0.000572 0.242809 2.402342 -1.186198 0.055886 0.316052 0.024605
0.376707 -0.087167 -0.164988 2.126154 -0.360304 -0.770390 0.089837 -0.025750 -0.528534 -0.000572 0.242809 2.399672 -1.189250 0.045205 0.319104 0.024605
0.376707 -0.087167 -0.164988 2.126154 -0.360304 -0.770008 0.089456 -0.025750 -0.528916 -0.000572 0.242809 2.397002 -1.190394 0.032616 0.322538 0.024605
0.376707 -0.087167 -0.164988 2.126154 -0.360304 -0.770008 0.089837 -0.025750 -0.528916 -0.000572 0.242809 2.393950 -1.190776 0.019646 0.325971 0.024605
0.376707 -0.087167 -0.164988 2.126154 -0.360304 -0.770008 0.089456 -0.025750 -0.528916 -0.000954 0.242809 2.390898 -1.191920 0.006294 0.329404 0.024605
0.376707 -0.086786 -0.164988 2.126154 -0.360304 -0.770008 0.089837 -0.025750 -0.528916 -0.000572 0.242428 2.388228 -1.192683 -0.005531 0.332074 0.024605
0.376707 -0.087167 -0.164988 2.126154 -0.360304 -0.770390 0.089837 -0.026131 -0.528916 -0.000572 0.242428 2.384794 -1.192683 -0.020790 0.333982 0.024605
0.376707 -0.086786 -0.164988 2.126154 -0.360304 -0.770390 0.089837 -0.025750 -0.528916 -0.000572 0.242428 2.381743 -1.192683 -0.033379 0.335889 0.024605
0.376707 -0.087167 -0.164988 2.126154 -0.360304 -0.770008 0.089456 -0.025750 -0.528916 -0.000572 0.242428 2.378309 -1.192683 -0.045968 0.338178 0.024605
0.376707 -0.087167 -0.164988 2.126154 -0.360304 -0.770390 0.089837 -0.025750 -0.528534 -0.000572 0.242428 2.374495 -1.192683 -0.058938 0.340085 0.024605
0.376707 -0.087167 -0.164988 2.126154 -0.360304 -0.770008 0.089837 -0.025750 -0.528534 -0.000572 0.242046 2.371824 -1.192683 -0.070764 0.340848 0.024605
0.376707 -0.087167 -0.164988 2.126154 -0.360304 -0.770008 0.089837 -0.025750 -0.528534 -0.000572 0.241665 2.368009 -1.193065 -0.083734 0.340848 0.024605
0.376707 -0.087167 -0.164988 2.126154 -0.360304 -0.770008 0.089837 -0.025750 -0.528534 -0.000572 0.241665 2.364576 -1.192683 -0.093652 0.341611 0.024605
0.376707 -0.086786 -0.164988 2.126154 -0.360304 -0.770008 0.089837 -0.026131 -0.528916 -0.000572 0.241283 2.361143 -1.192683 -0.102808 0.343137 0.024605
0.376707 -0.086786 -0.164988 2.126154 -0.360304 -0.770008 0.089837 -0.025750 -0.528534 -0.000572 0.240520 2.357710 -1.192683 -0.111200 0.345045 0.024605
0.376707 -0.087167 -0.164988 2.126154 -0.360304 -0.770390 0.089837 -0.025750 -0.528534 -0.000954 0.240139 2.354276 -1.193065 -0.120737 0.345426 0.024987
0.376707 -0.087167 -0.164988 2.126154 -0.360304 -0.770390 0.089837 -0.025750 -0.528534 -0.000572 0.239757 2.350843 -1.193065 -0.130655 0.345426 0.024605
0.376707 -0.087167 -0.164988 2.126154 -0.360304 -0.770390 0.089837 -0.025750 -0.528916 -0.000572 0.239757 2.347028 -1.193446 -0.140192 0.345426 0.024605
0.376707 -0.087167 -0.164988 2.126154 -0.360304 -0.770008 0.089837 -0.025750 -0.528534 -0.000954 0.239376 2.342832 -1.194209 -0.149348 0.348096 0.024987
0.376707 -0.086786 -0.164988 2.126154 -0.360304 -0.770008 0.089837 -0.025750 -0.528534 -0.000572 0.238994 2.339399 -1.195735 -0.155833 0.349241 0.024605
0.376707 -0.087167 -0.164988 2.126154 -0.360304 -0.770008 0.089837 -0.025750 -0.528534 -0.000572 0.238231 2.335966 -1.198024 -0.161555 0.349622 0.024605
0.376707 -0.086786 -0.164988 2.126154 -0.360304 -0.770008 0.089837 -0.025750 -0.528534 -0.000572 0.237087 2.332151 -1.202983 -0.166896 0.349622 0.024605
0.376707 -0.087167 -0.164988 2.126154 -0.360304 -0.770008 0.089837 -0.025750 -0.528534 -0.000572 0.236324 2.328336 -1.209087 -0.172999 0.349622 0.024605
0.376707 -0.087167 -0.164988 2.126154 -0.360304 -0.770008 0.089837 -0.025750 -0.528534 -0.000572 0.235180 2.324903 -1.215190 -0.179484 0.350004 0.024605
0.376707 -0.087167 -0.164988 2.126154 -0.360304 -0.770390 0.089837 -0.025750 -0.528534 -0.000572 0.234417 2.321851 -1.220150 -0.185206 0.350004 0.024605
0.376707 -0.086786 -0.164988 2.126154 -0.360304 -0.770008 0.089837 -0.025750 -0.528534 -0.000954 0.232509 2.318036 -1.227779 -0.192454 0.350004 0.024605
0.376707 -0.087167 -0.164988 2.126154 -0.360304 -0.770390 0.089837 -0.025750 -0.528534 -0.000954 0.230602 2.313840 -1.236553 -0.199702 0.350767 0.024605
0.376707 -0.087167 -0.164988 2.126154 -0.360304 -0.770390 0.089837 -0.025750 -0.528534 -0.000572 0.228695 2.309262 -1.244945 -0.208476 0.351911 0.024605
0.376707 -0.087167 -0.164988 2.126154 -0.360304 -0.770008 0.089837 -0.025750 -0.528534 -0.000572 0.226787 2.305066 -1.251049 -0.218013 0.352674 0.024605
0.376707 -0.087167 -0.164988 2.126154 -0.360304 -0.770008 0.089837 -0.025750 -0.528534 -0.000572 0.224880 2.300107 -1.257153 -0.230220 0.354582 0.024605
0.376707 -0.087167 -0.164988 2.126154 -0.360304 -0.770008 0.089837 -0.025750 -0.528534 -0.000572 0.222972 2.295148 -1.262493 -0.242046 0.356107 0.024605
0.376707 -0.087167 -0.164988 2.126154 -0.360304 -0.770008 0.089837 -0.025750 -0.528534 -0.000572 0.220684 2.290188 -1.267453 -0.255398 0.356870 0.024605
0.376707 -0.086786 -0.164988 2.126154 -0.360304 -0.770008 0.089456 -0.025750 -0.528534 -0.000572 0.218776 2.284848 -1.272412 -0.269894 0.358778 0.024605
0.376707 -0.087167 -0.164988 2.126154 -0.360304 -0.770008 0.089837 -0.026131 -0.528153 -0.000572 0.215724 2.278363 -1.278134 -0.285534 0.361067 0.024605
0.376707 -0.087167 -0.164988 2.126154 -0.360304 -0.770008 0.089837 -0.025750 -0.528153 -0.000572 0.213054 2.273022 -1.284619 -0.299649 0.364118 0.024605
0.376707 -0.087167 -0.164988 2.126154 -0.360304 -0.770390 0.089837 -0.025750 -0.527390 -0.000572 0.210765 2.267681 -1.291104 -0.314527 0.366407 0.024605
0.376707 -0.087167 -0.164988 2.126154 -0.360304 -0.770390 0.089837 -0.025750 -0.526246 -0.000572 0.208095 2.261578 -1.299115 -0.329404 0.367552 0.024605
0.376707 -0.087167 -0.164988 2.126154 -0.360304 -0.770390 0.089837 -0.025750 -0.526246 -0.000572 0.205425 2.256619 -1.306744 -0.341230 0.367933 0.024605
0.376707 -0.087167 -0.164988 2.126154 -0.360304 -0.770390 0.089837 -0.025750 -0.525864 -0.000954 0.201991 2.250515 -1.316281 -0.353056 0.367933 0.024605
0.376707 -0.086786 -0.164988 2.126154 -0.360304 -0.770008 0.089456 -0.025750 -0.525483 -0.000572 0.198939 2.245556 -1.323529 -0.362593 0.367552 0.024605
0.376707 -0.086786 -0.164988 2.126154 -0.360304 -0.770390 0.089456 -0.025750 -0.525483 -0.000572 0.195506 2.240978 -1.329633 -0.372129 0.367552 0.024605
0.376707 -0.087167 -0.164988 2.126154 -0.360304 -0.770008 0.089837 -0.025750 -0.525483 -0.000572 0.192454 2.237545 -1.335355 -0.380522 0.367552 0.024605
0.376707 -0.087167 -0.164988 2.126154 -0.360304 -0.770008 0.089837 -0.025750 -0.525483 -0.000572 0.189403 2.234493 -1.340696 -0.387770 0.367552 0.024605
0.376707 -0.087167 -0.164988 2.126154 -0.360304 -0.770008 0.089837 -0.025750 -0.525483 -0.000954 0.186732 2.231060 -1.346799 -0.393874 0.367170 0.024605
0.376707 -0.087167 -0.164988 2.126154 -0.360304 -0.770008 0.089456 -0.025750 -0.525864 -0.000572 0.183680 2.228389 -1.352140 -0.397688 0.367170 0.024605
0.376707 -0.087167 -0.164988 2.126154 -0.360304 -0.770008 0.089456 -0.025750 -0.525864 -0.000954 0.181010 2.225719 -1.357099 -0.400359 0.367170 0.024987
0.376707 -0.087167 -0.164988 2.126154 -0.360304 -0.770008 0.089456 -0.025750 -0.525864 -0.000954 0.177958 2.223812 -1.362440 -0.402266 0.366789 0.024605
0.376707 -0.087167 -0.164988 2.126154 -0.360304 -0.770390 0.089837 -0.025750 -0.525864 -0.000954 0.175288 2.221904 -1.367781 -0.403029 0.366789 0.024605
0.376707 -0.087167 -0.164988 2.126154 -0.360304 -0.770008 0.089837 -0.025750 -0.525864 -0.000954 0.172618 2.219997 -1.373121 -0.403029 0.366789 0.024605
0.376707 -0.087167 -0.164988 2.126154 -0.360304 -0.770008 0.089837 -0.025750 -0.525864 -0.000954 0.169947 2.218090 -1.376555 -0.403029 0.366789 0.024605
0.376707 -0.087167 -0.164988 2.126154 -0.360304 -0.770008 0.089837 -0.025750 -0.525483 -0.000954 0.167277 2.216945 -1.378462 -0.403410 0.366789 0.024605
0.376707 -0.087167 -0.164988 2.126154 -0.360304 -0.770008 0.089456 -0.025750 -0.525483 -0.000954 0.163844 2.215801 -1.380369 -0.403029 0.366789 0.024605
0.376707 -0.087167 -0.164988 2.126154 -0.360304 -0.770390 0.089456 -0.025750 -0.525483 -0.000954 0.161555 2.215038 -1.380369 -0.403029 0.366407 0.024605
0.376707 -0.087167 -0.164988 2.126154 -0.360304 -0.770008 0.089837 -0.025750 -0.525483 -0.000954 0.159266 2.214656 -1.379988 -0.403029 0.366407 0.024605
0.376707 -0.087167 -0.164988 2.126154 -0.360304 -0.770008 0.089837 -0.025750 -0.525483 -0.000954 0.156977 2.214275 -1.379606 -0.403029 0.366407 0.024605
0.376707 -0.087167 -0.164988 2.126154 -0.360304 -0.770008 0.089456 -0.025750 -0.525864 -0.000954 0.155070 2.214275 -1.379606 -0.403029 0.366026 0.024605
0.376707 -0.087167 -0.164988 2.126154 -0.360304 -0.770390 0.089837 -0.025750 -0.525864 -0.000572 0.153162 2.214275 -1.379988 -0.403029 0.366026 0.024987
0.376707 -0.087167 -0.164988 2.126154 -0.360304 -0.770008 0.089837 -0.025750 -0.525483 -0.000572 0.151255 2.214275 -1.380369 -0.403792 0.366026 0.024605
0.376707 -0.087167 -0.164988 2.126154 -0.360304 -0.770008 0.089456 -0.025750 -0.525483 -0.000572 0.150111 2.214275 -1.380751 -0.405699 0.366026 0.024605
0.376707 -0.087167 -0.164988 2.126154 -0.360304 -0.770008 0.089456 -0.025750 -0.525101 -0.000954 0.149348 2.214275 -1.382277 -0.410658 0.366026 0.024605
0.376707 -0.086786 -0.164988 2.126154 -0.360304 -0.770008 0.089456 -0.025750 -0.524338 -0.000954 0.148585 2.214275 -1.384565 -0.416381 0.366026 0.024605
0.376707 -0.087167 -0.164988 2.126154 -0.360304 -0.770008 0.089837 -0.025750 -0.522812 -0.000572 0.147440 2.214275 -1.386854 -0.422484 0.366026 0.024605
0.376707 -0.087167 -0.164988 2.126154 -0.360304 -0.770008 0.089837 -0.025750 -0.522812 -0.000954 0.146677 2.214275 -1.389143 -0.428969 0.366026 0.024605
0.376707 -0.087167 -0.164988 2.126154 -0.360304 -0.770390 0.089456 -0.025750 -0.521286 -0.000954 0.145533 2.214275 -1.392195 -0.435073 0.365644 0.024605
0.376707 -0.087167 -0.164988 2.126154 -0.360304 -0.770008 0.089456 -0.025750 -0.519379 -0.000954 0.145151 2.214275 -1.395628 -0.440414 0.365644 0.024605
0.376707 -0.087167 -0.164988 2.126154 -0.360304 -0.770390 0.089456 -0.025750 -0.517472 -0.000572 0.144388 2.214275 -1.398299 -0.446136 0.365644 0.024605
0.376707 -0.087167 -0.164988 2.126154 -0.360304 -0.770008 0.089456 -0.025750 -0.515564 -0.000954 0.144007 2.214275 -1.400969 -0.450713 0.365644 0.024605
0.376707 -0.087167 -0.164988 2.126154 -0.360304 -0.770008 0.089837 -0.026131 -0.512894 -0.000954 0.144007 2.214656 -1.404784 -0.455291 0.365644 0.024605
0.376707 -0.086786 -0.164988 2.126154 -0.360304 -0.770008 0.089837 -0.025750 -0.509079 -0.000954 0.144388 2.214275 -1.409743 -0.459869 0.364881 0.024605
0.376707 -0.087167 -0.164988 2.126154 -0.360304 -0.770008 0.089456 -0.026131 -0.506409 -0.000954 0.144388 2.214656 -1.415084 -0.464065 0.363737 0.024605
0.376707 -0.087167 -0.164988 2.126154 -0.360304 -0.770008 0.089456 -0.025750 -0.502976 -0.000954 0.144388 2.214275 -1.420424 -0.466354 0.361448 0.024605
0.376707 -0.087167 -0.164988 2.126154 -0.360304 -0.770008 0.089456 -0.025750 -0.497635 -0.000954 0.144388 2.214656 -1.426146 -0.469024 0.359541 0.024605
0.376707 -0.087167 -0.164988 2.126154 -0.360304 -0.770008 0.089456 -0.025750 -0.493820 -0.000572 0.144388 2.214656 -1.430343 -0.471313 0.357633 0.024987
0.376707 -0.086786 -0.164988 2.126154 -0.360304 -0.770008 0.089837 -0.025750 -0.489242 -0.000572 0.144388 2.214656 -1.433394 -0.472076 0.354963 0.024987
0.376707 -0.087167 -0.164988 2.126154 -0.360304 -0.770390 0.089456 -0.025750 -0.484283 -0.000572 0.144388 2.214656 -1.436065 -0.473220 0.353819 0.024605
0.376707 -0.087167 -0.164988 2.126154 -0.360304 -0.770008 0.089456 -0.026131 -0.478943 -0.000954 0.144388 2.214656 -1.437972 -0.474365 0.354200 0.024605
0.376707 -0.087167 -0.164988 2.126154 -0.360304 -0.770390 0.089456 -0.025750 -0.473220 -0.000572 0.144388 2.214656 -1.438354 -0.474365 0.354200 0.024605
0.376707 -0.087167 -0.164988 2.126154 -0.360304 -0.770008 0.089456 -0.026131 -0.466735 -0.000572 0.144388 2.214656 -1.439498 -0.473983 0.354200 0.024605
0.376707 -0.087167 -0.164988 2.126154 -0.360304 -0.770390 0.089456 -0.025750 -0.460632 -0.000572 0.144388 2.214656 -1.440261 -0.473983 0.354582 0.024987
0.376707 -0.087167 -0.164988 2.126154 -0.360304 -0.770008 0.089456 -0.025750 -0.454147 -0.000572 0.144388 2.214656 -1.440261 -0.473983 0.354200 0.024605
0.376707 -0.086786 -0.164988 2.126154 -0.360304 -0.770390 0.089456 -0.025750 -0.447280 -0.000572 0.144388 2.214656 -1.440261 -0.473983 0.354200 0.024605
0.376707 -0.086786 -0.164988 2.126154 -0.360304 -0.770008 0.089456 -0.025750 -0.441939 -0.000572 0.144388 2.214656 -1.440261 -0.473983 0.354582 0.024605
0.376707 -0.087167 -0.164988 2.126154 -0.360304 -0.770008 0.089456 -0.025750 -0.438125 -0.000572 0.144388 2.214656 -1.440261 -0.473602 0.354200 0.024605
0.376707 -0.086786 -0.164988 2.126154 -0.360304 -0.770008 0.089456 -0.025750 -0.432403 -0.000572 0.144388 2.214656 -1.440261 -0.473220 0.354582 0.024605
0.376707 -0.087167 -0.164988 2.126154 -0.360304 -0.770390 0.089456 -0.025750 -0.427825 -0.000572 0.144388 2.214656 -1.441024 -0.473602 0.354582 0.024605
0.376707 -0.087167 -0.164988 2.126154 -0.360304 -0.770390 0.089456 -0.025750 -0.423247 -0.000572 0.144388 2.214656 -1.442931 -0.473602 0.355344 0.024605
0.376707 -0.087167 -0.164988 2.126154 -0.360304 -0.770390 0.089837 -0.025750 -0.417906 -0.000572 0.144388 2.214656 -1.445602 -0.473220 0.354963 0.024987
0.376707 -0.086786 -0.164988 2.126154 -0.360304 -0.770390 0.089456 -0.025750 -0.412566 -0.000572 0.144388 2.214656 -1.448272 -0.472457 0.355344 0.024605
0.376707 -0.086786 -0.164988 2.126154 -0.360304 -0.770390 0.089456 -0.025750 -0.408370 -0.000572 0.144388 2.214656 -1.450561 -0.472076 0.355726 0.024605
0.376707 -0.087167 -0.164988 2.126154 -0.360304 -0.770008 0.089456 -0.025750 -0.403410 -0.000572 0.144388 2.214656 -1.452850 -0.469787 0.355726 0.024605
0.376707 -0.087167 -0.164988 2.126154 -0.360304 -0.770390 0.089456 -0.025750 -0.398070 -0.000572 0.144388 2.214656 -1.455901 -0.468643 0.356107 0.024605
0.376707 -0.087167 -0.164988 2.126154 -0.360304 -0.770390 0.089456 -0.025750 -0.393874 -0.000572 0.144388 2.214656 -1.458190 -0.465972 0.356870 0.024605
0.376707 -0.087167 -0.164988 2.126154 -0.360304 -0.770008 0.089837 -0.025750 -0.389296 -0.000572 0.144388 2.214656 -1.459335 -0.461395 0.358396 0.024605
0.376707 -0.087167 -0.164988 2.126154 -0.360304 -0.770390 0.089456 -0.025750 -0.384718 -0.000572 0.144388 2.214656 -1.460098 -0.456817 0.360304 0.024605
0.376707 -0.087167 -0.164988 2.126154 -0.360304 -0.770008 0.089456 -0.025750 -0.380903 -0.000572 0.144388 2.214656 -1.462005 -0.451858 0.363355 0.024605
0.376707 -0.087167 -0.164988 2.126154 -0.360304 -0.770390 0.089456 -0.025750 -0.376326 -0.000572 0.144388 2.214656 -1.463149 -0.445373 0.367170 0.024605
0.376707 -0.087167 -0.164988 2.126154 -0.360304 -0.770008 0.089456 -0.025750 -0.372892 -0.000572 0.144388 2.214656 -1.463149 -0.440032 0.369841 0.024605
0.376707 -0.087167 -0.164988 2.126154 -0.360304 -0.770390 0.089456 -0.025750 -0.368696 -0.000572 0.144388 2.214656 -1.463149 -0.436980 0.372129 0.024605
0.376707 -0.087167 -0.164988 2.126154 -0.360304 -0.770008 0.089456 -0.025750 -0.364881 -0.000572 0.144388 2.214656 -1.462768 -0.434691 0.374418 0.024605
0.376707 -0.087167 -0.164988 2.126154 -0.360304 -0.770008 0.089456 -0.025750 -0.361830 -0.000572 0.144388 2.214656 -1.462387 -0.433165 0.375944 0.024987
0.376707 -0.086786 -0.164988 2.126154 -0.360304 -0.770390 0.089456 -0.025750 -0.359159 -0.000572 0.144388 2.214656 -1.462005 -0.431258 0.377470 0.024605
0.376707 -0.087167 -0.164988 2.126154 -0.360304 -0.770390 0.089456 -0.025750 -0.356107 -0.000572 0.144388 2.214656 -1.462005 -0.429351 0.378996 0.024605
0.376707 -0.087167 -0.164988 2.126154 -0.360304 -0.770390 0.089456 -0.025750 -0.353437 -0.000572 0.144388 2.214656 -1.461624 -0.425917 0.381666 0.024987
0.376707 -0.086786 -0.164988 2.126154 -0.360304 -0.770008 0.089837 -0.025750 -0.351148 -0.000954 0.144388 2.214656 -1.461624 -0.422484 0.384337 0.024605
0.376707 -0.086786 -0.164988 2.126154 -0.360304 -0.770390 0.089456 -0.025750 -0.349622 -0.000572 0.144388 2.214656 -1.461624 -0.417906 0.387007 0.024605
0.376707 -0.087167 -0.164988 2.126154 -0.360304 -0.770008 0.089837 -0.026131 -0.348096 -0.000572 0.144388 2.214656 -1.461624 -0.413710 0.390059 0.024605
0.376707 -0.087167 -0.164988 2.126154 -0.360304 -0.770008 0.089456 -0.025750 -0.348096 -0.000572 0.144388 2.214656 -1.461624 -0.410658 0.392348 0.024605
0.376707 -0.086786 -0.164988 2.126154 -0.360304 -0.770008 0.089456 -0.025750 -0.347715 -0.000572 0.144388 2.214656 -1.460861 -0.408370 0.392729 0.024605
0.376707 -0.086786 -0.164988 2.126154 -0.360304 -0.770008 0.089456 -0.025750 -0.345808 -0.000572 0.144388 2.215038 -1.460098 -0.408370 0.392729 0.024605
0.376707 -0.087167 -0.164988 2.126154 -0.360304 -0.770008 0.089837 -0.025750 -0.345808 -0.000572 0.144388 2.215038 -1.457809 -0.408751 0.394255 0.024605
0.376707 -0.087167 -0.164988 2.126154 -0.360304 -0.770390 0.089837 -0.026131 -0.345808 -0.000572 0.144388 2.215038 -1.455901 -0.408370 0.396544 0.024605
0.376707 -0.086786 -0.164988 2.126154 -0.360304 -0.770008 0.089837 -0.025750 -0.345808 -0.000572 0.144388 2.215038 -1.453994 -0.408370 0.398833 0.024605
0.376707 -0.087167 -0.164988 2.126154 -0.360304 -0.770008 0.089456 -0.025750 -0.345808 -0.000572 0.144388 2.215038 -1.451705 -0.407225 0.401122 0.024605
0.376707 -0.086786 -0.164988 2.126154 -0.360304 -0.770390 0.089456 -0.025750 -0.346189 -0.000954 0.144388 2.215038 -1.448272 -0.404936 0.402266 0.024605
0.376707 -0.087167 -0.164988 2.126154 -0.360304 -0.770390 0.089456 -0.025750 -0.346571 -0.000954 0.144007 2.215038 -1.445220 -0.403029 0.404555 0.024605
0.376707 -0.087167 -0.164988 2.126154 -0.360304 -0.770008 0.089456 -0.025750 -0.346571 -0.000572 0.144007 2.215038 -1.441787 -0.400359 0.406081 0.024605
0.376707 -0.087167 -0.164988 2.126154 -0.360304 -0.770390 0.089837 -0.025750 -0.346571 -0.000572 0.144007 2.215038 -1.437209 -0.398070 0.407988 0.024605
0.376707 -0.087167 -0.164988 2.126154 -0.360304 -0.770008 0.089837 -0.025750 -0.346571 -0.000954 0.144007 2.215038 -1.432250 -0.396544 0.408370 0.024605
0.376707 -0.086786 -0.164988 2.126154 -0.360304 -0.770390 0.089456 -0.026131 -0.346571 -0.000954 0.144007 2.215038 -1.426146 -0.394636 0.408370 0.024605
0.376707 -0.087167 -0.164988 2.126154 -0.360304 -0.770390 0.089456 -0.025750 -0.346571 -0.000572 0.144007 2.215038 -1.420424 -0.394255 0.407988 0.024605
0.376707 -0.087167 -0.164988 2.126154 -0.360304 -0.770008 0.089456 -0.026131 -0.346571 -0.000572 0.144007 2.215038 -1.413939 -0.394636 0.407607 0.024605
0.376707 -0.087167 -0.164988 2.126154 -0.360304 -0.770390 0.089837 -0.025750 -0.346189 -0.000954 0.144007 2.215038 -1.408980 -0.394636 0.407607 0.024987
0.376707 -0.087167 -0.164988 2.126154 -0.360304 -0.770008 0.089456 -0.025750 -0.346189 -0.000954 0.144007 2.215038 -1.403639 -0.394636 0.407225 0.024605
0.376707 -0.087167 -0.164988 2.126154 -0.360304 -0.770008 0.089456 -0.025750 -0.346189 -0.000954 0.144007 2.215038 -1.398680 -0.394636 0.406844 0.024605
0.376707 -0.087167 -0.164988 2.126154 -0.360304 -0.770008 0.089456 -0.025750 -0.346571 -0.000954 0.144007 2.215038 -1.394484 -0.394636 0.406844 0.024605
0.376707 -0.087167 -0.164988 2.126154 -0.360304 -0.770008 0.089456 -0.025750 -0.346571 -0.000572 0.144007 2.215038 -1.391432 -0.394636 0.405699 0.024605
0.376707 -0.087167 -0.164988 2.126154 -0.360304 -0.770390 0.089837 -0.026131 -0.347333 -0.000954 0.144007 2.215038 -1.388762 -0.394636 0.404173 0.024605
0.376707 -0.087167 -0.164988 2.126154 -0.360304 -0.770008 0.089837 -0.025750 -0.348096 -0.000572 0.144007 2.215038 -1.386091 -0.395018 0.400740 0.024605
0.376707 -0.087167 -0.164988 2.126154 -0.360304 -0.770008 0.089456 -0.025750 -0.349241 -0.000572 0.144007 2.215038 -1.381895 -0.395018 0.396162 0.024605
0.376707 -0.087167 -0.164988 2.126154 -0.360304 -0.770008 0.089456 -0.025750 -0.349241 -0.000572 0.144007 2.215038 -1.378462 -0.395018 0.393874 0.024605
0.376707 -0.087167 -0.164988 2.126154 -0.360304 -0.770008 0.089456 -0.025750 -0.349622 -0.000572 0.144007 2.215038 -1.373503 -0.395018 0.391966 0.024605
0.376707 -0.087167 -0.164988 2.126154 -0.360304 -0.770390 0.089837 -0.026131 -0.349622 -0.000572 0.144007 2.215038 -1.368925 -0.395018 0.390440 0.024605
0.376707 -0.087167 -0.164988 2.126154 -0.360304 -0.770390 0.089837 -0.025750 -0.349622 -0.000954 0.144007 2.215038 -1.365492 -0.394636 0.388914 0.024605
0.376707 -0.087167 -0.164988 2.126154 -0.360304 -0.770390 0.089456 -0.025750 -0.349622 -0.000954 0.144007 2.215038 -1.362440 -0.394636 0.386244 0.024605
0.376707 -0.087167 -0.164988 2.126154 -0.360304 -0.770008 0.089456 -0.026131 -0.349622 -0.000954 0.144007 2.215038 -1.359388 -0.394255 0.383192 0.024605
0.376707 -0.087167 -0.164988 2.126154 -0.360304 -0.770390 0.089456 -0.025750 -0.349241 -0.000572 0.144007 2.215038 -1.357481 -0.394255 0.380522 0.024605
0.376707 -0.087167 -0.164988 2.126154 -0.360304 -0.770008 0.089456 -0.025750 -0.349241 -0.000572 0.144007 2.215038 -1.355955 -0.394255 0.379759 0.024605
0.376707 -0.087167 -0.164988 2.126154 -0.360304 -0.770390 0.089456 -0.025750 -0.349241 -0.000954 0.144007 2.215038 -1.355573 -0.394255 0.378996 0.024605
0.376707 -0.087167 -0.164988 2.126154 -0.360304 -0.770008 0.089456 -0.025750 -0.349241 -0.000954 0.144007 2.215038 -1.355955 -0.394255 0.378614 0.024605
0.376707 -0.087167 -0.164988 2.126154 -0.360304 -0.770390 0.089456 -0.025750 -0.349622 -0.000572 0.144007 2.215038 -1.355955 -0.394255 0.378233 0.024605
0.376707 -0.087167 -0.164988 2.126154 -0.360304 -0.770008 0.089456 -0.025750 -0.349622 -0.000572 0.144007 2.215038 -1.355955 -0.394636 0.378614 0.024605
0.376707 -0.086786 -0.164988 2.126154 -0.360304 -0.770390 0.089456 -0.025750 -0.349622 -0.000572 0.144007 2.215038 -1.355955 -0.394636 0.378614 0.024605
0.376707 -0.087167 -0.164988 2.126154 -0.360304 -0.770390 0.089456 -0.026131 -0.349241 -0.000572 0.144007 2.215038 -1.355955 -0.394636 0.378996 0.024605
0.376707 -0.087167 -0.164988 2.126154 -0.360304 -0.770390 0.089456 -0.025750 -0.349241 -0.000572 0.144007 2.215038 -1.355955 -0.394636 0.378614 0.024605
0.376707 -0.087167 -0.164988 2.126154 -0.360304 -0.770390 0.089456 -0.025750 -0.348859 -0.000572 0.144007 2.215038 -1.355955 -0.395018 0.378614 0.024605
0.376707 -0.087167 -0.164988 2.126154 -0.360304 -0.770008 0.089456 -0.025750 -0.348859 -0.000572 0.144007 2.215038 -1.355955 -0.394636 0.378614 0.024605
0.376707 -0.087167 -0.164988 2.126154 -0.360304 -0.770390 0.089456 -0.026131 -0.348859 -0.000572 0.144007 2.215038 -1.355955 -0.394636 0.378614 0.024987
0.376707 -0.087167 -0.164988 2.126154 -0.360304 -0.770390 0.089456 -0.026131 -0.348859 -0.000572 0.144007 2.215038 -1.355955 -0.394636 0.378614 0.024605
0.376707 -0.087167 -0.164988 2.126154 -0.360304 -0.770390 0.089456 -0.026131 -0.348859 -0.000572 0.144007 2.215038 -1.355955 -0.394636 0.378614 0.024605
0.376707 -0.087167 -0.164988 2.126154 -0.360304 -0.770390 0.089456 -0.025750 -0.349241 -0.000572 0.144007 2.215038 -1.355955 -0.394255 0.378614 0.024605
0.376707 -0.086786 -0.164988 2.126154 -0.360304 -0.770390 0.089456 -0.025750 -0.349241 -0.000572 0.144007 2.215038 -1.355955 -0.394255 0.378614 0.024605
0.376707 -0.087167 -0.164988 2.126154 -0.360304 -0.770390 0.089456 -0.025750 -0.349622 -0.000572 0.144007 2.215038 -1.355955 -0.394255 0.378614 0.024605
0.376707 -0.087167 -0.164988 2.126154 -0.360304 -0.770390 0.089456 -0.025750 -0.349622 -0.000572 0.144007 2.215038 -1.355955 -0.393874 0.378233 0.024605
0.376707 -0.087167 -0.164988 2.126154 -0.360304 -0.770008 0.089456 -0.025750 -0.349622 -0.000572 0.144007 2.215038 -1.355955 -0.393111 0.377852 0.024605
0.376707 -0.087167 -0.164988 2.126154 -0.360304 -0.770008 0.089456 -0.025750 -0.349622 -0.000954 0.144007 2.215038 -1.355573 -0.391585 0.377470 0.024605
0.376707 -0.087167 -0.164988 2.126154 -0.360304 -0.770008 0.089456 -0.025750 -0.349622 -0.000572 0.144007 2.214656 -1.355573 -0.389296 0.377470 0.024605
0.376707 -0.087167 -0.164988 2.126154 -0.360304 -0.770390 0.089456 -0.025750 -0.349241 -0.000572 0.144007 2.215038 -1.355573 -0.387007 0.377470 0.024605
0.376707 -0.087167 -0.164988 2.126154 -0.360304 -0.770390 0.089456 -0.025750 -0.349241 -0.000954 0.144007 2.215038 -1.355573 -0.386244 0.377470 0.024605
0.376707 -0.087167 -0.164988 2.126154 -0.360304 -0.770008 0.089456 -0.025750 -0.349241 -0.000572 0.144007 2.215038 -1.355573 -0.386244 0.377470 0.024605
0.376707 -0.087167 -0.164988 2.126154 -0.360304 -0.770390 0.089456 -0.025750 -0.349241 -0.000572 0.144007 2.215038 -1.355573 -0.386244 0.377470 0.024605
0.376707 -0.087167 -0.164988 2.126154 -0.360304 -0.770008 0.089456 -0.025750 -0.349241 -0.000572 0.144007 2.215038 -1.355573 -0.385863 0.377470 0.024605
0.376707 -0.087167 -0.164988 2.126154 -0.360304 -0.770390 0.089456 -0.025750 -0.349622 -0.000572 0.144007 2.214656 -1.355573 -0.384337 0.377852 0.024605
0.376707 -0.087167 -0.164988 2.126154 -0.360304 -0.770390 0.089456 -0.025750 -0.349622 -0.000572 0.144007 2.215038 -1.355955 -0.381666 0.377852 0.024605
0.376707 -0.087167 -0.164988 2.126154 -0.360304 -0.770008 0.089456 -0.025750 -0.349622 -0.000954 0.144007 2.214656 -1.355573 -0.378233 0.377852 0.024605
0.376707 -0.087167 -0.164988 2.126154 -0.360304 -0.770390 0.089837 -0.025750 -0.349622 -0.000572 0.144007 2.215038 -1.355573 -0.373274 0.377852 0.024605
0.376707 -0.087167 -0.164988 2.126154 -0.360304 -0.770390 0.089456 -0.025750 -0.349622 -0.000572 0.144007 2.215038 -1.355573 -0.367552 0.377470 0.024605
0.376707 -0.087167 -0.164988 2.126154 -0.360304 -0.770390 0.089456 -0.025750 -0.349622 -0.000954 0.144007 2.215038 -1.355573 -0.361830 0.377470 0.024605
0.376707 -0.087167 -0.164988 2.126154 -0.360304 -0.770390 0.089456 -0.025750 -0.349622 -0.000572 0.144007 2.215038 -1.355573 -0.355726 0.377089 0.024605
0.376707 -0.087167 -0.164988 2.126154 -0.360304 -0.770008 0.089456 -0.025750 -0.349622 -0.000572 0.144388 2.215038 -1.355573 -0.351148 0.376707 0.024605
0.376707 -0.087167 -0.164988 2.126154 -0.360304 -0.770390 0.089456 -0.025750 -0.349622 -0.000572 0.144007 2.215038 -1.355573 -0.347333 0.376326 0.024605
0.376707 -0.087167 -0.164988 2.126154 -0.360304 -0.770390 0.089456 -0.025750 -0.349622 -0.000572 0.144388 2.215038 -1.355192 -0.343900 0.375944 0.024605
0.376707 -0.087167 -0.164988 2.126154 -0.360304 -0.770390 0.089456 -0.025750 -0.349622 -0.000572 0.144388 2.215038 -1.354810 -0.340467 0.375563 0.024605
0.376707 -0.087167 -0.164988 2.126154 -0.360304 -0.770008 0.089456 -0.025750 -0.350385 -0.000572 0.144388 2.215038 -1.354429 -0.336652 0.374800 0.024605
0.376707 -0.087167 -0.164988 2.126154 -0.360304 -0.770008 0.089456 -0.026131 -0.351148 -0.000954 0.144388 2.214656 -1.352903 -0.333219 0.373655 0.024605
0.376707 -0.086786 -0.164988 2.126154 -0.360304 -0.770008 0.089456 -0.025750 -0.351530 -0.000572 0.144388 2.215038 -1.351377 -0.329786 0.373655 0.024605
0.376707 -0.087167 -0.164988 2.126154 -0.360304 -0.770008 0.089456 -0.025750 -0.351530 -0.000954 0.144007 2.215038 -1.350233 -0.327115 0.374037 0.024605
0.376707 -0.087167 -0.164988 2.126154 -0.360304 -0.770008 0.089456 -0.026131 -0.351911 -0.000572 0.144007 2.215038 -1.347562 -0.326734 0.374800 0.024605
0.376707 -0.087167 -0.164988 2.126154 -0.360304 -0.770390 0.089837 -0.025750 -0.351911 -0.000572 0.144007 2.214656 -1.346799 -0.327115 0.374418 0.024605
0.376707 -0.087167 -0.164988 2.126154 -0.360304 -0.770390 0.089456 -0.025750 -0.351911 -0.000572 0.144007 2.215038 -1.344892 -0.327115 0.374800 0.024605
0.376707 -0.087167 -0.164988 2.126154 -0.360304 -0.770008 0.089456 -0.025750 -0.351911 -0.000572 0.144007 2.215038 -1.343366 -0.327115 0.374418 0.024987
0.376707 -0.087167 -0.164988 2.126154 -0.360304 -0.770008 0.089456 -0.025750 -0.351530 -0.000954 0.144007 2.215038 -1.341840 -0.327115 0.374418 0.024605
0.376707 -0.087167 -0.164988 2.126154 -0.360304 -0.770390 0.089456 -0.025750 -0.351530 -0.000954 0.144007 2.214656 -1.338788 -0.327115 0.374800 0.024605
0.376707 -0.087167 -0.164988 2.126154 -0.360304 -0.770008 0.089456 -0.026131 -0.351530 -0.000954 0.144007 2.215038 -1.334592 -0.327115 0.374800 0.024605
0.376707 -0.087167 -0.164988 2.126154 -0.360304 -0.770390 0.089837 -0.025750 -0.351530 -0.000572 0.144007 2.215038 -1.330777 -0.327497 0.375563 0.024605
0.376707 -0.087167 -0.164988 2.126154 -0.360304 -0.770008 0.089456 -0.026131 -0.351530 -0.000954 0.144007 2.215038 -1.327344 -0.327497 0.375563 0.024605
0.376707 -0.087167 -0.164988 2.126154 -0.360304 -0.770390 0.089456 -0.025750 -0.351530 -0.000954 0.144007 2.214656 -1.322766 -0.327497 0.375563 0.024605
0.376707 -0.087167 -0.164988 2.126154 -0.360685 -0.770390 0.089837 -0.025750 -0.351530 -0.000954 0.144007 2.214656 -1.318952 -0.327497 0.375563 0.024605
0.376707 -0.087167 -0.164988 2.126154 -0.360304 -0.770008 0.089456 -0.026131 -0.351530 -0.000572 0.144007 2.215038 -1.315137 -0.327497 0.375563 0.024605
0.376707 -0.087167 -0.164988 2.126154 -0.360304 -0.770008 0.089456 -0.025750 -0.351530 -0.000572 0.144007 2.215038 -1.311322 -0.327497 0.374800 0.024605
0.376707 -0.087167 -0.164988 2.126154 -0.360304 -0.770008 0.089456 -0.025750 -0.351911 -0.000954 0.144007 2.215038 -1.307126 -0.327497 0.373655 0.024605
0.376707 -0.087167 -0.164988 2.126154 -0.360304 -0.770008 0.089456 -0.025750 -0.352293 -0.000572 0.144007 2.215038 -1.304074 -0.327497 0.373274 0.024605
0.376707 -0.087167 -0.164988 2.126154 -0.360304 -0.770390 0.089456 -0.025750 -0.352293 -0.000954 0.144007 2.214656 -1.301785 -0.327497 0.373274 0.024987
0.376707 -0.087167 -0.164988 2.126154 -0.360304 -0.770008 0.089456 -0.025750 -0.352674 -0.000954 0.144007 2.214656 -1.300259 -0.327497 0.373274 0.024605
0.376707 -0.087167 -0.164988 2.126154 -0.360304 -0.770008 0.089456 -0.025750 -0.353056 -0.000954 0.144388 2.215038 -1.299496 -0.327878 0.373274 0.024605
0.376707 -0.087167 -0.164988 2.126154 -0.360304 -0.770008 0.089456 -0.025750 -0.353819 -0.000954 0.144388 2.214656 -1.299496 -0.329023 0.373274 0.024605
0.376707 -0.086786 -0.164988 2.126154 -0.360304 -0.770390 0.089456 -0.025750 -0.354963 -0.000954 0.144007 2.214656 -1.299496 -0.330930 0.373274 0.024605
0.376707 -0.086786 -0.164988 2.126154 -0.360304 -0.770008 0.089456 -0.026131 -0.354963 -0.000954 0.144007 2.215038 -1.299496 -0.335508 0.373655 0.024605
0.376707 -0.087167 -0.164988 2.126154 -0.360304 -0.770008 0.089456 -0.025750 -0.356489 -0.000572 0.144007 2.214656 -1.299496 -0.341993 0.373655 0.024605
0.376707 -0.087167 -0.164988 2.126154 -0.360304 -0.770008 0.089456 -0.025750 -0.357633 -0.000954 0.144007 2.215038 -1.299496 -0.349622 0.373274 0.024605
0.376707 -0.086786 -0.164988 2.126154 -0.360304 -0.770008 0.089456 -0.026131 -0.357633 -0.000954 0.144007 2.215038 -1.299878 -0.358015 0.373655 0.024605
0.376707 -0.087167 -0.164988 2.126154 -0.360685 -0.770008 0.089456 -0.026131 -0.358778 -0.000954 0.144007 2.214656 -1.299496 -0.365644 0.374037 0.024605
0.376707 -0.087167 -0.164988 2.126154 -0.360304 -0.770008 0.089456 -0.025750 -0.361448 -0.000954 0.144007 2.214656 -1.299878 -0.371748 0.373655 0.024605
0.376707 -0.087167 -0.164988 2.126154 -0.360304 -0.770008 0.089456 -0.025750 -0.362974 -0.000954 0.144007 2.215038 -1.299878 -0.376707 0.373655 0.024605
0.376707 -0.086786 -0.164988 2.126154 -0.360685 -0.770390 0.089456 -0.026131 -0.364500 -0.000572 0.144007 2.215038 -1.299878 -0.383955 0.374800 0.024605
0.376707 -0.087167 -0.164988 2.126154 -0.360304 -0.770008 0.089456 -0.025750 -0.366789 -0.000954 0.144007 2.215038 -1.299878 -0.389677 0.376326 0.024605
0.376707 -0.087167 -0.164988 2.126154 -0.360304 -0.770390 0.089837 -0.025750 -0.368696 -0.000572 0.144007 2.215038 -1.299878 -0.395399 0.377470 0.024605
0.376707 -0.087167 -0.164988 2.126154 -0.360304 -0.770008 0.089456 -0.025750 -0.369459 -0.000572 0.144007 2.215038 -1.300259 -0.398070 0.377852 0.024605
0.376707 -0.087167 -0.164988 2.126154 -0.360304 -0.770008 0.089456 -0.025750 -0.370985 -0.000954 0.144007 2.215038 -1.300259 -0.400740 0.378233 0.024605
0.376707 -0.087167 -0.164988 2.126154 -0.360304 -0.770390 0.089837 -0.025750 -0.374418 -0.000572 0.144007 2.215038 -1.300259 -0.402647 0.377089 0.024605
0.376707 -0.087167 -0.164988 2.126154 -0.360304 -0.770008 0.089456 -0.025750 -0.375181 -0.000954 0.144007 2.215038 -1.300259 -0.402647 0.377089 0.024605
0.376707 -0.087167 -0.164988 2.126154 -0.360685 -0.770008 0.089456 -0.025750 -0.376707 -0.000954 0.144007 2.215038 -1.300259 -0.402266 0.377470 0.024605
0.376707 -0.087167 -0.164988 2.126154 -0.360304 -0.770008 0.089456 -0.025750 -0.379377 -0.000954 0.144007 2.214656 -1.300259 -0.402266 0.377089 0.024987
0.376707 -0.087167 -0.164988 2.126154 -0.360304 -0.770390 0.089456 -0.025750 -0.380903 -0.000954 0.144007 2.215038 -1.300259 -0.402266 0.377089 0.024605
0.376707 -0.087167 -0.164988 2.126154 -0.360304 -0.770008 0.089456 -0.025750 -0.383192 -0.000572 0.144007 2.214656 -1.300641 -0.402266 0.377852 0.024605
0.376707 -0.087167 -0.164988 2.126154 -0.360685 -0.770390 0.089456 -0.025750 -0.385100 -0.000572 0.144007 2.215038 -1.301022 -0.402266 0.378233 0.024605
0.376707 -0.087167 -0.164988 2.126154 -0.360304 -0.770008 0.089456 -0.025750 -0.387007 -0.000572 0.144007 2.215038 -1.301785 -0.401884 0.378233 0.024605
0.376707 -0.087167 -0.164988 2.126154 -0.360304 -0.770008 0.089456 -0.025750 -0.389677 -0.000572 0.144007 2.215038 -1.304074 -0.401884 0.378233 0.024605
0.376707 -0.087167 -0.164988 2.126154 -0.360304 -0.770008 0.089456 -0.025750 -0.391966 -0.000954 0.144007 2.215038 -1.305219 -0.401503 0.378233 0.024605
0.376707 -0.087167 -0.164988 2.126154 -0.360304 -0.770008 0.089456 -0.025750 -0.394255 -0.000572 0.144007 2.215038 -1.305600 -0.401503 0.378996 0.024605
0.376707 -0.087167 -0.164988 2.126154 -0.360304 -0.770390 0.089456 -0.025750 -0.396162 -0.000572 0.144007 2.215038 -1.305982 -0.401503 0.381285 0.024605
0.376707 -0.087167 -0.164988 2.126154 -0.360304 -0.770008 0.089456 -0.025750 -0.398070 -0.000572 0.144007 2.214656 -1.306363 -0.401503 0.383574 0.024605
0.376707 -0.087167 -0.164988 2.126154 -0.360304 -0.770008 0.089456 -0.026131 -0.400359 -0.000572 0.144007 2.215038 -1.306363 -0.401122 0.385481 0.024605
0.376707 -0.087167 -0.164988 2.126154 -0.360304 -0.770390 0.089837 -0.025750 -0.402266 -0.000572 0.144007 2.215038 -1.306363 -0.400740 0.385863 0.024605
0.376707 -0.087167 -0.164988 2.126154 -0.360304 -0.770008 0.089456 -0.025750 -0.403029 -0.000572 0.144007 2.215038 -1.306363 -0.398833 0.386625 0.024605
0.376707 -0.087167 -0.164988 2.126154 -0.360304 -0.770390 0.089456 -0.025750 -0.404936 -0.000572 0.144007 2.214656 -1.306363 -0.396925 0.388533 0.024605
0.376707 -0.087167 -0.164988 2.126154 -0.360304 -0.770390 0.089456 -0.025750 -0.406844 -0.000954 0.144007 2.215038 -1.306363 -0.394255 0.389677 0.024987
0.376707 -0.087167 -0.164988 2.126154 -0.360304 -0.770008 0.089456 -0.025750 -0.407988 -0.000954 0.144007 2.215038 -1.306363 -0.392348 0.389677 0.024605
0.376707 -0.086786 -0.164988 2.126154 -0.360685 -0.770390 0.089456 -0.025750 -0.408370 -0.000572 0.144007 2.214656 -1.306363 -0.390822 0.390059 0.024605
0.376707 -0.087167 -0.164988 2.126154 -0.360304 -0.770008 0.089456 -0.025750 -0.409895 -0.000572 0.144007 2.214656 -1.305982 -0.390440 0.391585 0.024605
0.376707 -0.087167 -0.164988 2.126154 -0.360304 -0.770390 0.089456 -0.025750 -0.411421 -0.000572 0.144007 2.214656 -1.305600 -0.390059 0.392348 0.024605
0.376707 -0.086786 -0.164988 2.126154 -0.360304 -0.770008 0.089456 -0.025750 -0.411803 -0.000572 0.144007 2.214656 -1.305600 -0.389296 0.392729 0.024605
0.376707 -0.087167 -0.164988 2.126154 -0.360685 -0.770390 0.089456 -0.025750 -0.413329 -0.000954 0.144007 2.214656 -1.305600 -0.388533 0.392729 0.024605
0.376707 -0.087167 -0.164988 2.126154 -0.360304 -0.770390 0.089456 -0.025750 -0.413710 -0.000954 0.144007 2.214656 -1.305982 -0.387007 0.392729 0.024605
0.376707 -0.087167 -0.164988 2.126154 -0.360304 -0.770390 0.089456 -0.026131 -0.414092 -0.000954 0.144007 2.214656 -1.305982 -0.387388 0.393111 0.024605
0.376707 -0.087167 -0.164988 2.126154 -0.360304 -0.770390 0.089456 -0.025750 -0.414473 -0.000572 0.143626 2.214656 -1.305600 -0.387388 0.393111 0.024605
0.376707 -0.087167 -0.164988 2.126154 -0.360304 -0.770390 0.089456 -0.025750 -0.414855 -0.000572 0.143626 2.214656 -1.305600 -0.387388 0.392729 0.024605
0.376707 -0.087167 -0.164988 2.126154 -0.360304 -0.770390 0.089456 -0.025750 -0.415236 -0.000954 0.144007 2.214656 -1.305600 -0.387388 0.392729 0.024605
0.376707 -0.087167 -0.164988 2.126154 -0.360304 -0.770390 0.089456 -0.025750 -0.415236 -0.000572 0.144007 2.214656 -1.304456 -0.387770 0.392729 0.024605
0.376707 -0.087167 -0.164988 2.126154 -0.360304 -0.770008 0.089456 -0.025750 -0.415236 -0.000572 0.144007 2.214656 -1.303311 -0.388151 0.392729 0.024987
0.376707 -0.087167 -0.164988 2.126154 -0.360304 -0.770008 0.089456 -0.026131 -0.415236 -0.000572 0.144007 2.214656 -1.303311 -0.388533 0.392729 0.024605
0.376707 -0.087167 -0.164988 2.126154 -0.360304 -0.770390 0.089456 -0.025750 -0.415236 -0.000572 0.144007 2.214656 -1.303311 -0.388914 0.392729 0.024605
0.376707 -0.087167 -0.164988 2.126154 -0.360304 -0.770390 0.089456 -0.025750 -0.415236 -0.000572 0.144007 2.214656 -1.303693 -0.390059 0.392729 0.024605
0.376707 -0.087167 -0.164988 2.126154 -0.360304 -0.770390 0.089456 -0.026131 -0.415236 -0.000572 0.144007 2.214656 -1.303693 -0.391585 0.392729 0.024605
0.376707 -0.087167 -0.164988 2.126154 -0.360304 -0.770390 0.089456 -0.025750 -0.415236 -0.000572 0.144007 2.214656 -1.303311 -0.392729 0.392729 0.024605
0.376707 -0.087167 -0.164988 2.126154 -0.360304 -0.770008 0.089456 -0.025750 -0.415236 -0.000572 0.144007 2.214656 -1.303693 -0.393874 0.392729 0.024605
0.376707 -0.087167 -0.164988 2.126154 -0.360304 -0.770390 0.089456 -0.025750 -0.415236 -0.000572 0.144007 2.214656 -1.303311 -0.395018 0.392729 0.024605
0.376707 -0.086786 -0.164988 2.126154 -0.360304 -0.770390 0.089456 -0.025750 -0.415236 -0.000572 0.144007 2.214656 -1.303311 -0.395018 0.392729 0.024605
0.376707 -0.087167 -0.164988 2.126154 -0.360304 -0.770390 0.089456 -0.025750 -0.415236 -0.000572 0.144007 2.214656 -1.303693 -0.395018 0.392729 0.024605
0.376707 -0.087167 -0.164988 2.126154 -0.360304 -0.770008 0.089456 -0.025750 -0.415236 -0.000572 0.144007 2.214656 -1.303693 -0.394636 0.392729 0.024605
0.376707 -0.087167 -0.164988 2.126154 -0.360304 -0.770390 0.089456 -0.025750 -0.415236 -0.000572 0.144007 2.214656 -1.303311 -0.394636 0.392348 0.024605
0.376707 -0.087167 -0.164988 2.126154 -0.360304 -0.770008 0.089456 -0.025750 -0.415236 -0.000572 0.144007 2.214656 -1.303693 -0.394636 0.392348 0.024605
0.376707 -0.087167 -0.164988 2.126154 -0.360304 -0.770390 0.089456 -0.025750 -0.415236 -0.000572 0.144007 2.214656 -1.303693 -0.394636 0.392348 0.024605
0.376707 -0.087167 -0.164988 2.126154 -0.360304 -0.770390 0.089456 -0.025750 -0.415236 -0.000572 0.144007 2.214656 -1.303311 -0.394255 0.392348 0.024987
0.376707 -0.087167 -0.164988 2.126154 -0.360304 -0.770008 0.089456 -0.025750 -0.415236 -0.000572 0.144007 2.214656 -1.303693 -0.394255 0.392348 0.024605
0.376707 -0.087167 -0.164988 2.126154 -0.360304 -0.770008 0.089456 -0.025750 -0.415236 -0.000572 0.144007 2.214656 -1.303693 -0.394255 0.392348 0.024605
0.376707 -0.087167 -0.164988 2.126154 -0.360304 -0.770390 0.089456 -0.025750 -0.415236 -0.000572 0.144007 2.214656 -1.303693 -0.394255 0.392348 0.024605
0.376707 -0.087167 -0.164988 2.126154 -0.360304 -0.770390 0.089456 -0.025750 -0.415236 -0.000572 0.144007 2.214656 -1.303693 -0.394255 0.392348 0.024605
0.376707 -0.087167 -0.164988 2.126154 -0.360304 -0.770390 0.089456 -0.025750 -0.415236 -0.000572 0.144007 2.214656 -1.303693 -0.394255 0.392348 0.024605
0.376707 -0.087167 -0.164988 2.126154 -0.360304 -0.770390 0.089456 -0.025750 -0.415236 -0.000572 0.144007 2.214656 -1.303311 -0.394255 0.392348 0.024987
0.376707 -0.087167 -0.164988 2.126154 -0.360304 -0.770008 0.089456 -0.025750 -0.415236 -0.000572 0.144007 2.214656 -1.303693 -0.394255 0.392348 0.024605
0.376707 -0.087167 -0.164988 2.126154 -0.360304 -0.770008 0.089456 -0.025750 -0.415236 -0.000572 0.144007 2.214656 -1.303311 -0.394255 0.392348 0.024605
0.376707 -0.087167 -0.164988 2.126154 -0.360304 -0.770008 0.089456 -0.025750 -0.415236 -0.000572 0.144007 2.214656 -1.303311 -0.394255 0.392348 0.024605
0.376707 -0.087167 -0.164988 2.126154 -0.360304 -0.770008 0.089456 -0.025750 -0.415236 -0.000572 0.144007 2.214656 -1.303311 -0.394255 0.391966 0.024605
0.376707 -0.086786 -0.164988 2.126154 -0.360304 -0.770008 0.089456 -0.026131 -0.415236 -0.000572 0.144007 2.214656 -1.303311 -0.394255 0.391966 0.024605
0.376707 -0.087167 -0.164988 2.126154 -0.360304 -0.770390 0.089456 -0.025750 -0.415236 -0.000572 0.144007 2.214656 -1.303311 -0.394255 0.391585 0.024605
0.376707 -0.087167 -0.164988 2.126154 -0.360304 -0.770390 0.089456 -0.025750 -0.415236 -0.000572 0.144007 2.214656 -1.303311 -0.394255 0.391585 0.024605
0.376707 -0.087167 -0.164988 2.126154 -0.360304 -0.770008 0.089456 -0.025750 -0.415236 -0.000572 0.144007 2.214656 -1.303693 -0.394255 0.391966 0.024605
0.376707 -0.087167 -0.164988 2.126154 -0.360304 -0.770008 0.089456 -0.025750 -0.415236 -0.000572 0.144007 2.214656 -1.303693 -0.394255 0.391966 0.024605
0.376707 -0.087167 -0.164988 2.126154 -0.360304 -0.770008 0.089456 -0.026131 -0.415236 -0.000572 0.144007 2.214656 -1.303311 -0.394255 0.391585 0.024605
0.376707 -0.087167 -0.164988 2.126154 -0.360304 -0.770008 0.089456 -0.026131 -0.415236 -0.000572 0.144007 2.214656 -1.303311 -0.394255 0.391966 0.024605
0.376707 -0.087167 -0.164988 2.126154 -0.360304 -0.770008 0.089456 -0.025750 -0.415236 -0.000572 0.144007 2.214656 -1.303693 -0.394255 0.391585 0.024605
0.376707 -0.087167 -0.164988 2.126154 -0.360304 -0.770390 0.089456 -0.025750 -0.415236 -0.000572 0.144007 2.214656 -1.303311 -0.394255 0.391966 0.024605
0.376707 -0.086786 -0.164988 2.126154 -0.360304 -0.770008 0.089456 -0.025750 -0.415236 -0.000572 0.144007 2.214656 -1.303693 -0.394255 0.391966 0.024605
0.376707 -0.087167 -0.164988 2.126154 -0.360304 -0.770390 0.089456 -0.026131 -0.415236 -0.000572 0.144007 2.214656 -1.303311 -0.394255 0.391966 0.024605
0.376707 -0.087167 -0.164988 2.126154 -0.360304 -0.770390 0.089456 -0.025750 -0.415236 -0.000572 0.144007 2.214656 -1.303693 -0.394255 0.391966 0.024605
0.376707 -0.087167 -0.164988 2.126154 -0.360304 -0.770390 0.089456 -0.025750 -0.415236 -0.000572 0.144007 2.214656 -1.303311 -0.394255 0.391966 0.024605
0.376707 -0.087167 -0.164988 2.126154 -0.360304 -0.770390 0.089456 -0.025750 -0.415236 -0.000572 0.144007 2.214656 -1.303693 -0.394255 0.391966 0.024605
0.376707 -0.087167 -0.164988 2.126154 -0.360304 -0.770390 0.089456 -0.025750 -0.415236 -0.000572 0.144007 2.214656 -1.303693 -0.394255 0.391966 0.024605
0.376707 -0.087167 -0.164988 2.126154 -0.360304 -0.770008 0.089456 -0.025750 -0.415236 -0.000572 0.144007 2.214656 -1.303693 -0.394255 0.391966 0.024605
0.376707 -0.087167 -0.164988 2.126154 -0.360304 -0.770008 0.089456 -0.025750 -0.415236 -0.000572 0.144007 2.214656 -1.303693 -0.394255 0.391966 0.024605
0.376707 -0.087167 -0.164988 2.126154 -0.360304 -0.770008 0.089456 -0.025750 -0.415236 -0.000572 0.144007 2.214656 -1.303693 -0.394255 0.391966 0.024987
0.376707 -0.087167 -0.164988 2.126154 -0.360304 -0.770008 0.089456 -0.025750 -0.415236 -0.000572 0.144007 2.214656 -1.303693 -0.394255 0.391966 0.024605
0.376707 -0.087167 -0.164988 2.126154 -0.360304 -0.770008 0.089456 -0.025750 -0.415236 -0.000572 0.144007 2.214656 -1.303311 -0.394255 0.391966 0.024987
0.376707 -0.087167 -0.164988 2.126154 -0.360304 -0.770390 0.089456 -0.025750 -0.415236 -0.000572 0.144007 2.214656 -1.303693 -0.394255 0.391966 0.024605
0.376707 -0.087167 -0.164988 2.126154 -0.360304 -0.770390 0.089456 -0.025750 -0.415236 -0.000572 0.144007 2.214656 -1.303693 -0.394255 0.391966 0.024605
0.376707 -0.087167 -0.164988 2.126154 -0.360304 -0.770008 0.089456 -0.026131 -0.415236 -0.000572 0.144007 2.214656 -1.303311 -0.394255 0.391966 0.024605
0.376707 -0.087167 -0.164988 2.126154 -0.360304 -0.770390 0.089456 -0.025750 -0.415236 -0.000572 0.144007 2.214656 -1.303693 -0.394255 0.391966 0.024605
0.376707 -0.087167 -0.164988 2.126154 -0.360304 -0.770008 0.089456 -0.025750 -0.415236 -0.000572 0.144007 2.214656 -1.303693 -0.394255 0.391966 0.024605
0.376707 -0.087167 -0.164988 2.126154 -0.360304 -0.770008 0.089456 -0.025750 -0.415236 -0.000572 0.144007 2.214656 -1.303311 -0.394255 0.391966 0.024605
0.376707 -0.087167 -0.164988 2.126154 -0.360304 -0.770008 0.089456 -0.025750 -0.415236 -0.000572 0.144007 2.214656 -1.303693 -0.394255 0.391966 0.024605
0.376707 -0.087167 -0.164988 2.126154 -0.360304 -0.770390 0.089456 -0.025750 -0.415236 -0.000572 0.144007 2.214656 -1.303693 -0.394255 0.391966 0.024605
0.376707 -0.087167 -0.164988 2.126154 -0.360304 -0.770008 0.089456 -0.025750 -0.415236 -0.000572 0.144007 2.214656 -1.303693 -0.394255 0.391966 0.024605
0.376707 -0.087167 -0.164988 2.126154 -0.360304 -0.770008 0.089456 -0.025750 -0.415236 -0.000572 0.144007 2.214656 -1.303693 -0.394255 0.391966 0.024605
0.376707 -0.087167 -0.164988 2.126154 -0.360304 -0.770008 0.089456 -0.025750 -0.415236 -0.000572 0.144007 2.214656 -1.303311 -0.394255 0.391966 0.024605
0.376707 -0.087167 -0.164988 2.126154 -0.360304 -0.770008 0.089456 -0.026131 -0.415236 -0.000572 0.144007 2.214656 -1.303693 -0.394255 0.391966 0.024605
0.376707 -0.086786 -0.164988 2.126154 -0.360304 -0.770008 0.089456 -0.025750 -0.415236 -0.000572 0.144007 2.214656 -1.303693 -0.394255 0.391966 0.024605
0.376707 -0.087167 -0.164988 2.126154 -0.360304 -0.770008 0.089456 -0.025750 -0.415236 -0.000572 0.144007 2.214656 -1.303311 -0.394255 0.391966 0.024605
0.376707 -0.087167 -0.164988 2.126154 -0.360304 -0.770008 0.089456 -0.025750 -0.415236 -0.000572 0.144007 2.214656 -1.303311 -0.394255 0.391966 0.024605
0.376707 -0.087167 -0.164988 2.126154 -0.360304 -0.770390 0.089456 -0.025750 -0.415236 -0.000572 0.144007 2.214656 -1.303311 -0.394255 0.391966 0.024987
0.376707 -0.087167 -0.164988 2.126154 -0.360304 -0.770008 0.089456 -0.025750 -0.415236 -0.000572 0.144007 2.214656 -1.303311 -0.394255 0.391966 0.024605
0.376707 -0.087167 -0.164988 2.126154 -0.360304 -0.770008 0.089456 -0.025750 -0.415236 -0.000572 0.144007 2.214656 -1.303693 -0.394255 0.391966 0.024605
0.376707 -0.087167 -0.164988 2.126154 -0.360304 -0.770008 0.089456 -0.025750 -0.415236 -0.000572 0.144007 2.214656 -1.303693 -0.394255 0.391966 0.024605
0.376707 -0.087167 -0.164988 2.126154 -0.360304 -0.770008 0.089456 -0.025750 -0.415236 -0.000572 0.144007 2.214656 -1.303693 -0.394255 0.391966 0.024987
0.376707 -0.087167 -0.164988 2.126154 -0.360304 -0.770008 0.089456 -0.025750 -0.415236 -0.000572 0.144007 2.214656 -1.303693 -0.394255 0.391966 0.024605
0.376707 -0.087167 -0.164988 2.126154 -0.360304 -0.770390 0.089456 -0.026131 -0.415236 -0.000572 0.144007 2.214656 -1.303693 -0.394255 0.391966 0.024605
0.376707 -0.087167 -0.164988 2.126154 -0.360304 -0.770008 0.089456 -0.025750 -0.415236 -0.000572 0.144007 2.214656 -1.303311 -0.394255 0.391966 0.024605
0.376707 -0.087167 -0.164988 2.126154 -0.360304 -0.770008 0.089456 -0.025750 -0.415236 -0.000572 0.144007 2.214656 -1.303311 -0.394255 0.391966 0.024605
0.376707 -0.087167 -0.164988 2.126154 -0.360304 -0.770008 0.089456 -0.025750 -0.415236 -0.000572 0.144007 2.214656 -1.303693 -0.394255 0.391966 0.024605
0.376707 -0.087167 -0.164988 2.126154 -0.360304 -0.770390 0.089456 -0.025750 -0.415236 -0.000572 0.144007 2.214656 -1.303693 -0.394255 0.391966 0.024605
0.376707 -0.087167 -0.164988 2.126154 -0.360304 -0.770008 0.089456 -0.025750 -0.415236 -0.000572 0.144007 2.214656 -1.303311 -0.394255 0.391966 0.024605
0.376707 -0.087167 -0.164988 2.126154 -0.360304 -0.770008 0.089456 -0.025750 -0.415236 -0.000572 0.144007 2.214656 -1.303311 -0.394255 0.391966 0.024605
0.376707 -0.087167 -0.164988 2.126154 -0.360304 -0.770390 0.089456 -0.025750 -0.415236 -0.000572 0.144007 2.214656 -1.303311 -0.394255 0.391966 0.024605
0.376707 -0.087167 -0.164988 2.126154 -0.360304 -0.770008 0.089456 -0.025750 -0.415236 -0.000572 0.144007 2.214656 -1.303311 -0.394255 0.391966 0.024605
0.376707 -0.087167 -0.164988 2.126154 -0.360304 -0.770008 0.089456 -0.025750 -0.415236 -0.000572 0.144007 2.214656 -1.303693 -0.394255 0.391966 0.024605
0.376707 -0.087167 -0.164988 2.126154 -0.360304 -0.770008 0.089456 -0.025750 -0.415236 -0.000572 0.144007 2.214656 -1.303311 -0.394255 0.391966 0.024605
0.376707 -0.087167 -0.164988 2.126154 -0.360304 -0.770008 0.089456 -0.025750 -0.415236 -0.000572 0.144007 2.214656 -1.303693 -0.394255 0.391966 0.024605
0.376707 -0.087167 -0.164988 2.126154 -0.360304 -0.770008 0.089456 -0.025750 -0.415236 -0.000572 0.144007 2.214656 -1.303693 -0.394255 0.391966 0.024605
0.376707 -0.087167 -0.164988 2.126154 -0.360304 -0.770008 0.089456 -0.025750 -0.415236 -0.000572 0.144007 2.214656 -1.303311 -0.394255 0.391966 0.024605
0.376707 -0.087167 -0.164988 2.126154 -0.360304 -0.770390 0.089456 -0.025750 -0.415236 -0.000572 0.144007 2.214656 -1.303311 -0.394255 0.391966 0.024605
0.376707 -0.087167 -0.164988 2.126154 -0.360304 -0.770008 0.089456 -0.025750 -0.415236 -0.000572 0.144007 2.214656 -1.303311 -0.394255 0.391966 0.024605
0.376707 -0.086786 -0.164988 2.126154 -0.360304 -0.770008 0.089456 -0.025750 -0.415236 -0.000572 0.144007 2.214656 -1.303311 -0.394255 0.391966 0.024605
0.376707 -0.087167 -0.164988 2.126154 -0.360304 -0.770390 0.089456 -0.025750 -0.415236 -0.000572 0.144007 2.214656 -1.303693 -0.394255 0.391966 0.024605
0.376707 -0.087167 -0.164988 2.126154 -0.360304 -0.770008 0.089456 -0.025750 -0.415236 -0.000572 0.144007 2.214656 -1.303693 -0.394255 0.391966 0.024605
0.376707 -0.087167 -0.164988 2.126154 -0.360304 -0.770390 0.089456 -0.025750 -0.415236 -0.000572 0.144007 2.214656 -1.303311 -0.394255 0.391966 0.024605
0.376707 -0.087167 -0.164988 2.126154 -0.360304 -0.770008 0.089456 -0.025750 -0.415236 -0.000572 0.144007 2.214656 -1.303311 -0.394255 0.391966 0.024605
0.376707 -0.087167 -0.164988 2.126154 -0.360304 -0.770008 0.089456 -0.025750 -0.415236 -0.000572 0.144007 2.214656 -1.303311 -0.394255 0.391966 0.024605
0.376707 -0.087167 -0.164988 2.126154 -0.360304 -0.770008 0.089456 -0.025750 -0.415236 -0.000572 0.144007 2.214656 -1.303311 -0.394255 0.391966 0.024605
0.376707 -0.087167 -0.164988 2.126154 -0.360304 -0.770008 0.089456 -0.025750 -0.415236 -0.000572 0.144007 2.214656 -1.303311 -0.394255 0.391966 0.024605
0.376707 -0.087167 -0.164988 2.126154 -0.360304 -0.770390 0.089456 -0.025750 -0.415236 -0.000572 0.144007 2.214656 -1.303311 -0.394255 0.391966 0.024605
0.376707 -0.087167 -0.164988 2.126154 -0.360304 -0.770390 0.089456 -0.025750 -0.415236 -0.000572 0.144007 2.214656 -1.303311 -0.394255 0.391966 0.024605
0.376707 -0.087167 -0.164988 2.126154 -0.360304 -0.770390 0.089456 -0.025750 -0.415236 -0.000572 0.144007 2.214656 -1.303693 -0.394255 0.391966 0.024605
0.376707 -0.087167 -0.164988 2.126154 -0.360304 -0.770008 0.089456 -0.026131 -0.415236 -0.000572 0.144007 2.214656 -1.303693 -0.394255 0.391966 0.024605
0.376707 -0.087167 -0.164988 2.126154 -0.360304 -0.770390 0.089456 -0.025750 -0.415236 -0.000572 0.144007 2.214656 -1.303311 -0.394255 0.391966 0.024605
0.376707 -0.087167 -0.164988 2.126154 -0.360304 -0.770390 0.089456 -0.025750 -0.415236 -0.000572 0.144007 2.214656 -1.303693 -0.394255 0.391966 0.024605
0.376707 -0.087167 -0.164988 2.126154 -0.360304 -0.770008 0.089456 -0.025750 -0.415236 -0.000572 0.144007 2.214656 -1.303693 -0.394255 0.391966 0.024605
0.376707 -0.087167 -0.164988 2.126154 -0.360304 -0.770390 0.089456 -0.025750 -0.415236 -0.000572 0.144007 2.214656 -1.303693 -0.394255 0.391966 0.024605
0.376707 -0.087167 -0.164988 2.126154 -0.360304 -0.770008 0.089456 -0.026131 -0.415236 -0.000572 0.144007 2.214656 -1.303693 -0.394255 0.391966 0.024605
0.376707 -0.087167 -0.164988 2.126154 -0.360304 -0.770390 0.089456 -0.025750 -0.415236 -0.000572 0.144007 2.214656 -1.303693 -0.394255 0.391966 0.024605
0.376707 -0.087167 -0.164988 2.126154 -0.360304 -0.770008 0.089456 -0.025750 -0.415236 -0.000572 0.144007 2.214656 -1.303693 -0.394255 0.391966 0.024987
0.376707 -0.087167 -0.164988 2.126154 -0.360304 -0.770008 0.089456 -0.025750 -0.415236 -0.000572 0.144007 2.214656 -1.303693 -0.394255 0.391966 0.024605
0.376707 -0.087167 -0.164988 2.126154 -0.360304 -0.770008 0.089456 -0.025750 -0.415236 -0.000572 0.144007 2.214656 -1.303693 -0.394255 0.391966 0.024605
0.376707 -0.087167 -0.164988 2.126154 -0.360304 -0.770008 0.089456 -0.025750 -0.415236 -0.000572 0.144007 2.214656 -1.303311 -0.394255 0.391966 0.024987
0.376707 -0.087167 -0.164988 2.126154 -0.360304 -0.770008 0.089456 -0.025750 -0.415236 -0.000572 0.144007 2.214656 -1.303693 -0.394255 0.391966 0.024605
0.376707 -0.087167 -0.164988 2.126154 -0.360304 -0.770008 0.089456 -0.025750 -0.415236 -0.000572 0.144007 2.214656 -1.303311 -0.394255 0.391966 0.024605
0.376707 -0.087167 -0.164988 2.126154 -0.360304 -0.770008 0.089456 -0.025750 -0.415236 -0.000572 0.144007 2.214656 -1.303693 -0.394255 0.391966 0.024605
0.376707 -0.087167 -0.164988 2.126154 -0.360304 -0.770390 0.089456 -0.025750 -0.415236 -0.000572 0.144007 2.214656 -1.303311 -0.394255 0.391966 0.024605
0.376707 -0.087167 -0.164988 2.126154 -0.360304 -0.770390 0.089456 -0.026131 -0.415236 -0.000572 0.144007 2.214656 -1.303311 -0.394255 0.391966 0.024605
0.376707 -0.087167 -0.164988 2.126154 -0.360304 -0.770008 0.089456 -0.025750 -0.415236 -0.000572 0.144007 2.214656 -1.303311 -0.394255 0.391966 0.024605
0.376707 -0.087167 -0.164988 2.126154 -0.360304 -0.770008 0.089456 -0.025750 -0.415236 -0.000572 0.144007 2.214656 -1.303693 -0.394255 0.391585 0.024605
0.376707 -0.087167 -0.164988 2.126154 -0.360304 -0.770008 0.089456 -0.025750 -0.415236 -0.000572 0.144007 2.214656 -1.303693 -0.394255 0.391966 0.024987
0.376707 -0.087167 -0.164988 2.126154 -0.360304 -0.770008 0.089456 -0.025750 -0.415236 -0.000572 0.144007 2.214656 -1.303693 -0.394255 0.391966 0.024605
0.376707 -0.087167 -0.164988 2.126154 -0.360304 -0.770008 0.089456 -0.025750 -0.415236 -0.000572 0.144007 2.214656 -1.303311 -0.394255 0.391966 0.024987
0.376707 -0.087167 -0.164988 2.126154 -0.360304 -0.770390 0.089456 -0.025750 -0.415236 -0.000572 0.144007 2.214656 -1.303693 -0.394255 0.391966 0.024605
0.376707 -0.087167 -0.164988 2.126154 -0.360304 -0.770008 0.089456 -0.026131 -0.415236 -0.000572 0.144007 2.214656 -1.303693 -0.394255 0.391966 0.024605
0.376707 -0.087167 -0.164988 2.126154 -0.360304 -0.770008 0.089456 -0.025750 -0.415236 -0.000572 0.144007 2.214656 -1.303311 -0.394255 0.391966 0.024605
0.376707 -0.087167 -0.164988 2.126154 -0.360304 -0.770008 0.089456 -0.025750 -0.415236 -0.000572 0.144007 2.214656 -1.303311 -0.394255 0.391966 0.024605
0.376707 -0.087167 -0.164988 2.126154 -0.360304 -0.770008 0.089456 -0.025750 -0.415236 -0.000572 0.144007 2.214656 -1.303693 -0.394255 0.391585 0.024605
0.376707 -0.087167 -0.164988 2.126154 -0.360304 -0.770008 0.089456 -0.025750 -0.415236 -0.000572 0.144007 2.214656 -1.303693 -0.394255 0.391966 0.024605
0.376707 -0.087167 -0.164988 2.126154 -0.360304 -0.770008 0.089456 -0.025750 -0.415236 -0.000572 0.144007 2.214656 -1.303311 -0.394255 0.391966 0.024605
0.376707 -0.087167 -0.164988 2.126154 -0.360304 -0.770008 0.089456 -0.025750 -0.415236 -0.000572 0.144007 2.214656 -1.303311 -0.394255 0.391966 0.024605
0.376707 -0.087167 -0.164988 2.126154 -0.360304 -0.770390 0.089456 -0.025750 -0.415236 -0.000572 0.144007 2.214656 -1.303311 -0.394255 0.391966 0.024605
0.376707 -0.087167 -0.164988 2.126154 -0.360304 -0.770390 0.089456 -0.025750 -0.415236 -0.000572 0.144007 2.214656 -1.303693 -0.394255 0.391966 0.024605
0.376707 -0.087167 -0.164988 2.126154 -0.360304 -0.770008 0.089456 -0.025750 -0.415236 -0.000572 0.144007 2.214656 -1.303311 -0.394255 0.391966 0.024605
0.376707 -0.087167 -0.164988 2.126154 -0.360304 -0.770008 0.089456 -0.025750 -0.415236 -0.000572 0.144007 2.214656 -1.303693 -0.394255 0.391966 0.024605
0.376707 -0.086786 -0.164988 2.126154 -0.360304 -0.770008 0.089456 -0.025750 -0.415236 -0.000572 0.144007 2.214656 -1.303311 -0.394255 0.391966 0.024605
0.376707 -0.087167 -0.164988 2.126154 -0.360304 -0.770008 0.089456 -0.025750 -0.415236 -0.000572 0.144007 2.214656 -1.303693 -0.394255 0.391966 0.024605
0.376707 -0.086786 -0.164988 2.126154 -0.360304 -0.770008 0.089456 -0.025750 -0.415236 -0.000572 0.144007 2.214656 -1.303311 -0.394255 0.391966 0.024605
0.376707 -0.087167 -0.164988 2.126154 -0.360304 -0.770008 0.089456 -0.025750 -0.415236 -0.000572 0.144007 2.214656 -1.303311 -0.394255 0.391966 0.024605
0.376707 -0.087167 -0.164988 2.126154 -0.360304 -0.770008 0.089456 -0.026131 -0.415236 -0.000572 0.144007 2.214656 -1.303693 -0.394255 0.391966 0.024605
0.376707 -0.087167 -0.164988 2.126154 -0.360304 -0.770008 0.089456 -0.025750 -0.415236 -0.000572 0.144007 2.214656 -1.303693 -0.394255 0.391966 0.024605
0.376707 -0.087167 -0.164988 2.126154 -0.360304 -0.770390 0.089456 -0.025750 -0.415236 -0.000572 0.144007 2.214656 -1.303693 -0.394255 0.391966 0.024605
0.376707 -0.087167 -0.164988 2.126154 -0.360304 -0.770008 0.089456 -0.025750 -0.415236 -0.000572 0.144007 2.214656 -1.303311 -0.394636 0.391966 0.024605
0.376707 -0.087167 -0.164988 2.126154 -0.360304 -0.770008 0.089456 -0.025750 -0.415236 -0.000572 0.144007 2.214656 -1.303311 -0.394255 0.391966 0.024605
0.376707 -0.087167 -0.164988 2.126154 -0.360304 -0.770008 0.089456 -0.025750 -0.415236 -0.000572 0.144007 2.214656 -1.303311 -0.394255 0.391966 0.024605
0.376707 -0.087167 -0.164988 2.126154 -0.360304 -0.770008 0.089456 -0.026131 -0.415236 -0.000572 0.144007 2.214656 -1.303311 -0.394255 0.391966 0.024605
0.376707 -0.087167 -0.164988 2.126154 -0.360304 -0.770008 0.089456 -0.025750 -0.415236 -0.000572 0.144007 2.214656 -1.303693 -0.394255 0.391966 0.024605
0.376707 -0.086786 -0.164988 2.126154 -0.360304 -0.770390 0.089456 -0.025750 -0.415236 -0.000572 0.144007 2.214656 -1.303693 -0.394255 0.391966 0.024605
0.376707 -0.087167 -0.164988 2.126154 -0.360304 -0.770008 0.089456 -0.025750 -0.415236 -0.000572 0.144007 2.214656 -1.303311 -0.394255 0.391966 0.024605
0.376707 -0.087167 -0.164988 2.126154 -0.360304 -0.770008 0.089456 -0.025750 -0.415236 -0.000572 0.144007 2.214656 -1.303311 -0.394255 0.391966 0.024605
0.376707 -0.087167 -0.164988 2.126154 -0.360304 -0.770390 0.089456 -0.025750 -0.415236 -0.000572 0.144007 2.214656 -1.303693 -0.394255 0.391966 0.024605
0.376707 -0.087167 -0.164988 2.126154 -0.360304 -0.770008 0.089456 -0.025750 -0.415236 -0.000572 0.144007 2.214656 -1.303693 -0.394255 0.391966 0.024605
0.376707 -0.087167 -0.164988 2.126154 -0.360304 -0.770008 0.089456 -0.025750 -0.415236 -0.000572 0.144007 2.214656 -1.303693 -0.394255 0.391966 0.024605
0.376707 -0.087167 -0.164988 2.126154 -0.360304 -0.770390 0.089456 -0.025750 -0.415236 -0.000572 0.144007 2.214656 -1.303693 -0.394255 0.391966 0.024605
0.376707 -0.087167 -0.164988 2.126154 -0.360304 -0.770390 0.089456 -0.025750 -0.415236 -0.000572 0.144007 2.214656 -1.303693 -0.394255 0.391966 0.024605
0.376707 -0.087167 -0.164988 2.126154 -0.360304 -0.770008 0.089456 -0.026131 -0.415236 -0.000572 0.144007 2.214656 -1.303693 -0.394255 0.391966 0.024605
0.376707 -0.087167 -0.164988 2.126154 -0.360304 -0.770008 0.089456 -0.025750 -0.415236 -0.000572 0.144007 2.214656 -1.303311 -0.394255 0.391966 0.024605
0.376707 -0.087167 -0.164988 2.126154 -0.360304 -0.770008 0.089456 -0.025750 -0.415236 -0.000572 0.144007 2.214656 -1.303693 -0.394255 0.391966 0.024605
0.376707 -0.087167 -0.164988 2.126154 -0.360304 -0.770390 0.089456 -0.025750 -0.415236 -0.000572 0.144007 2.214656 -1.303693 -0.394255 0.391966 0.024605
0.376707 -0.087167 -0.164988 2.126154 -0.360304 -0.770008 0.089456 -0.025750 -0.415236 -0.000572 0.144007 2.214656 -1.303693 -0.394255 0.391966 0.024605
0.376707 -0.087167 -0.164988 2.126154 -0.360304 -0.770390 0.089456 -0.025750 -0.415236 -0.000572 0.144007 2.214656 -1.303311 -0.394255 0.391966 0.024605
0.376707 -0.087167 -0.164988 2.126154 -0.360304 -0.770008 0.089456 -0.026131 -0.415236 -0.000572 0.144007 2.214656 -1.303311 -0.394255 0.391966 0.024605
0.376707 -0.087167 -0.164988 2.126154 -0.360304 -0.770390 0.089456 -0.025750 -0.415236 -0.000572 0.144007 2.214656 -1.303693 -0.394255 0.391966 0.024605
0.376707 -0.087167 -0.164988 2.126154 -0.360304 -0.770008 0.089456 -0.025750 -0.415236 -0.000572 0.144007 2.214656 -1.303693 -0.394255 0.391966 0.024987
0.376707 -0.087167 -0.164988 2.126154 -0.360304 -0.770390 0.089456 -0.025750 -0.415236 -0.000572 0.144007 2.214656 -1.303693 -0.394255 0.391966 0.024605
0.376707 -0.087167 -0.164988 2.126154 -0.360304 -0.770008 0.089456 -0.025750 -0.415236 -0.000572 0.144007 2.214656 -1.303311 -0.394255 0.391966 0.024605
0.376707 -0.087167 -0.164988 2.126154 -0.360304 -0.770008 0.089456 -0.025750 -0.415236 -0.000572 0.144007 2.214656 -1.303693 -0.394255 0.391966 0.024605
0.376707 -0.087167 -0.164988 2.126154 -0.360304 -0.770008 0.089456 -0.025750 -0.415236 -0.000572 0.144007 2.214656 -1.303311 -0.394255 0.391966 0.024605
0.376707 -0.087167 -0.164988 2.126154 -0.360304 -0.770390 0.089456 -0.026131 -0.415236 -0.000572 0.144007 2.214656 -1.303693 -0.394255 0.391966 0.024605
0.376707 -0.087167 -0.164988 2.126154 -0.360304 -0.770390 0.089456 -0.026131 -0.415236 -0.000572 0.144007 2.214656 -1.303693 -0.394255 0.391966 0.024605
0.376707 -0.087167 -0.164988 2.126154 -0.360304 -0.770008 0.089456 -0.025750 -0.415236 -0.000572 0.144007 2.214656 -1.303693 -0.394255 0.391966 0.024605
0.376707 -0.087167 -0.164988 2.126154 -0.360304 -0.770008 0.089456 -0.025750 -0.415236 -0.000572 0.144007 2.214656 -1.303693 -0.394255 0.391966 0.024987
0.376707 -0.087167 -0.164988 2.126154 -0.360304 -0.770008 0.089456 -0.025750 -0.415236 -0.000572 0.144007 2.214656 -1.303693 -0.394255 0.391966 0.024987
0.376707 -0.087167 -0.164988 2.126154 -0.360304 -0.770008 0.089456 -0.025750 -0.415236 -0.000572 0.144007 2.214656 -1.303693 -0.394255 0.391966 0.024605
0.376707 -0.087167 -0.164988 2.126154 -0.360304 -0.770390 0.089456 -0.025750 -0.415236 -0.000572 0.144007 2.214656 -1.303311 -0.394255 0.391966 0.024605
0.376707 -0.087167 -0.164988 2.126154 -0.360304 -0.770390 0.089456 -0.025750 -0.415236 -0.000572 0.144007 2.214656 -1.303693 -0.394255 0.391966 0.024605
0.376707 -0.087167 -0.164988 2.126154 -0.360304 -0.770008 0.089456 -0.025750 -0.415236 -0.000572 0.144007 2.214656 -1.303311 -0.394255 0.391966 0.024605
0.376707 -0.087167 -0.164988 2.126154 -0.360304 -0.770008 0.089456 -0.025750 -0.415236 -0.000572 0.144007 2.214656 -1.303693 -0.394255 0.391966 0.024605
0.376707 -0.087167 -0.164988 2.126154 -0.360304 -0.770008 0.089456 -0.025750 -0.415236 -0.000572 0.144007 2.214656 -1.303311 -0.394255 0.391966 0.024605
0.376707 -0.087167 -0.164988 2.126154 -0.360304 -0.770008 0.089456 -0.025750 -0.415236 -0.000572 0.144007 2.214656 -1.303311 -0.394255 0.391966 0.024605
0.376707 -0.087167 -0.164988 2.126154 -0.360304 -0.770008 0.089456 -0.026131 -0.415236 -0.000572 0.144007 2.214656 -1.303693 -0.394255 0.391966 0.024605
0.376707 -0.087167 -0.164988 2.126154 -0.360304 -0.770008 0.089456 -0.025750 -0.415236 -0.000572 0.144007 2.214656 -1.303693 -0.394255 0.391966 0.024605
0.376707 -0.087167 -0.164988 2.126154 -0.360304 -0.770008 0.089456 -0.025750 -0.415236 -0.000572 0.144007 2.214656 -1.303311 -0.394255 0.391585 0.024605
0.376707 -0.087167 -0.164988 2.126154 -0.360304 -0.770008 0.089456 -0.025750 -0.415236 -0.000572 0.144007 2.214656 -1.303693 -0.394255 0.391966 0.024605
0.376707 -0.087167 -0.164988 2.126154 -0.360304 -0.770008 0.089456 -0.025750 -0.415236 -0.000572 0.144007 2.214656 -1.303311 -0.394255 0.391966 0.024605
0.376707 -0.086786 -0.164988 2.126154 -0.360304 -0.770390 0.089456 -0.026131 -0.415236 -0.000572 0.144007 2.214656 -1.303693 -0.394255 0.391966 0.024605
0.376707 -0.087167 -0.164988 2.126154 -0.360304 -0.770008 0.089456 -0.025750 -0.415236 -0.000572 0.144007 2.214656 -1.303693 -0.394255 0.391966 0.024605
0.376707 -0.087167 -0.164988 2.126154 -0.360304 -0.770008 0.089456 -0.025750 -0.415236 -0.000572 0.144007 2.214656 -1.303311 -0.394255 0.391966 0.024605
0.376707 -0.087167 -0.164988 2.126154 -0.360304 -0.770008 0.089456 -0.025750 -0.415236 -0.000572 0.144007 2.214656 -1.303693 -0.394255 0.391966 0.024605
0.376707 -0.087167 -0.164988 2.126154 -0.360304 -0.770008 0.089456 -0.025750 -0.415236 -0.000572 0.144007 2.214656 -1.303693 -0.394255 0.391966 0.024605
0.376707 -0.087167 -0.164988 2.126154 -0.360304 -0.770008 0.089456 -0.025750 -0.415236 -0.000572 0.144007 2.214656 -1.303311 -0.394255 0.391966 0.024605
0.376707 -0.087167 -0.164988 2.126154 -0.360304 -0.770008 0.089456 -0.025750 -0.415236 -0.000572 0.144007 2.214656 -1.303693 -0.394255 0.391966 0.024605
0.376707 -0.087167 -0.164988 2.126154 -0.360304 -0.770008 0.089456 -0.025750 -0.415236 -0.000572 0.144007 2.214656 -1.303311 -0.394255 0.391966 0.024605
0.376707 -0.087167 -0.164988 2.126154 -0.360304 -0.770008 0.089456 -0.025750 -0.415236 -0.000572 0.144007 2.214656 -1.303693 -0.394255 0.391966 0.024605
0.376707 -0.087167 -0.164988 2.126154 -0.360304 -0.770008 0.089456 -0.025750 -0.415236 -0.000572 0.144007 2.214656 -1.303311 -0.394255 0.391966 0.024605
0.376707 -0.087167 -0.164988 2.126154 -0.360304 -0.770008 0.089456 -0.025750 -0.415236 -0.000572 0.144007 2.214656 -1.303311 -0.394255 0.391966 0.024605
0.376707 -0.087167 -0.164988 2.126154 -0.360304 -0.770008 0.089456 -0.025750 -0.415236 -0.000572 0.144007 2.214656 -1.303311 -0.394255 0.391966 0.024605
0.376707 -0.087167 -0.164988 2.126154 -0.360304 -0.770008 0.089456 -0.025750 -0.415236 -0.000572 0.144007 2.214656 -1.303693 -0.394255 0.391966 0.024605
0.376707 -0.087167 -0.164988 2.126154 -0.360304 -0.770008 0.089456 -0.025750 -0.415236 -0.000572 0.144007 2.214656 -1.303693 -0.394255 0.391966 0.024987
0.376707 -0.087167 -0.164988 2.126154 -0.360304 -0.770008 0.089456 -0.025750 -0.415236 -0.000572 0.144007 2.214656 -1.303693 -0.394255 0.391966 0.024605
0.376707 -0.087167 -0.164988 2.126154 -0.360304 -0.770008 0.089456 -0.025750 -0.415236 -0.000572 0.144007 2.214656 -1.303693 -0.394255 0.391966 0.024605
0.376707 -0.087167 -0.164988 2.126154 -0.360304 -0.770008 0.089456 -0.025750 -0.415236 -0.000572 0.144007 2.214656 -1.303311 -0.394255 0.391966 0.024605
0.376707 -0.087167 -0.164988 2.126154 -0.360304 -0.770390 0.089456 -0.025750 -0.415236 -0.000572 0.144007 2.214656 -1.303693 -0.394255 0.391966 0.024605
0.376707 -0.086786 -0.164988 2.126154 -0.360304 -0.770008 0.089456 -0.025750 -0.415236 -0.000572 0.144007 2.214656 -1.303311 -0.394255 0.391966 0.024605
0.376707 -0.087167 -0.164988 2.126154 -0.360304 -0.770008 0.089456 -0.025750 -0.415236 -0.000572 0.144007 2.214656 -1.303693 -0.394255 0.391966 0.024605
0.376707 -0.087167 -0.164988 2.126154 -0.360304 -0.770390 0.089456 -0.025750 -0.415236 -0.000572 0.144007 2.214656 -1.303311 -0.394255 0.391966 0.024605
0.376707 -0.087167 -0.164988 2.126154 -0.360304 -0.770390 0.089456 -0.025750 -0.415236 -0.000572 0.144007 2.214656 -1.303311 -0.394255 0.391585 0.024605
0.376707 -0.087167 -0.164988 2.126154 -0.360304 -0.770390 0.089456 -0.025750 -0.415236 -0.000572 0.144007 2.214656 -1.303311 -0.394255 0.391966 0.024605
0.376707 -0.087167 -0.164988 2.126154 -0.360304 -0.770008 0.089456 -0.025750 -0.415236 -0.000572 0.144007 2.214656 -1.303693 -0.394255 0.391966 0.024605
0.376707 -0.087167 -0.164988 2.126154 -0.360304 -0.770008 0.089456 -0.025750 -0.415236 -0.000572 0.144007 2.214656 -1.303311 -0.394255 0.391966 0.024605
0.376707 -0.087167 -0.164988 2.126154 -0.360304 -0.770390 0.089456 -0.026131 -0.415236 -0.000572 0.144007 2.214656 -1.303311 -0.394255 0.391966 0.024605
0.376707 -0.087167 -0.164988 2.126154 -0.360304 -0.770390 0.089456 -0.025750 -0.415236 -0.000572 0.144007 2.214656 -1.303693 -0.394255 0.391966 0.024605
0.376707 -0.087167 -0.164988 2.126154 -0.360304 -0.770008 0.089456 -0.025750 -0.415236 -0.000572 0.144007 2.214656 -1.303311 -0.394255 0.391966 0.024605
0.376707 -0.087167 -0.164988 2.126154 -0.360304 -0.770008 0.089456 -0.025750 -0.415236 -0.000572 0.144007 2.214656 -1.303311 -0.394255 0.391966 0.024605
0.376707 -0.087167 -0.164988 2.126154 -0.360304 -0.770008 0.089456 -0.025750 -0.415236 -0.000572 0.144007 2.214656 -1.303311 -0.394255 0.391966 0.024605
0.376707 -0.087167 -0.164988 2.126154 -0.360304 -0.770008 0.089456 -0.025750 -0.415236 -0.000572 0.144007 2.214656 -1.303311 -0.394255 0.391966 0.024605
0.376707 -0.087167 -0.164988 2.126154 -0.360304 -0.770390 0.089456 -0.025750 -0.415236 -0.000572 0.144007 2.214656 -1.303693 -0.394255 0.391966 0.024987
0.376707 -0.087167 -0.164988 2.126154 -0.360304 -0.770008 0.089456 -0.025750 -0.415236 -0.000572 0.144007 2.214656 -1.303311 -0.394255 0.391966 0.024605
0.376707 -0.087167 -0.164988 2.126154 -0.360304 -0.770390 0.089456 -0.025750 -0.415236 -0.000572 0.144007 2.214656 -1.303311 -0.394255 0.391966 0.024605
0.376707 -0.087167 -0.164988 2.126154 -0.360304 -0.770008 0.089456 -0.026131 -0.415236 -0.000572 0.144007 2.214656 -1.303693 -0.394255 0.391966 0.024605
0.376707 -0.087167 -0.164988 2.126154 -0.360304 -0.770008 0.089456 -0.025750 -0.415236 -0.000572 0.144007 2.214656 -1.303311 -0.394255 0.391585 0.024605
0.376707 -0.087167 -0.164988 2.126154 -0.360304 -0.770008 0.089456 -0.025750 -0.415236 -0.000572 0.144007 2.214656 -1.303311 -0.394255 0.391966 0.024605
0.376707 -0.087167 -0.164988 2.126154 -0.360304 -0.770008 0.089456 -0.025750 -0.415236 -0.000572 0.144007 2.214656 -1.303311 -0.394255 0.391966 0.024605
0.376707 -0.087167 -0.164988 2.126154 -0.360304 -0.770008 0.089456 -0.025750 -0.415236 -0.000572 0.144007 2.214656 -1.303311 -0.394255 0.391966 0.024605
0.376707 -0.087167 -0.164988 2.126154 -0.360304 -0.770390 0.089456 -0.025750 -0.415236 -0.000572 0.144007 2.214656 -1.303693 -0.394255 0.391966 0.024605
0.376707 -0.086786 -0.164988 2.126154 -0.360304 -0.770008 0.089456 -0.025750 -0.415236 -0.000572 0.144007 2.214656 -1.303311 -0.394255 0.391966 0.024605
0.376707 -0.087167 -0.164988 2.126154 -0.360304 -0.770008 0.089456 -0.025750 -0.415236 -0.000572 0.144007 2.214656 -1.303693 -0.394255 0.391966 0.024605
0.376707 -0.087167 -0.164988 2.126154 -0.360304 -0.770008 0.089456 -0.025750 -0.415236 -0.000572 0.144007 2.214656 -1.303311 -0.394255 0.391966 0.024605
0.376707 -0.086786 -0.164988 2.126154 -0.360304 -0.770390 0.089456 -0.025750 -0.415236 -0.000572 0.144007 2.214656 -1.303693 -0.394255 0.391966 0.024605
0.376707 -0.087167 -0.164988 2.126154 -0.360304 -0.770008 0.089456 -0.025750 -0.415236 -0.000572 0.144007 2.214656 -1.303693 -0.394255 0.391966 0.024605
0.376707 -0.087167 -0.164988 2.126154 -0.360304 -0.770390 0.089456 -0.025750 -0.415236 -0.000572 0.144007 2.214656 -1.303311 -0.394255 0.391966 0.024605
0.376707 -0.087167 -0.164988 2.126154 -0.360304 -0.770008 0.089456 -0.025750 -0.415236 -0.000572 0.144007 2.214656 -1.303693 -0.394255 0.391966 0.024605
0.376707 -0.087167 -0.164988 2.126154 -0.360304 -0.770008 0.089456 -0.025750 -0.415236 -0.000572 0.144007 2.214656 -1.303693 -0.394255 0.391966 0.024605
0.376707 -0.087167 -0.164988 2.126154 -0.360304 -0.770390 0.089456 -0.026131 -0.415236 -0.000572 0.144007 2.214656 -1.303311 -0.394255 0.391966 0.024987
0.376707 -0.087167 -0.164988 2.126154 -0.360304 -0.770390 0.089456 -0.025750 -0.415236 -0.000572 0.144007 2.214656 -1.303311 -0.394255 0.391585 0.024605
0.376707 -0.087167 -0.164988 2.126154 -0.360304 -0.770390 0.089456 -0.025750 -0.415236 -0.000572 0.144007 2.214656 -1.303693 -0.394255 0.391966 0.024605
0.376707 -0.087167 -0.164988 2.126154 -0.360304 -0.770008 0.089456 -0.025750 -0.415236 -0.000572 0.144007 2.214656 -1.303311 -0.394255 0.391966 0.024605
0.376707 -0.087167 -0.164988 2.126154 -0.360304 -0.770008 0.089456 -0.025750 -0.415236 -0.000572 0.144007 2.214656 -1.303311 -0.394255 0.391966 0.024987
0.376707 -0.087167 -0.164988 2.126154 -0.360304 -0.770008 0.089456 -0.025750 -0.415236 -0.000572 0.144007 2.214656 -1.303311 -0.394255 0.391966 0.024605
0.376707 -0.087167 -0.164988 2.126154 -0.360304 -0.770008 0.089456 -0.025750 -0.415236 -0.000572 0.144007 2.214656 -1.303311 -0.394255 0.391966 0.024605
0.376707 -0.087167 -0.164988 2.126154 -0.360304 -0.770008 0.089456 -0.026131 -0.415236 -0.000572 0.144007 2.214656 -1.303311 -0.394255 0.391966 0.024605
0.376707 -0.087167 -0.164988 2.126154 -0.360304 -0.770390 0.089456 -0.025750 -0.415236 -0.000572 0.144007 2.214656 -1.303693 -0.394255 0.391585 0.024605
0.376707 -0.087167 -0.164988 2.126154 -0.360304 -0.770008 0.089456 -0.025750 -0.415236 -0.000572 0.144007 2.214656 -1.303311 -0.394255 0.391966 0.024605
0.376707 -0.087167 -0.164988 2.126154 -0.360304 -0.770008 0.089456 -0.025750 -0.415236 -0.000572 0.144007 2.214656 -1.303311 -0.394255 0.391966 0.024605
0.376707 -0.087167 -0.164988 2.126154 -0.360304 -0.770390 0.089456 -0.026131 -0.415236 -0.000572 0.144007 2.214656 -1.303311 -0.394255 0.391966 0.024987
0.376707 -0.086786 -0.164988 2.126154 -0.360304 -0.770008 0.089456 -0.025750 -0.415236 -0.000572 0.144007 2.214656 -1.303311 -0.394255 0.391966 0.024605
0.376707 -0.087167 -0.164988 2.126154 -0.360304 -0.770008 0.089456 -0.025750 -0.415236 -0.000572 0.144007 2.214656 -1.303693 -0.394255 0.391966 0.024605
0.376707 -0.087167 -0.164988 2.126154 -0.360304 -0.770008 0.089456 -0.025750 -0.415236 -0.000572 0.144007 2.214656 -1.303311 -0.394255 0.391966 0.024605
0.376707 -0.087167 -0.164988 2.126154 -0.360304 -0.770390 0.089456 -0.025750 -0.415236 -0.000572 0.144007 2.214656 -1.303311 -0.394255 0.391966 0.024605
0.376707 -0.087167 -0.164988 2.126154 -0.360304 -0.770008 0.089456 -0.026131 -0.415236 -0.000572 0.144007 2.214656 -1.303693 -0.394255 0.391966 0.024605
0.376707 -0.087167 -0.164988 2.126154 -0.360304 -0.770390 0.089456 -0.025750 -0.415236 -0.000572 0.144007 2.214656 -1.303311 -0.394255 0.391966 0.024605
0.376707 -0.087167 -0.164988 2.126154 -0.360304 -0.770390 0.089456 -0.025750 -0.415236 -0.000572 0.144007 2.214656 -1.303311 -0.394255 0.391966 0.024605
0.376707 -0.087167 -0.164988 2.126154 -0.360304 -0.770390 0.089456 -0.025750 -0.415236 -0.000572 0.144007 2.214656 -1.303693 -0.394255 0.391966 0.024605
0.376707 -0.087167 -0.164988 2.126154 -0.360304 -0.770008 0.089456 -0.025750 -0.415236 -0.000572 0.144007 2.214656 -1.303311 -0.394255 0.391966 0.024605
0.376707 -0.086786 -0.164988 2.126154 -0.360304 -0.770008 0.089456 -0.025750 -0.415236 -0.000572 0.144007 2.214656 -1.303311 -0.394255 0.391966 0.024605
0.376707 -0.087167 -0.164988 2.126154 -0.360304 -0.770390 0.089456 -0.025750 -0.415236 -0.000572 0.144007 2.214656 -1.303311 -0.394255 0.391966 0.024605
0.376707 -0.087167 -0.164988 2.126154 -0.360304 -0.770008 0.089456 -0.025750 -0.415236 -0.000572 0.144007 2.214656 -1.303311 -0.394255 0.391966 0.024605
0.376707 -0.087167 -0.164988 2.126154 -0.360304 -0.770008 0.089456 -0.026131 -0.415236 -0.000572 0.144007 2.214656 -1.303693 -0.394255 0.391966 0.024605
0.376707 -0.087167 -0.164988 2.126154 -0.360304 -0.770008 0.089456 -0.025750 -0.415236 -0.000572 0.144007 2.214656 -1.303311 -0.394255 0.391966 0.024605
0.376707 -0.087167 -0.164988 2.126154 -0.360304 -0.770008 0.089456 -0.025750 -0.415236 -0.000572 0.144007 2.214656 -1.303311 -0.394255 0.391966 0.024605
0.376707 -0.087167 -0.164988 2.126154 -0.360304 -0.770008 0.089456 -0.025750 -0.415236 -0.000572 0.144007 2.214656 -1.303693 -0.394255 0.391966 0.024605
0.376707 -0.087167 -0.164988 2.126154 -0.360304 -0.770390 0.089456 -0.025750 -0.415236 -0.000572 0.144007 2.214656 -1.303693 -0.394255 0.391966 0.024605
0.376707 -0.087167 -0.164988 2.126154 -0.360304 -0.770008 0.089456 -0.025750 -0.415236 -0.000572 0.144007 2.214656 -1.303311 -0.394255 0.391966 0.024605
0.376707 -0.087167 -0.164988 2.126154 -0.360304 -0.770390 0.089456 -0.025750 -0.415236 -0.000572 0.144007 2.214656 -1.303311 -0.394255 0.391966 0.024605
0.376707 -0.087167 -0.164988 2.126154 -0.360304 -0.770390 0.089456 -0.025750 -0.415236 -0.000572 0.144007 2.214656 -1.303693 -0.394255 0.391966 0.024605
0.376707 -0.087167 -0.164988 2.126154 -0.360304 -0.770390 0.089456 -0.026131 -0.415236 -0.000572 0.144007 2.214656 -1.303311 -0.394255 0.391966 0.024605
0.376707 -0.087167 -0.164988 2.126154 -0.360304 -0.770008 0.089456 -0.025750 -0.415236 -0.000572 0.144007 2.214656 -1.303311 -0.394255 0.391966 0.024605
0.376707 -0.087167 -0.164988 2.126154 -0.360304 -0.770390 0.089456 -0.025750 -0.415236 -0.000572 0.144007 2.214656 -1.303311 -0.394255 0.391966 0.024605
0.376707 -0.087167 -0.164988 2.126154 -0.360304 -0.770390 0.089456 -0.025750 -0.415236 -0.000572 0.144007 2.214656 -1.303693 -0.394255 0.391966 0.024605
0.376707 -0.087167 -0.164988 2.126154 -0.360304 -0.770390 0.089456 -0.025750 -0.415236 -0.000572 0.144007 2.214656 -1.303311 -0.394255 0.391966 0.024605
0.376707 -0.087167 -0.164988 2.126154 -0.360304 -0.770390 0.089075 -0.025750 -0.415236 -0.000572 0.144007 2.214656 -1.303311 -0.394255 0.391966 0.024605
0.376707 -0.087167 -0.164988 2.126154 -0.360304 -0.770390 0.089075 -0.025750 -0.415236 -0.000572 0.144007 2.214656 -1.303311 -0.394255 0.391966 0.024605
0.376707 -0.087167 -0.164988 2.126154 -0.360685 -0.770390 0.088693 -0.025750 -0.415236 -0.000572 0.144007 2.214656 -1.303311 -0.394255 0.391966 0.024605
0.376326 -0.087167 -0.164988 2.126154 -0.360304 -0.770390 0.088693 -0.025750 -0.415236 -0.000572 0.144007 2.214656 -1.303693 -0.394255 0.391966 0.024605
0.376326 -0.087167 -0.164988 2.126154 -0.360304 -0.770390 0.088693 -0.026131 -0.415236 -0.000572 0.144007 2.214656 -1.303311 -0.394255 0.391966 0.024605
0.376326 -0.087167 -0.164988 2.126154 -0.360304 -0.770390 0.089075 -0.025750 -0.415236 -0.000572 0.144007 2.214656 -1.303311 -0.394255 0.391966 0.024605
0.376326 -0.087167 -0.164988 2.126154 -0.360304 -0.770390 0.089075 -0.025750 -0.415236 -0.000572 0.144007 2.214656 -1.303693 -0.394255 0.391966 0.024605
0.376326 -0.087167 -0.164988 2.126154 -0.360304 -0.770390 0.088693 -0.025750 -0.415236 -0.000572 0.144007 2.214656 -1.303693 -0.394255 0.391966 0.024605
0.376326 -0.087167 -0.164988 2.126154 -0.360304 -0.770008 0.088693 -0.025750 -0.415236 -0.000572 0.144007 2.214656 -1.303311 -0.394255 0.391966 0.024987
0.376326 -0.087167 -0.164988 2.126154 -0.360304 -0.770008 0.088693 -0.025750 -0.415236 -0.000572 0.144007 2.214656 -1.303311 -0.394255 0.391966 0.024605
0.376326 -0.087167 -0.164988 2.126154 -0.360304 -0.770008 0.088693 -0.025750 -0.415236 -0.000572 0.144007 2.214656 -1.303311 -0.394255 0.391966 0.024605
0.376326 -0.087167 -0.164988 2.126154 -0.360304 -0.770008 0.088693 -0.025750 -0.415236 -0.000572 0.144007 2.214656 -1.303311 -0.394255 0.391966 0.024605
0.376326 -0.087167 -0.164988 2.126154 -0.360304 -0.770008 0.088693 -0.025750 -0.415236 -0.000572 0.144007 2.214656 -1.303311 -0.394255 0.391966 0.024605
0.376326 -0.087167 -0.164988 2.126154 -0.360304 -0.770008 0.088693 -0.025750 -0.415236 -0.000572 0.144007 2.214656 -1.303311 -0.394255 0.391966 0.024605
0.376326 -0.087167 -0.164988 2.126154 -0.360304 -0.770008 0.089075 -0.025750 -0.415236 -0.000572 0.144007 2.214656 -1.303311 -0.394255 0.391966 0.024605
0.376326 -0.087167 -0.164988 2.126154 -0.360304 -0.770008 0.089075 -0.026131 -0.415236 -0.000572 0.144007 2.214656 -1.303693 -0.394255 0.391966 0.024605
0.376326 -0.087167 -0.164988 2.126154 -0.360304 -0.770390 0.089075 -0.026131 -0.415236 -0.000572 0.144007 2.214656 -1.303693 -0.394255 0.391966 0.024605
0.376326 -0.087167 -0.164988 2.126154 -0.360304 -0.770390 0.089075 -0.025750 -0.415236 -0.000572 0.144007 2.214656 -1.303693 -0.394255 0.391966 0.024605
0.376326 -0.087167 -0.164988 2.126154 -0.360304 -0.770390 0.088693 -0.025750 -0.415236 -0.000572 0.144007 2.214656 -1.303311 -0.394255 0.391966 0.024987
0.376326 -0.087167 -0.164988 2.126154 -0.360304 -0.770390 0.088312 -0.025750 -0.415236 -0.000572 0.144007 2.214656 -1.303693 -0.394255 0.391966 0.024987
0.375944 -0.087167 -0.164988 2.126535 -0.360304 -0.770390 0.087549 -0.025750 -0.415236 -0.000572 0.144007 2.214656 -1.303693 -0.394255 0.391966 0.024605
0.375944 -0.087167 -0.164988 2.127298 -0.360304 -0.770390 0.086786 -0.025750 -0.415236 -0.000572 0.144007 2.214656 -1.303693 -0.394255 0.391966 0.024605
0.375563 -0.087167 -0.164988 2.128061 -0.359922 -0.770390 0.084878 -0.026131 -0.415236 -0.000572 0.144007 2.214656 -1.303311 -0.394255 0.391966 0.024605
0.375563 -0.087167 -0.164988 2.129206 -0.359922 -0.770771 0.083352 -0.025750 -0.415236 -0.000572 0.144007 2.214656 -1.303311 -0.394255 0.391966 0.024605
0.375563 -0.087167 -0.164988 2.130732 -0.359922 -0.770771 0.081064 -0.025750 -0.415236 -0.000572 0.144007 2.214656 -1.303311 -0.394255 0.391966 0.024605
0.375563 -0.087167 -0.164988 2.133021 -0.359922 -0.770771 0.079156 -0.025750 -0.415236 -0.000572 0.144007 2.214656 -1.303311 -0.394255 0.391966 0.024605
0.375563 -0.087167 -0.164988 2.135309 -0.359922 -0.770771 0.076867 -0.025750 -0.415236 -0.000572 0.144007 2.214656 -1.303311 -0.394255 0.391966 0.024605
0.375563 -0.087167 -0.164988 2.138361 -0.359922 -0.770771 0.074197 -0.025750 -0.415236 -0.000572 0.144007 2.214656 -1.303311 -0.394255 0.391585 0.024605
0.375563 -0.087167 -0.164988 2.141794 -0.359922 -0.770771 0.072671 -0.025750 -0.415236 -0.000572 0.144007 2.214656 -1.303311 -0.394255 0.391966 0.024605
0.375563 -0.087167 -0.164988 2.145609 -0.359922 -0.770771 0.071145 -0.025750 -0.415236 -0.000572 0.144007 2.214656 -1.303693 -0.394255 0.391966 0.024605
0.375563 -0.087167 -0.164988 2.149805 -0.359922 -0.770771 0.070001 -0.025750 -0.415236 -0.000572 0.144007 2.214656 -1.303311 -0.394255 0.391966 0.024605
0.375181 -0.087167 -0.164988 2.154383 -0.359922 -0.770771 0.069238 -0.025750 -0.415236 -0.000572 0.144007 2.214656 -1.303311 -0.394255 0.391966 0.024605
0.374037 -0.087167 -0.164988 2.158961 -0.359922 -0.770771 0.069619 -0.025750 -0.415236 -0.000572 0.144007 2.214656 -1.303311 -0.394255 0.391966 0.024605
0.373655 -0.087167 -0.164988 2.163920 -0.359922 -0.770771 0.069619 -0.026131 -0.415236 -0.000572 0.144007 2.214656 -1.303693 -0.394255 0.391966 0.024605
0.373274 -0.087167 -0.164988 2.168498 -0.359922 -0.770771 0.069619 -0.025750 -0.415236 -0.000572 0.144007 2.214656 -1.303693 -0.394255 0.391966 0.024605
0.372129 -0.087167 -0.164988 2.173838 -0.359922 -0.770771 0.069619 -0.025750 -0.415236 -0.000572 0.144007 2.214656 -1.303693 -0.394255 0.391966 0.024605
0.370222 -0.087167 -0.164988 2.178798 -0.359922 -0.770771 0.069619 -0.026131 -0.415236 -0.000572 0.144007 2.214656 -1.303311 -0.394255 0.391966 0.024605
0.369078 -0.087167 -0.164988 2.183375 -0.359922 -0.770771 0.070001 -0.025750 -0.415236 -0.000572 0.144007 2.214656 -1.303311 -0.394255 0.391585 0.024605
0.367170 -0.087167 -0.164988 2.189097 -0.359922 -0.770771 0.070001 -0.025750 -0.415236 -0.000572 0.144007 2.214656 -1.303311 -0.394255 0.391966 0.024605
0.364500 -0.087167 -0.164988 2.193675 -0.359922 -0.770771 0.070001 -0.025750 -0.415236 -0.000572 0.144007 2.214656 -1.303693 -0.394255 0.391966 0.024605
0.362593 -0.087167 -0.164988 2.197871 -0.360304 -0.770771 0.070001 -0.025750 -0.415236 -0.000572 0.144007 2.214656 -1.303311 -0.394255 0.391966 0.024605
0.360685 -0.087167 -0.164988 2.202449 -0.360304 -0.770771 0.070001 -0.026131 -0.415236 -0.000572 0.144007 2.214656 -1.303311 -0.394255 0.391966 0.024605
0.358015 -0.087167 -0.164607 2.207790 -0.360304 -0.770771 0.070001 -0.025750 -0.415236 -0.000572 0.144007 2.214656 -1.303693 -0.394255 0.391966 0.024605
0.355726 -0.087167 -0.164607 2.212367 -0.360304 -0.770771 0.070001 -0.025750 -0.415236 -0.000572 0.144007 2.214656 -1.303311 -0.394255 0.391966 0.024605
0.353437 -0.087167 -0.164607 2.217327 -0.360304 -0.770771 0.070001 -0.025750 -0.415236 -0.000572 0.144007 2.214656 -1.303693 -0.394255 0.391966 0.024605
0.350767 -0.087167 -0.164607 2.221523 -0.360304 -0.770771 0.070382 -0.025750 -0.415236 -0.000572 0.144007 2.214656 -1.303693 -0.394255 0.391966 0.024605
0.348478 -0.087167 -0.164607 2.225719 -0.360304 -0.770771 0.070382 -0.025750 -0.415236 -0.000572 0.144007 2.214656 -1.303311 -0.394255 0.391966 0.024605
0.345808 -0.087167 -0.164607 2.229915 -0.360685 -0.770771 0.070382 -0.025750 -0.415236 -0.000572 0.144007 2.214656 -1.303311 -0.394255 0.391966 0.024605
0.343519 -0.087167 -0.164607 2.232967 -0.360685 -0.770771 0.070382 -0.025750 -0.415236 -0.000572 0.144007 2.214656 -1.303693 -0.394255 0.391966 0.024605
0.341611 -0.087167 -0.164607 2.236019 -0.360685 -0.770771 0.070001 -0.025750 -0.415236 -0.000572 0.144007 2.214656 -1.303693 -0.394255 0.391966 0.024605
0.340085 -0.087167 -0.164607 2.238689 -0.360685 -0.770771 0.070001 -0.025750 -0.415236 -0.000572 0.144007 2.214656 -1.303311 -0.394255 0.391966 0.024605
0.338560 -0.087167 -0.164607 2.240978 -0.360685 -0.770771 0.070001 -0.025750 -0.415236 -0.000572 0.144007 2.214656 -1.303311 -0.394255 0.391966 0.024605
0.337034 -0.087167 -0.164607 2.243648 -0.360685 -0.770771 0.070001 -0.025750 -0.415236 -0.000572 0.144007 2.214656 -1.303311 -0.394255 0.391966 0.024605
0.335889 -0.087167 -0.164607 2.245556 -0.360685 -0.770771 0.070001 -0.025750 -0.415236 -0.000572 0.144007 2.214656 -1.303311 -0.394255 0.391585 0.024987
0.334745 -0.087167 -0.164607 2.247082 -0.360685 -0.770771 0.070001 -0.025750 -0.415236 -0.000572 0.144388 2.214656 -1.303693 -0.394255 0.391966 0.024605
0.334363 -0.086786 -0.164607 2.248226 -0.360685 -0.770771 0.070382 -0.025750 -0.415236 -0.000572 0.144388 2.214656 -1.303311 -0.394255 0.391585 0.024605
0.333600 -0.087167 -0.164988 2.249371 -0.360685 -0.770771 0.070001 -0.025750 -0.415236 -0.000572 0.144388 2.214656 -1.303693 -0.394255 0.391966 0.024605
0.332074 -0.087167 -0.164988 2.250134 -0.360304 -0.770771 0.070382 -0.025750 -0.415236 -0.000572 0.144388 2.214656 -1.303693 -0.394255 0.391966 0.024605
0.332074 -0.087167 -0.164988 2.250515 -0.360304 -0.770771 0.070382 -0.025750 -0.415236 -0.000572 0.144388 2.214656 -1.303311 -0.394255 0.391966 0.024605
0.331693 -0.087167 -0.164988 2.250515 -0.360304 -0.770390 0.070001 -0.025750 -0.415236 -0.000572 0.144007 2.214656 -1.303693 -0.394255 0.391966 0.024605
0.330930 -0.087167 -0.164988 2.250515 -0.360304 -0.770771 0.070001 -0.025750 -0.415236 -0.000572 0.144388 2.214656 -1.303311 -0.394255 0.391585 0.024605
0.329786 -0.087167 -0.164988 2.250515 -0.360304 -0.770390 0.070001 -0.025750 -0.415236 -0.000572 0.144007 2.214656 -1.303311 -0.394255 0.391966 0.024605
0.329786 -0.087167 -0.164988 2.250515 -0.360304 -0.770390 0.070382 -0.025750 -0.415236 -0.000572 0.144007 2.214656 -1.303693 -0.394255 0.391966 0.024605
0.329786 -0.087167 -0.164988 2.250515 -0.360304 -0.770390 0.070764 -0.025750 -0.415236 -0.000572 0.144007 2.214656 -1.303693 -0.394255 0.391966 0.024605
0.329786 -0.087167 -0.164988 2.250515 -0.360304 -0.770390 0.070764 -0.025750 -0.415236 -0.000572 0.144007 2.214656 -1.303693 -0.394255 0.391966 0.024605
0.329786 -0.087167 -0.164988 2.250515 -0.360304 -0.770390 0.070764 -0.025750 -0.415236 -0.000572 0.144007 2.214656 -1.303311 -0.394255 0.391966 0.024605
0.329786 -0.087167 -0.164988 2.250515 -0.360304 -0.770390 0.070382 -0.025750 -0.415236 -0.000572 0.144007 2.214656 -1.303311 -0.394255 0.391966 0.024605
0.329786 -0.086786 -0.164988 2.250515 -0.360304 -0.770390 0.070764 -0.025750 -0.415236 -0.000572 0.144007 2.214656 -1.303311 -0.394255 0.391585 0.024605
0.329786 -0.087167 -0.164988 2.250515 -0.360304 -0.770390 0.070764 -0.025750 -0.415236 -0.000572 0.144007 2.214656 -1.303693 -0.394255 0.391966 0.024605
0.329786 -0.087167 -0.164988 2.250515 -0.360304 -0.770390 0.071145 -0.026131 -0.415236 -0.000572 0.144007 2.214656 -1.303311 -0.394255 0.391966 0.024605
0.329786 -0.087167 -0.164988 2.250515 -0.360304 -0.770390 0.071145 -0.025750 -0.415236 -0.000572 0.144007 2.214656 -1.303693 -0.394255 0.391966 0.024605
0.329786 -0.086786 -0.164988 2.250515 -0.360304 -0.770390 0.071527 -0.025750 -0.415236 -0.000572 0.144007 2.214656 -1.303311 -0.394255 0.391966 0.024605
0.329786 -0.087167 -0.164988 2.250515 -0.360304 -0.770390 0.071145 -0.025750 -0.415236 -0.000572 0.144007 2.214656 -1.303693 -0.394255 0.391966 0.024605
0.329786 -0.087167 -0.164988 2.250515 -0.360304 -0.770390 0.071145 -0.025750 -0.415236 -0.000572 0.144007 2.214656 -1.303311 -0.394255 0.391966 0.024605
0.329786 -0.087167 -0.164988 2.250515 -0.360304 -0.770390 0.071145 -0.025750 -0.415236 -0.000572 0.144007 2.214656 -1.303311 -0.394255 0.391966 0.024605
0.329786 -0.087167 -0.164988 2.250515 -0.360304 -0.770390 0.071145 -0.025750 -0.415236 -0.000572 0.144007 2.214656 -1.303311 -0.394255 0.391966 0.024605
0.329786 -0.087167 -0.164988 2.250515 -0.360304 -0.770390 0.071145 -0.025750 -0.415236 -0.000572 0.144007 2.214656 -1.303693 -0.394255 0.391966 0.024987
0.329786 -0.087167 -0.164988 2.250515 -0.360304 -0.770390 0.071145 -0.025750 -0.415236 -0.000572 0.144007 2.214656 -1.303693 -0.394255 0.391966 0.024605
0.329786 -0.087167 -0.164988 2.250515 -0.360304 -0.770390 0.071145 -0.025750 -0.415236 -0.000572 0.144007 2.214656 -1.303693 -0.394255 0.391966 0.024605
0.329786 -0.086786 -0.164988 2.250515 -0.360304 -0.770390 0.071145 -0.025750 -0.415236 -0.000572 0.144007 2.214656 -1.303311 -0.394255 0.391966 0.024605
0.329786 -0.087167 -0.164988 2.250515 -0.360304 -0.770390 0.071145 -0.025750 -0.415236 -0.000572 0.144007 2.214656 -1.303693 -0.394255 0.391966 0.024605
0.329786 -0.086786 -0.164988 2.250515 -0.360304 -0.770390 0.071145 -0.026131 -0.415236 -0.000572 0.144007 2.214656 -1.303693 -0.394255 0.391966 0.024605
0.329786 -0.087167 -0.164988 2.250515 -0.360304 -0.770390 0.071145 -0.025750 -0.415236 -0.000572 0.144007 2.214656 -1.303311 -0.394255 0.391966 0.024605
0.329786 -0.087167 -0.164988 2.250515 -0.360304 -0.770390 0.071145 -0.025750 -0.415236 -0.000572 0.144007 2.214656 -1.303311 -0.394255 0.391966 0.024605
0.329786 -0.087167 -0.164988 2.250515 -0.360304 -0.770390 0.071145 -0.025750 -0.415236 -0.000572 0.144388 2.214656 -1.303693 -0.394255 0.391585 0.024605
0.329786 -0.087167 -0.164988 2.250515 -0.360304 -0.770390 0.071145 -0.026131 -0.415236 -0.000572 0.144388 2.214656 -1.303311 -0.394255 0.391966 0.024605
0.329786 -0.087167 -0.164988 2.250515 -0.360304 -0.770390 0.071145 -0.025750 -0.415236 -0.000572 0.144007 2.214656 -1.303693 -0.394255 0.391966 0.024605
0.329786 -0.087167 -0.164988 2.250515 -0.360304 -0.770390 0.071145 -0.025750 -0.415236 -0.000572 0.144007 2.214656 -1.303311 -0.394255 0.391966 0.024987
0.329786 -0.087167 -0.164988 2.250515 -0.360304 -0.770390 0.071145 -0.025750 -0.415236 -0.000572 0.144388 2.214656 -1.303311 -0.394255 0.391585 0.024605
0.329786 -0.087167 -0.164988 2.250515 -0.360304 -0.770390 0.071145 -0.025750 -0.415236 -0.000572 0.144388 2.214656 -1.303311 -0.394255 0.391966 0.024605
0.329786 -0.087167 -0.164988 2.250515 -0.360304 -0.770390 0.071145 -0.025750 -0.415236 -0.000572 0.144388 2.214656 -1.303693 -0.394255 0.391966 0.024605
0.329786 -0.087167 -0.164988 2.250515 -0.360304 -0.770390 0.071145 -0.025750 -0.415236 -0.000572 0.144388 2.214656 -1.303693 -0.394255 0.391966 0.024987
0.329786 -0.087167 -0.164988 2.250515 -0.360304 -0.770390 0.071145 -0.025750 -0.415236 -0.000572 0.144388 2.214656 -1.303693 -0.394255 0.391966 0.024605
0.329786 -0.087167 -0.164988 2.250515 -0.360304 -0.770390 0.071145 -0.025750 -0.415236 -0.000572 0.144388 2.214656 -1.303311 -0.394255 0.391966 0.024605
0.329786 -0.087167 -0.164988 2.250515 -0.360304 -0.770390 0.071145 -0.025750 -0.415236 -0.000572 0.144007 2.214656 -1.303693 -0.394255 0.391966 0.024605
0.329786 -0.087167 -0.164988 2.250515 -0.360304 -0.770390 0.071145 -0.025750 -0.415236 -0.000572 0.144007 2.214656 -1.303693 -0.394255 0.391966 0.024605
0.329786 -0.086786 -0.164988 2.250515 -0.360304 -0.770390 0.071145 -0.025750 -0.415236 -0.000572 0.144388 2.214656 -1.303311 -0.394255 0.391966 0.024605
0.329786 -0.087167 -0.164988 2.250515 -0.360304 -0.770390 0.071145 -0.025750 -0.415236 -0.000572 0.144007 2.214656 -1.303693 -0.394255 0.391966 0.024605
0.329786 -0.087167 -0.164988 2.250515 -0.360304 -0.770390 0.071145 -0.025750 -0.415236 -0.000572 0.144388 2.214656 -1.303311 -0.394255 0.391966 0.024605
0.329786 -0.087167 -0.164988 2.250515 -0.360304 -0.770390 0.071145 -0.026131 -0.415236 -0.000572 0.144007 2.214656 -1.303693 -0.394255 0.391966 0.024605
0.329786 -0.086786 -0.164988 2.250515 -0.360304 -0.770390 0.071145 -0.025750 -0.415236 -0.000572 0.144007 2.214656 -1.303311 -0.394255 0.391966 0.024605
0.329786 -0.087167 -0.164988 2.250515 -0.360304 -0.770390 0.071145 -0.025750 -0.415236 -0.000572 0.144388 2.214656 -1.303311 -0.394255 0.391966 0.024987
0.329786 -0.087167 -0.164988 2.250515 -0.360304 -0.770390 0.071145 -0.025750 -0.415236 -0.000572 0.144388 2.214656 -1.303311 -0.394255 0.391585 0.024605
0.329786 -0.087167 -0.164988 2.250515 -0.360304 -0.770390 0.071145 -0.025750 -0.415236 -0.000572 0.144007 2.214656 -1.303693 -0.394255 0.391966 0.024605
0.329786 -0.087167 -0.164988 2.250515 -0.360304 -0.770390 0.071145 -0.025750 -0.415236 -0.000572 0.144007 2.214656 -1.303693 -0.394255 0.391585 0.024605
0.329786 -0.087167 -0.164988 2.250515 -0.360304 -0.770390 0.071145 -0.025750 -0.415236 -0.000572 0.144007 2.214656 -1.303311 -0.394255 0.391966 0.024605
0.329786 -0.087167 -0.164988 2.250515 -0.360304 -0.770390 0.071145 -0.025750 -0.415236 -0.000572 0.144007 2.214656 -1.303693 -0.394255 0.391966 0.024605
0.329786 -0.086786 -0.164988 2.250515 -0.360304 -0.770390 0.071145 -0.025750 -0.415236 -0.000572 0.144388 2.214656 -1.303693 -0.394255 0.391966 0.024605
0.329786 -0.087167 -0.164988 2.250515 -0.360304 -0.770390 0.071145 -0.025750 -0.415236 -0.000572 0.144388 2.214656 -1.303311 -0.394255 0.391966 0.024605
0.329786 -0.087167 -0.164988 2.250515 -0.360304 -0.770390 0.071145 -0.025750 -0.415236 -0.000572 0.144388 2.214656 -1.303311 -0.394255 0.391966 0.024605
0.329786 -0.087167 -0.164988 2.250515 -0.360304 -0.770771 0.070764 -0.025750 -0.415236 -0.000572 0.144388 2.214656 -1.303693 -0.394255 0.391966 0.024605
0.329786 -0.087167 -0.164607 2.250515 -0.360304 -0.770771 0.070764 -0.025750 -0.415236 -0.000572 0.144388 2.214656 -1.303311 -0.394255 0.391966 0.024605
0.329786 -0.087167 -0.164607 2.250515 -0.360304 -0.770771 0.070382 -0.025750 -0.415236 -0.000572 0.144007 2.214656 -1.303693 -0.394255 0.391966 0.024605
0.329786 -0.087167 -0.164607 2.250515 -0.360304 -0.770771 0.070001 -0.025750 -0.415236 -0.000572 0.144007 2.214656 -1.303311 -0.394255 0.391966 0.024605
0.329786 -0.087167 -0.164607 2.250515 -0.360685 -0.770771 0.070001 -0.025750 -0.415236 -0.000572 0.144388 2.214656 -1.303311 -0.394255 0.391966 0.024605
0.329786 -0.086786 -0.164607 2.250896 -0.360685 -0.770771 0.070001 -0.025750 -0.415236 -0.000572 0.144388 2.214656 -1.303693 -0.394255 0.391966 0.024605
0.329786 -0.087167 -0.164607 2.250515 -0.360685 -0.770771 0.070001 -0.025750 -0.415236 -0.000572 0.144007 2.214656 -1.303693 -0.394255 0.391966 0.024605
0.329786 -0.086786 -0.164607 2.250515 -0.360685 -0.770771 0.070001 -0.025750 -0.415236 -0.000572 0.144388 2.214656 -1.303311 -0.394255 0.391966 0.024605
0.329786 -0.087167 -0.164607 2.250515 -0.360685 -0.770771 0.070001 -0.025750 -0.415236 -0.000572 0.144007 2.214656 -1.303311 -0.394255 0.391966 0.024605
0.329786 -0.087167 -0.164607 2.250515 -0.360304 -0.770771 0.070382 -0.025750 -0.415236 -0.000572 0.144388 2.214656 -1.303311 -0.394255 0.391966 0.024987
0.329786 -0.087167 -0.164988 2.250515 -0.360304 -0.770771 0.070764 -0.025750 -0.415236 -0.000572 0.144388 2.214656 -1.303311 -0.394255 0.391966 0.024605
0.329786 -0.087167 -0.164988 2.250515 -0.360304 -0.770771 0.070764 -0.025750 -0.415236 -0.000572 0.144388 2.214656 -1.303311 -0.394255 0.391966 0.024605
0.329786 -0.087167 -0.164988 2.250515 -0.360304 -0.770771 0.070764 -0.025750 -0.415236 -0.000572 0.144388 2.214656 -1.303693 -0.394255 0.391966 0.024605
0.329786 -0.087167 -0.164988 2.250515 -0.360304 -0.770771 0.070764 -0.025750 -0.415236 -0.000572 0.144007 2.214656 -1.303311 -0.394255 0.391966 0.024605
0.329786 -0.087167 -0.164988 2.250515 -0.360304 -0.770771 0.070764 -0.025750 -0.415236 -0.000572 0.144007 2.214656 -1.303311 -0.394255 0.391966 0.024987
0.329786 -0.087167 -0.164988 2.250515 -0.360304 -0.770771 0.070764 -0.025750 -0.415236 -0.000572 0.144388 2.214656 -1.303693 -0.394255 0.391966 0.024605
0.329786 -0.087167 -0.164988 2.250515 -0.360304 -0.770771 0.070764 -0.025750 -0.415236 -0.000572 0.144388 2.214656 -1.303311 -0.394255 0.391966 0.024605
0.329786 -0.087167 -0.164988 2.250515 -0.360304 -0.770771 0.070764 -0.025750 -0.415236 -0.000572 0.144007 2.214656 -1.303311 -0.394255 0.391966 0.024605
0.329786 -0.087167 -0.164988 2.250515 -0.360304 -0.770771 0.070764 -0.025750 -0.415236 -0.000572 0.144388 2.214656 -1.303311 -0.394255 0.391966 0.024605
0.329786 -0.087167 -0.164988 2.250515 -0.360304 -0.770390 0.070764 -0.025750 -0.415236 -0.000572 0.144388 2.214656 -1.303311 -0.394255 0.391966 0.024605
0.329786 -0.087167 -0.164988 2.250515 -0.360304 -0.770390 0.070764 -0.025750 -0.415236 -0.000572 0.144388 2.214656 -1.303693 -0.394255 0.391966 0.024605
0.329786 -0.087167 -0.164988 2.250515 -0.360304 -0.770390 0.070764 -0.025750 -0.415236 -0.000572 0.144007 2.214656 -1.303693 -0.394255 0.391966 0.024605
0.329786 -0.087167 -0.164988 2.250515 -0.360304 -0.770390 0.070764 -0.025750 -0.415236 -0.000572 0.144388 2.214656 -1.303693 -0.394255 0.391966 0.024605
0.329786 -0.087167 -0.164988 2.250515 -0.360304 -0.770390 0.070382 -0.025750 -0.415236 -0.000572 0.144388 2.214656 -1.303693 -0.394255 0.391966 0.024605
0.329404 -0.087167 -0.164988 2.250515 -0.360304 -0.770771 0.070382 -0.025750 -0.415236 -0.000572 0.144007 2.214656 -1.303311 -0.394255 0.391966 0.024605
0.329404 -0.087167 -0.164988 2.250515 -0.360304 -0.770390 0.070382 -0.025750 -0.415236 -0.000572 0.144007 2.214656 -1.303693 -0.394255 0.391966 0.024605
0.329404 -0.087167 -0.164988 2.250515 -0.360304 -0.770771 0.070382 -0.025750 -0.415236 -0.000572 0.144007 2.214656 -1.303311 -0.394255 0.391966 0.024605
0.329404 -0.087167 -0.164988 2.250515 -0.360304 -0.770390 0.070764 -0.025750 -0.415236 -0.000572 0.144388 2.214656 -1.303311 -0.394255 0.391966 0.024605
0.329404 -0.087167 -0.164988 2.250515 -0.360304 -0.770390 0.070764 -0.025750 -0.415236 -0.000572 0.144388 2.214656 -1.303311 -0.394255 0.391966 0.024605
0.329404 -0.087167 -0.164988 2.250515 -0.359922 -0.770771 0.070764 -0.025750 -0.415236 -0.000572 0.144007 2.214656 -1.303311 -0.394255 0.391966 0.024605
0.329404 -0.087167 -0.164988 2.250515 -0.359922 -0.770390 0.071145 -0.025750 -0.415236 -0.000572 0.144007 2.214656 -1.303693 -0.394255 0.391966 0.024605
0.329404 -0.087167 -0.164988 2.250515 -0.359541 -0.770390 0.071145 -0.025750 -0.415236 -0.000572 0.144388 2.214656 -1.303693 -0.394255 0.391966 0.024605
0.329404 -0.087167 -0.164988 2.250515 -0.359541 -0.770390 0.071527 -0.025750 -0.415236 -0.000572 0.144388 2.214656 -1.303693 -0.394255 0.391966 0.024605
0.329404 -0.087167 -0.164988 2.250515 -0.359541 -0.770390 0.071908 -0.025750 -0.415236 -0.000572 0.144388 2.214656 -1.303311 -0.394255 0.391966 0.024605
0.329404 -0.087167 -0.164988 2.250515 -0.359922 -0.770390 0.073053 -0.025750 -0.415236 -0.000572 0.144388 2.214656 -1.303693 -0.394255 0.391585 0.024605
0.329023 -0.087167 -0.164988 2.250515 -0.359922 -0.770390 0.074578 -0.025750 -0.415236 -0.000572 0.144388 2.214656 -1.303311 -0.394255 0.391966 0.024987
0.328641 -0.087167 -0.164988 2.250515 -0.359541 -0.770390 0.075723 -0.025750 -0.415236 -0.000572 0.144388 2.214656 -1.303311 -0.394255 0.391966 0.024605
0.327497 -0.087167 -0.164988 2.250515 -0.359541 -0.770390 0.077249 -0.025750 -0.415236 -0.000572 0.144388 2.214656 -1.303311 -0.394255 0.391966 0.024605
0.326734 -0.087167 -0.164988 2.250515 -0.359922 -0.770390 0.079538 -0.025750 -0.415236 -0.000572 0.144388 2.214656 -1.303693 -0.394636 0.391966 0.024605
0.326734 -0.087167 -0.164988 2.250515 -0.359922 -0.770390 0.082971 -0.025750 -0.415236 -0.000572 0.144388 2.214656 -1.303311 -0.394255 0.391966 0.024605
0.325971 -0.087167 -0.164988 2.250515 -0.359922 -0.770390 0.087167 -0.025750 -0.415236 -0.000572 0.144388 2.214656 -1.303693 -0.394255 0.391966 0.024987
0.324445 -0.087167 -0.164988 2.250515 -0.360304 -0.770390 0.092508 -0.025750 -0.415236 -0.000572 0.144007 2.214656 -1.303311 -0.394255 0.391966 0.024987
0.323682 -0.087167 -0.164988 2.250515 -0.360304 -0.770771 0.097086 -0.025750 -0.415236 -0.000572 0.144388 2.214656 -1.303311 -0.394255 0.391966 0.024605
0.323301 -0.087549 -0.164988 2.250515 -0.360304 -0.770771 0.103189 -0.025750 -0.415236 -0.000572 0.144007 2.214656 -1.303693 -0.394255 0.391966 0.024605
0.321393 -0.087549 -0.164988 2.250515 -0.360685 -0.770771 0.108911 -0.025750 -0.415236 -0.000572 0.144007 2.214656 -1.303693 -0.394255 0.391966 0.024605
0.319867 -0.087167 -0.164988 2.250515 -0.360685 -0.770771 0.115015 -0.025750 -0.415236 -0.000572 0.144007 2.214656 -1.303311 -0.394255 0.391585 0.024605
0.317960 -0.087549 -0.164988 2.250515 -0.361830 -0.770771 0.123026 -0.025750 -0.415236 -0.000572 0.144388 2.214656 -1.303311 -0.394255 0.391966 0.024605
0.316052 -0.087549 -0.164988 2.250515 -0.363737 -0.770771 0.132563 -0.025750 -0.415236 -0.000572 0.144388 2.214656 -1.303311 -0.394255 0.391585 0.024605
0.313764 -0.087167 -0.164988 2.250515 -0.366407 -0.770771 0.142481 -0.025750 -0.415236 -0.000572 0.144388 2.214656 -1.303311 -0.394255 0.391966 0.024605
0.311475 -0.087549 -0.164988 2.250515 -0.370985 -0.770771 0.154688 -0.025750 -0.415236 -0.000572 0.144388 2.214656 -1.303693 -0.394255 0.391966 0.024605
0.309186 -0.087549 -0.164988 2.250515 -0.377470 -0.770771 0.169184 -0.025750 -0.415236 -0.000572 0.144007 2.214656 -1.303311 -0.394255 0.391966 0.024605
0.306516 -0.087930 -0.164988 2.250515 -0.385481 -0.770771 0.183680 -0.025750 -0.415236 -0.000572 0.144388 2.214656 -1.303311 -0.394255 0.391966 0.024605
0.303464 -0.088312 -0.164988 2.250515 -0.395018 -0.770771 0.200465 -0.025750 -0.415236 -0.000572 0.144007 2.214656 -1.303311 -0.394255 0.391966 0.024605
0.300031 -0.089837 -0.164988 2.250515 -0.406081 -0.770771 0.218395 -0.025750 -0.415236 -0.000572 0.144388 2.214656 -1.303311 -0.394255 0.391966 0.024605
0.295453 -0.090982 -0.164988 2.250515 -0.417906 -0.770771 0.237850 -0.025750 -0.415236 -0.000572 0.144007 2.214656 -1.303311 -0.394255 0.391966 0.024605
0.291638 -0.091363 -0.164988 2.250515 -0.430495 -0.770771 0.258068 -0.025750 -0.415236 -0.000572 0.144388 2.214656 -1.303693 -0.394255 0.391966 0.024987
0.286679 -0.092889 -0.164988 2.250515 -0.444228 -0.770771 0.279049 -0.025750 -0.415236 -0.000572 0.144007 2.214656 -1.303693 -0.394255 0.391966 0.024987
0.281720 -0.092508 -0.164988 2.250515 -0.459106 -0.770771 0.301175 -0.025750 -0.415236 -0.000572 0.144007 2.214656 -1.303311 -0.394255 0.391966 0.024605
0.276379 -0.092508 -0.164988 2.250515 -0.474746 -0.770771 0.323682 -0.025750 -0.415236 -0.000572 0.144388 2.214656 -1.303311 -0.394255 0.391966 0.024605
0.271801 -0.092508 -0.164988 2.250515 -0.490387 -0.770771 0.346571 -0.025750 -0.415236 -0.000572 0.144007 2.214656 -1.303693 -0.394255 0.391966 0.024605
0.266079 -0.092508 -0.164988 2.250515 -0.506409 -0.770771 0.368696 -0.025750 -0.415236 -0.000572 0.144388 2.214656 -1.303693 -0.394255 0.391966 0.024605
0.259594 -0.092508 -0.164988 2.250515 -0.523575 -0.770771 0.393111 -0.025750 -0.415236 -0.000572 0.144388 2.214656 -1.303311 -0.394255 0.391585 0.024605
0.254253 -0.092508 -0.164988 2.250515 -0.538453 -0.770771 0.414855 -0.025750 -0.415236 -0.000572 0.144388 2.214656 -1.303693 -0.394255 0.391585 0.024605
0.248150 -0.092889 -0.164988 2.250515 -0.553712 -0.770771 0.435454 -0.025750 -0.415236 -0.000572 0.144388 2.214656 -1.303693 -0.394255 0.391966 0.024605
0.242046 -0.092508 -0.164988 2.250515 -0.568589 -0.770390 0.456435 -0.025750 -0.415236 -0.000572 0.144388 2.214656 -1.303311 -0.394255 0.391585 0.024605
0.235943 -0.092508 -0.164988 2.250515 -0.583848 -0.770390 0.475891 -0.025750 -0.415236 -0.000572 0.144388 2.214656 -1.303693 -0.394255 0.391585 0.024605
0.230220 -0.092508 -0.165370 2.250515 -0.596818 -0.770390 0.491531 -0.025750 -0.415236 -0.000572 0.144388 2.214656 -1.303693 -0.394255 0.391966 0.024605
0.224498 -0.092508 -0.165370 2.250515 -0.608263 -0.770390 0.505646 -0.025750 -0.415236 -0.000572 0.144388 2.214656 -1.303311 -0.394255 0.391585 0.024987
0.218776 -0.092508 -0.165370 2.250134 -0.620470 -0.770390 0.519760 -0.025750 -0.415236 -0.000572 0.144388 2.214656 -1.303311 -0.394255 0.391966 0.024605
0.213054 -0.092508 -0.166133 2.250134 -0.630007 -0.770390 0.530442 -0.025750 -0.415236 -0.000572 0.144388 2.214656 -1.303693 -0.394255 0.391966 0.024605
0.206950 -0.092508 -0.166896 2.249752 -0.639925 -0.770390 0.541505 -0.025750 -0.415236 -0.000572 0.144388 2.214656 -1.303693 -0.394255 0.391966 0.024605
0.201991 -0.092508 -0.167659 2.249752 -0.648699 -0.770390 0.550660 -0.025750 -0.415236 -0.000572 0.144388 2.214656 -1.303693 -0.394255 0.391966 0.024605
0.196651 -0.092508 -0.168421 2.249752 -0.656329 -0.770390 0.558671 -0.025750 -0.415236 -0.000572 0.144388 2.214656 -1.303311 -0.394255 0.391966 0.024605
0.190547 -0.092889 -0.169184 2.249752 -0.666247 -0.770390 0.569734 -0.025750 -0.415236 -0.000572 0.144388 2.214656 -1.303693 -0.394255 0.391966 0.024605
0.185969 -0.092508 -0.169566 2.249752 -0.674258 -0.770390 0.578126 -0.025750 -0.415236 -0.000572 0.144388 2.214656 -1.303693 -0.394255 0.391966 0.024605
0.181773 -0.092889 -0.169947 2.249752 -0.681125 -0.770390 0.585756 -0.025750 -0.415236 -0.000572 0.144388 2.214656 -1.303311 -0.394255 0.391966 0.024605
0.177195 -0.092508 -0.169947 2.249752 -0.686847 -0.770390 0.592622 -0.025750 -0.415236 -0.000572 0.144388 2.214656 -1.303311 -0.394255 0.391966 0.024605
0.172618 -0.092889 -0.169947 2.249752 -0.692187 -0.770390 0.599107 -0.025750 -0.415236 -0.000572 0.144007 2.214656 -1.303311 -0.394255 0.391585 0.024605
0.169184 -0.092889 -0.169947 2.249752 -0.697910 -0.770771 0.605974 -0.025750 -0.415236 -0.000572 0.144388 2.214656 -1.303311 -0.394255 0.391966 0.024605
0.163844 -0.092889 -0.170329 2.249752 -0.702869 -0.770771 0.611696 -0.025750 -0.415236 -0.000572 0.144388 2.214656 -1.303693 -0.394255 0.391966 0.024605
0.160029 -0.092889 -0.170710 2.249752 -0.706683 -0.770390 0.617418 -0.025750 -0.415236 -0.000572 0.144388 2.214656 -1.303311 -0.394255 0.391585 0.024605
0.156596 -0.092889 -0.171092 2.249752 -0.709354 -0.770771 0.622759 -0.025750 -0.415236 -0.000572 0.144388 2.214656 -1.303693 -0.394255 0.391966 0.024605
0.153162 -0.092889 -0.170710 2.249371 -0.712787 -0.770771 0.628481 -0.025750 -0.415236 -0.000572 0.144388 2.214656 -1.303693 -0.394255 0.391966 0.024605
0.149729 -0.092889 -0.170710 2.249371 -0.715839 -0.770390 0.633440 -0.025750 -0.415236 -0.000572 0.144388 2.214656 -1.303693 -0.394255 0.391966 0.024605
0.146296 -0.092889 -0.170710 2.249371 -0.720035 -0.770390 0.638781 -0.025750 -0.415236 -0.000572 0.144388 2.214656 -1.303311 -0.394255 0.391966 0.024605
0.142863 -0.092889 -0.171092 2.248608 -0.725757 -0.770390 0.645266 -0.025750 -0.415236 -0.000572 0.144388 2.214656 -1.303693 -0.394255 0.391966 0.024605
0.140192 -0.092889 -0.171092 2.248226 -0.730716 -0.770390 0.650225 -0.025750 -0.415236 -0.000572 0.144388 2.214656 -1.303693 -0.394255 0.391966 0.024605
0.136759 -0.092889 -0.171092 2.247463 -0.735676 -0.770390 0.654040 -0.025750 -0.415236 -0.000572 0.144388 2.214656 -1.303693 -0.394255 0.391585 0.024605
0.133707 -0.092889 -0.170710 2.247082 -0.740635 -0.770771 0.658618 -0.025750 -0.415236 -0.000572 0.144388 2.214656 -1.303311 -0.394255 0.391585 0.024605
0.131037 -0.092889 -0.170710 2.246319 -0.745975 -0.770771 0.663195 -0.025750 -0.415236 -0.000572 0.144388 2.214656 -1.303311 -0.394255 0.391966 0.024605
0.127985 -0.092889 -0.170710 2.244793 -0.752461 -0.770771 0.669299 -0.025750 -0.415236 -0.000572 0.144388 2.214656 -1.303693 -0.394255 0.391585 0.024605
0.125315 -0.092889 -0.170710 2.242885 -0.758564 -0.770771 0.675402 -0.025750 -0.415236 -0.000572 0.144388 2.214656 -1.303311 -0.394255 0.391585 0.024605
0.121500 -0.092889 -0.170710 2.240978 -0.763905 -0.770771 0.681506 -0.025750 -0.415236 -0.000572 0.144388 2.214656 -1.303693 -0.394255 0.391966 0.024605
0.118067 -0.092889 -0.170710 2.238689 -0.769245 -0.770771 0.686465 -0.025750 -0.415236 -0.000572 0.144007 2.214656 -1.303311 -0.394255 0.391585 0.024605
0.114633 -0.093271 -0.170710 2.235637 -0.775349 -0.770771 0.692187 -0.025750 -0.415236 -0.000572 0.144388 2.214656 -1.303311 -0.394255 0.391966 0.024987
0.110819 -0.093271 -0.170710 2.232204 -0.781453 -0.770771 0.697910 -0.025750 -0.415236 -0.000572 0.144388 2.214656 -1.303311 -0.394255 0.391966 0.024605
0.107004 -0.093271 -0.170710 2.229152 -0.786793 -0.770771 0.702869 -0.025750 -0.415236 -0.000572 0.144388 2.214656 -1.303693 -0.394255 0.391966 0.024605
0.102045 -0.093271 -0.170710 2.224956 -0.794423 -0.770771 0.708209 -0.025750 -0.415236 -0.000572 0.144388 2.214656 -1.303311 -0.394255 0.391966 0.024605
0.097467 -0.093271 -0.170710 2.220378 -0.801289 -0.770771 0.712787 -0.025750 -0.415236 -0.000572 0.144388 2.214656 -1.303311 -0.394255 0.391585 0.024605
0.092889 -0.093652 -0.170710 2.215801 -0.808537 -0.770771 0.718128 -0.025750 -0.415236 -0.000572 0.144388 2.214656 -1.303693 -0.394255 0.391966 0.024605
0.086023 -0.095178 -0.170710 2.209316 -0.816930 -0.770771 0.723850 -0.025750 -0.415236 -0.000572 0.144388 2.214656 -1.303311 -0.394255 0.391966 0.024605
0.080301 -0.096323 -0.170710 2.204738 -0.823796 -0.770771 0.728046 -0.025750 -0.415236 -0.000572 0.144388 2.214656 -1.303693 -0.394255 0.391585 0.024605
0.074578 -0.099374 -0.170710 2.199397 -0.832570 -0.770771 0.731861 -0.025750 -0.415236 -0.000572 0.144388 2.214656 -1.303311 -0.394255 0.391585 0.024605
0.067712 -0.104334 -0.170710 2.194057 -0.840963 -0.770771 0.735294 -0.025750 -0.415236 -0.000572 0.144388 2.214656 -1.303693 -0.394255 0.391966 0.024605
0.061608 -0.109293 -0.170710 2.189097 -0.849355 -0.770771 0.738346 -0.025750 -0.415236 -0.000572 0.144007 2.214656 -1.303693 -0.394255 0.391585 0.024605
0.055886 -0.113489 -0.170710 2.184138 -0.859274 -0.770771 0.742924 -0.025750 -0.415236 -0.000572 0.144007 2.214656 -1.303311 -0.394255 0.391966 0.024605
0.048638 -0.120356 -0.170710 2.178416 -0.871862 -0.770771 0.749027 -0.025750 -0.415236 -0.000572 0.144007 2.214656 -1.303693 -0.394255 0.391966 0.024605
0.042153 -0.126841 -0.170329 2.173457 -0.882544 -0.770771 0.755131 -0.025750 -0.415236 -0.000572 0.144388 2.214656 -1.303311 -0.394255 0.391966 0.024605
0.035668 -0.133707 -0.170329 2.168498 -0.894369 -0.770771 0.761616 -0.025750 -0.415236 -0.000572 0.144388 2.214656 -1.303311 -0.394255 0.391585 0.024605
0.028420 -0.142100 -0.169947 2.163157 -0.907721 -0.770771 0.768864 -0.025750 -0.415236 -0.000572 0.144388 2.214656 -1.303693 -0.394255 0.391966 0.024605
0.021553 -0.150874 -0.169184 2.158198 -0.921454 -0.771153 0.776493 -0.025750 -0.415236 -0.000572 0.144388 2.214656 -1.303311 -0.394255 0.391585 0.024605
0.015068 -0.158885 -0.167659 2.153239 -0.936332 -0.770771 0.784123 -0.025750 -0.415236 -0.000572 0.144388 2.214656 -1.303311 -0.394255 0.391585 0.024605
0.007820 -0.167277 -0.166133 2.148280 -0.951972 -0.770771 0.790990 -0.025750 -0.415236 -0.000572 0.144388 2.214656 -1.303693 -0.394255 0.391966 0.024605
0.000954 -0.176432 -0.164225 2.143320 -0.967613 -0.770771 0.798238 -0.025750 -0.415236 -0.000572 0.144388 2.214656 -1.303311 -0.394255 0.391966 0.024605
-0.006294 -0.185588 -0.163081 2.138743 -0.982490 -0.770771 0.804723 -0.025750 -0.415236 -0.000572 0.144388 2.214656 -1.303693 -0.394255 0.391966 0.024605
-0.012398 -0.194362 -0.161555 2.133783 -0.998894 -0.770771 0.811971 -0.025750 -0.415236 -0.000572 0.144388 2.214656 -1.303311 -0.394255 0.391585 0.024605
-0.018883 -0.204280 -0.160410 2.128824 -1.016060 -0.770771 0.819219 -0.025750 -0.415236 -0.000572 0.144388 2.214656 -1.303311 -0.394255 0.391585 0.024605
-0.026131 -0.214961 -0.158885 2.123484 -1.033989 -0.770771 0.826848 -0.025750 -0.415236 -0.000572 0.144388 2.214656 -1.303693 -0.394255 0.391585 0.024605
-0.031853 -0.224880 -0.156977 2.118906 -1.050774 -0.770771 0.833333 -0.025750 -0.415236 -0.000572 0.144388 2.214656 -1.303311 -0.394255 0.391966 0.024605
-0.037575 -0.234417 -0.155451 2.114710 -1.067559 -0.770771 0.839055 -0.025750 -0.415236 -0.000572 0.144388 2.214656 -1.303693 -0.394255 0.391966 0.024605
-0.043679 -0.245098 -0.153544 2.110132 -1.085107 -0.770771 0.845541 -0.025750 -0.415236 -0.000572 0.144388 2.214656 -1.303311 -0.394255 0.391966 0.024605
-0.048638 -0.255398 -0.151637 2.105936 -1.101511 -0.770771 0.851644 -0.025750 -0.415236 -0.000572 0.144388 2.214656 -1.303693 -0.394255 0.391966 0.024605
-0.053979 -0.264935 -0.149729 2.102121 -1.116770 -0.770771 0.856603 -0.025750 -0.415236 -0.000572 0.144388 2.214656 -1.303693 -0.394255 0.391585 0.024605
-0.058556 -0.274472 -0.147440 2.099069 -1.130503 -0.770771 0.861944 -0.025750 -0.415236 -0.000572 0.144388 2.214656 -1.303311 -0.394255 0.391585 0.024605
-0.063516 -0.285916 -0.144770 2.094873 -1.146525 -0.770771 0.866903 -0.025750 -0.415236 -0.000572 0.144388 2.214656 -1.303693 -0.394255 0.391585 0.024605
-0.068093 -0.295453 -0.141718 2.091058 -1.159495 -0.770771 0.870336 -0.025750 -0.415236 -0.000572 0.144388 2.214656 -1.303311 -0.394255 0.391585 0.024605
-0.071908 -0.305753 -0.139048 2.087625 -1.172084 -0.771153 0.873388 -0.025750 -0.415236 -0.000572 0.144388 2.214656 -1.303311 -0.394255 0.391585 0.024605
-0.077249 -0.321393 -0.134470 2.082284 -1.189250 -0.770771 0.876822 -0.025750 -0.415236 -0.000572 0.144388 2.214656 -1.303311 -0.394255 0.391966 0.024605
-0.080301 -0.330930 -0.131418 2.079232 -1.199168 -0.770771 0.878347 -0.025750 -0.415236 -0.000572 0.144388 2.214656 -1.303311 -0.394255 0.391966 0.024605
-0.083352 -0.341230 -0.128367 2.076181 -1.207942 -0.770771 0.879492 -0.025750 -0.415236 -0.000572 0.144388 2.214656 -1.303311 -0.394255 0.391966 0.024987
-0.086404 -0.351530 -0.124552 2.073510 -1.217479 -0.770771 0.880636 -0.025750 -0.415236 -0.000572 0.144388 2.214656 -1.303311 -0.394255 0.391966 0.024605
-0.088693 -0.360685 -0.121118 2.070840 -1.225109 -0.770771 0.881399 -0.025750 -0.415236 -0.000572 0.144388 2.214656 -1.303693 -0.394255 0.391966 0.024605
-0.090219 -0.369841 -0.117685 2.068933 -1.231594 -0.770771 0.881399 -0.025750 -0.415236 -0.000572 0.144388 2.214656 -1.303311 -0.394255 0.391966 0.024605
-0.091745 -0.379377 -0.114252 2.067025 -1.238460 -0.770771 0.881399 -0.025750 -0.415236 -0.000572 0.144388 2.214656 -1.303693 -0.394255 0.391966 0.024605
-0.092889 -0.388914 -0.111200 2.065499 -1.244945 -0.770771 0.881399 -0.025750 -0.415236 -0.000954 0.144388 2.214656 -1.303311 -0.394255 0.391966 0.024605
-0.094034 -0.398451 -0.108148 2.064355 -1.250286 -0.770771 0.881399 -0.025750 -0.415236 -0.000572 0.144388 2.214656 -1.303311 -0.394255 0.391966 0.024605
-0.094797 -0.407225 -0.105478 2.063210 -1.254864 -0.770771 0.881399 -0.025750 -0.415236 -0.000572 0.144388 2.214656 -1.303311 -0.394255 0.391966 0.024605
-0.094797 -0.415236 -0.102808 2.062066 -1.258679 -0.770771 0.881399 -0.025750 -0.415236 -0.000572 0.144388 2.214656 -1.303693 -0.394255 0.391966 0.024605
-0.094797 -0.424773 -0.100137 2.061303 -1.262875 -0.770771 0.881018 -0.025750 -0.415236 -0.000572 0.144388 2.214656 -1.303693 -0.394255 0.391585 0.024605
-0.094415 -0.433547 -0.097467 2.060159 -1.267453 -0.770771 0.881018 -0.025750 -0.415236 -0.000572 0.144388 2.214656 -1.303311 -0.394255 0.391585 0.024605
-0.094415 -0.442321 -0.094797 2.060159 -1.271267 -0.770771 0.881018 -0.025750 -0.415236 -0.000572 0.144388 2.214656 -1.303693 -0.394255 0.391585 0.024605
-0.094415 -0.451858 -0.091745 2.059777 -1.275463 -0.770771 0.880636 -0.025750 -0.415236 -0.000572 0.144388 2.214656 -1.303311 -0.394255 0.391585 0.024605
-0.094415 -0.459869 -0.089456 2.059777 -1.278897 -0.770771 0.880636 -0.025750 -0.415236 -0.000572 0.144388 2.214656 -1.303693 -0.394255 0.391585 0.024605
-0.094034 -0.467498 -0.087167 2.059777 -1.281949 -0.770771 0.880636 -0.025750 -0.415236 -0.000572 0.144388 2.214656 -1.303311 -0.394255 0.391585 0.024605
-0.094034 -0.475128 -0.084878 2.059777 -1.284619 -0.770771 0.880636 -0.025750 -0.415236 -0.000572 0.144388 2.214656 -1.303311 -0.394255 0.391585 0.024605
-0.094034 -0.483139 -0.082589 2.059777 -1.288434 -0.770771 0.880636 -0.025750 -0.415236 -0.000572 0.144388 2.214656 -1.303311 -0.394255 0.391966 0.024605
-0.094034 -0.490387 -0.080301 2.059777 -1.291485 -0.770771 0.880636 -0.025750 -0.415236 -0.000572 0.144388 2.214656 -1.303693 -0.394255 0.391585 0.024605
-0.094034 -0.497253 -0.078012 2.059777 -1.295300 -0.770771 0.880255 -0.025750 -0.415236 -0.000572 0.144388 2.214656 -1.303311 -0.394255 0.391966 0.024605
-0.094034 -0.504120 -0.076104 2.059777 -1.299878 -0.770771 0.880255 -0.025750 -0.415236 -0.000572 0.144388 2.214656 -1.303693 -0.394255 0.391966 0.024605
-0.094034 -0.509842 -0.074578 2.059777 -1.304074 -0.770771 0.880255 -0.025750 -0.415236 -0.000572 0.144388 2.214656 -1.303311 -0.394255 0.391966 0.024605
-0.094415 -0.515564 -0.073434 2.059777 -1.307507 -0.770771 0.880255 -0.025750 -0.415236 -0.000572 0.144388 2.214656 -1.303693 -0.394255 0.391585 0.024605
-0.094415 -0.521668 -0.072290 2.059777 -1.312085 -0.770771 0.880255 -0.025750 -0.415236 -0.000572 0.144388 2.214656 -1.303311 -0.394255 0.391966 0.024605
-0.094415 -0.527771 -0.071145 2.059777 -1.317426 -0.771153 0.880636 -0.025750 -0.415236 -0.000572 0.144388 2.214656 -1.303311 -0.394255 0.391585 0.024605
-0.094415 -0.534638 -0.069619 2.059777 -1.326963 -0.770771 0.880636 -0.025750 -0.415618 -0.000572 0.144388 2.214656 -1.303693 -0.394255 0.391585 0.024605
-0.094034 -0.539216 -0.068475 2.059777 -1.333829 -0.770771 0.880636 -0.025750 -0.415236 -0.000572 0.144388 2.214656 -1.303311 -0.394255 0.391966 0.024605
-0.094415 -0.544175 -0.067330 2.060159 -1.340696 -0.770771 0.880636 -0.025750 -0.415236 -0.000572 0.144388 2.214656 -1.303693 -0.394255 0.391966 0.024605
-0.094034 -0.548753 -0.066949 2.060159 -1.347944 -0.770771 0.881018 -0.025750 -0.415236 -0.000572 0.144388 2.214656 -1.303311 -0.394255 0.391585 0.024605
-0.094034 -0.553330 -0.066186 2.060540 -1.355955 -0.770771 0.881399 -0.025750 -0.415236 -0.000572 0.144388 2.214656 -1.303311 -0.394255 0.391585 0.024605
-0.094034 -0.557527 -0.065423 2.060540 -1.362440 -0.770771 0.881781 -0.025750 -0.415236 -0.000572 0.144388 2.214656 -1.303311 -0.394255 0.391966 0.024605
-0.094034 -0.561723 -0.065042 2.060540 -1.369688 -0.771153 0.883307 -0.025750 -0.415236 -0.000572 0.144388 2.214656 -1.303311 -0.394255 0.391585 0.024605
-0.094034 -0.565919 -0.064279 2.060540 -1.377699 -0.770771 0.884070 -0.025750 -0.415236 -0.000572 0.144388 2.214656 -1.303311 -0.394255 0.391966 0.024605
-0.094034 -0.570115 -0.063897 2.060540 -1.384947 -0.770771 0.883688 -0.025750 -0.415236 -0.000572 0.144388 2.214656 -1.303311 -0.394255 0.391966 0.024605
-0.094034 -0.575074 -0.063516 2.060540 -1.394102 -0.770771 0.883688 -0.025750 -0.415236 -0.000572 0.144388 2.214656 -1.303311 -0.394255 0.391966 0.024605
-0.094034 -0.578889 -0.063134 2.060540 -1.402113 -0.770771 0.884070 -0.025750 -0.415236 -0.000572 0.144388 2.214656 -1.303693 -0.394255 0.391966 0.024605
-0.094034 -0.583085 -0.063134 2.060540 -1.410124 -0.770771 0.884070 -0.025750 -0.415236 -0.000572 0.144388 2.214656 -1.303693 -0.394255 0.391966 0.024605
-0.094034 -0.586900 -0.062753 2.060540 -1.418135 -0.770771 0.884451 -0.025750 -0.415236 -0.000572 0.144388 2.214656 -1.303311 -0.394255 0.391966 0.024605
-0.094034 -0.590715 -0.062753 2.060922 -1.425765 -0.770771 0.884833 -0.025750 -0.415236 -0.000572 0.144388 2.214656 -1.303693 -0.394255 0.391585 0.024605
-0.094034 -0.593767 -0.062753 2.060922 -1.433776 -0.770771 0.885595 -0.025750 -0.415236 -0.000572 0.144388 2.214656 -1.303693 -0.394255 0.391966 0.024605
-0.094034 -0.597200 -0.062753 2.060922 -1.441787 -0.770771 0.887884 -0.025750 -0.415236 -0.000572 0.144388 2.214656 -1.303311 -0.394255 0.391585 0.024605
-0.094034 -0.600252 -0.062753 2.061303 -1.449416 -0.770771 0.889792 -0.025750 -0.415236 -0.000572 0.144388 2.214656 -1.303311 -0.394255 0.391585 0.024605
-0.094034 -0.603685 -0.062753 2.061303 -1.458190 -0.770771 0.892081 -0.025750 -0.415236 -0.000572 0.144388 2.214656 -1.303311 -0.394255 0.391585 0.024605
-0.094034 -0.606737 -0.062753 2.061685 -1.465820 -0.770771 0.893606 -0.025750 -0.415236 -0.000572 0.144388 2.214656 -1.303311 -0.394255 0.391966 0.024605
-0.094034 -0.609407 -0.062753 2.061685 -1.472686 -0.770771 0.895514 -0.025750 -0.415236 -0.000572 0.144388 2.214656 -1.303693 -0.394255 0.391966 0.024605
-0.094034 -0.612078 -0.062753 2.062066 -1.479553 -0.770771 0.898184 -0.025750 -0.415236 -0.000572 0.144388 2.214656 -1.303311 -0.394255 0.391966 0.024605
-0.094034 -0.614366 -0.062753 2.062066 -1.486801 -0.770771 0.901617 -0.025750 -0.415236 -0.000572 0.144388 2.214656 -1.303693 -0.394255 0.391585 0.024987
-0.094034 -0.615892 -0.062753 2.062829 -1.492905 -0.770771 0.905051 -0.025750 -0.415236 -0.000572 0.144388 2.214656 -1.303311 -0.394255 0.391585 0.024605
-0.094034 -0.618563 -0.062753 2.063592 -1.500534 -0.771153 0.909628 -0.025750 -0.415236 -0.000572 0.144388 2.214656 -1.303693 -0.394255 0.391585 0.024605
-0.094034 -0.620470 -0.062753 2.064736 -1.506638 -0.771153 0.913443 -0.025750 -0.415236 -0.000572 0.144388 2.214656 -1.303311 -0.394255 0.391585 0.024605
-0.094034 -0.621996 -0.062753 2.065881 -1.512360 -0.771153 0.917639 -0.025750 -0.415236 -0.000572 0.144388 2.214656 -1.303311 -0.394255 0.391966 0.024605
-0.094034 -0.623140 -0.062753 2.067407 -1.518082 -0.770771 0.923362 -0.025750 -0.415236 -0.000572 0.144388 2.214656 -1.303311 -0.394255 0.391585 0.024605
-0.094034 -0.624666 -0.062753 2.068170 -1.521897 -0.771153 0.927176 -0.025750 -0.415236 -0.000572 0.144388 2.214656 -1.303311 -0.394255 0.391585 0.024605
-0.094034 -0.625048 -0.062753 2.068933 -1.525711 -0.771153 0.930610 -0.025750 -0.415236 -0.000572 0.144388 2.214656 -1.303311 -0.394255 0.391585 0.024605
-0.094034 -0.625048 -0.062753 2.070459 -1.530289 -0.771153 0.935950 -0.025750 -0.415236 -0.000572 0.144388 2.214656 -1.303693 -0.394255 0.391585 0.024605
-0.094034 -0.624666 -0.062753 2.071984 -1.534867 -0.771153 0.939002 -0.025750 -0.415236 -0.000572 0.144388 2.214656 -1.303311 -0.394255 0.391585 0.024605
-0.094034 -0.624285 -0.062753 2.073510 -1.537537 -0.771153 0.941291 -0.025750 -0.415236 -0.000572 0.144388 2.214656 -1.303693 -0.394255 0.391966 0.024605
-0.094034 -0.624285 -0.062753 2.074655 -1.539826 -0.770771 0.943198 -0.025750 -0.415236 -0.000572 0.144388 2.214656 -1.303311 -0.394255 0.391966 0.024605
-0.093652 -0.624285 -0.062753 2.076562 -1.540970 -0.771153 0.943961 -0.025750 -0.415236 -0.000572 0.144388 2.214656 -1.303311 -0.394255 0.391966 0.024605
-0.093271 -0.624285 -0.062753 2.078088 -1.542115 -0.771153 0.944724 -0.025750 -0.415236 -0.000572 0.144388 2.214656 -1.303311 -0.394255 0.391966 0.024605
-0.092508 -0.624285 -0.062371 2.079614 -1.543259 -0.771153 0.945869 -0.025750 -0.415236 -0.000572 0.144388 2.214656 -1.303693 -0.394255 0.391966 0.024605
-0.091363 -0.624285 -0.061990 2.081140 -1.543641 -0.771153 0.946250 -0.025750 -0.415236 -0.000572 0.144388 2.214656 -1.303693 -0.394255 0.391966 0.024605
-0.090600 -0.624285 -0.061990 2.082666 -1.543641 -0.770771 0.946250 -0.025750 -0.415236 -0.000572 0.144388 2.214656 -1.303693 -0.394255 0.391966 0.024605
-0.089456 -0.624285 -0.061990 2.084573 -1.543259 -0.770771 0.946250 -0.025750 -0.415236 -0.000572 0.144388 2.214656 -1.303693 -0.394255 0.391966 0.024605
-0.087930 -0.624285 -0.061990 2.086862 -1.543259 -0.770771 0.946250 -0.025750 -0.415236 -0.000572 0.144388 2.214656 -1.303693 -0.394255 0.391966 0.024605
-0.087549 -0.624285 -0.061990 2.088769 -1.543259 -0.770771 0.946250 -0.025750 -0.415236 -0.000572 0.144388 2.214656 -1.303693 -0.394255 0.391966 0.024605
-0.086404 -0.624285 -0.061990 2.090295 -1.543259 -0.770771 0.946250 -0.025750 -0.415236 -0.000572 0.144388 2.214656 -1.303311 -0.394255 0.391585 0.024605
-0.084878 -0.624285 -0.061990 2.091440 -1.543259 -0.770771 0.946250 -0.025750 -0.415236 -0.000572 0.144388 2.214656 -1.303311 -0.394255 0.391585 0.024605
-0.084115 -0.624285 -0.061990 2.092584 -1.543259 -0.770771 0.946250 -0.025750 -0.415236 -0.000572 0.144388 2.214656 -1.303693 -0.394255 0.391966 0.024605
-0.082971 -0.624285 -0.061990 2.093347 -1.543259 -0.770771 0.946250 -0.025750 -0.415236 -0.000572 0.144388 2.214656 -1.303311 -0.394255 0.391585 0.024605
-0.082589 -0.624285 -0.061990 2.093729 -1.543259 -0.771153 0.945869 -0.025750 -0.415236 -0.000572 0.144388 2.214656 -1.303311 -0.394636 0.391966 0.024605
-0.082589 -0.624285 -0.061990 2.094110 -1.543641 -0.770771 0.946250 -0.025750 -0.415236 -0.000572 0.144388 2.214656 -1.303311 -0.394255 0.391966 0.024605
-0.082208 -0.624285 -0.061990 2.094110 -1.543259 -0.770771 0.946250 -0.025750 -0.415236 -0.000572 0.144388 2.214656 -1.303693 -0.394255 0.391966 0.024605
-0.081827 -0.624285 -0.061990 2.093729 -1.543259 -0.770771 0.945869 -0.025750 -0.415236 -0.000572 0.144388 2.214656 -1.303693 -0.394255 0.391966 0.024605
-0.082208 -0.624285 -0.061990 2.094110 -1.543259 -0.771153 0.946250 -0.025750 -0.415236 -0.000572 0.144388 2.214656 -1.303311 -0.394255 0.391585 0.024605
-0.082208 -0.624285 -0.061990 2.093729 -1.542878 -0.770771 0.945869 -0.025750 -0.415236 -0.000572 0.144388 2.214656 -1.303311 -0.394255 0.391585 0.024605
-0.082589 -0.624285 -0.061990 2.093729 -1.542878 -0.770771 0.945869 -0.025750 -0.415236 -0.000572 0.144388 2.214656 -1.303311 -0.394255 0.391966 0.024605
-0.082589 -0.624285 -0.061990 2.093729 -1.542878 -0.770771 0.945869 -0.025750 -0.415236 -0.000572 0.144388 2.214656 -1.303311 -0.394255 0.391585 0.024605
-0.082971 -0.624285 -0.061990 2.093729 -1.542878 -0.771153 0.945106 -0.025750 -0.415236 -0.000572 0.144388 2.214656 -1.303311 -0.394255 0.391966 0.024605
-0.082971 -0.624285 -0.061990 2.093729 -1.542496 -0.771153 0.944343 -0.025750 -0.415236 -0.000572 0.144388 2.214656 -1.303311 -0.394255 0.391966 0.024605
-0.082971 -0.624285 -0.061990 2.093729 -1.542115 -0.770771 0.943198 -0.025750 -0.415236 -0.000572 0.144388 2.214656 -1.303311 -0.394255 0.391585 0.024605
-0.082971 -0.624285 -0.061990 2.093729 -1.542115 -0.771153 0.941672 -0.025750 -0.415236 -0.000572 0.144388 2.214656 -1.303311 -0.394255 0.391585 0.024605
-0.082971 -0.624285 -0.061990 2.093729 -1.542115 -0.770771 0.941291 -0.025750 -0.415236 -0.000572 0.144388 2.214656 -1.303311 -0.394255 0.391585 0.024605
-0.082971 -0.624285 -0.061990 2.093729 -1.542115 -0.770771 0.941291 -0.025750 -0.415236 -0.000572 0.144388 2.214656 -1.303311 -0.394255 0.391585 0.024605
-0.082971 -0.624285 -0.061990 2.093729 -1.541733 -0.770771 0.941291 -0.025750 -0.415236 -0.000572 0.144388 2.214656 -1.303693 -0.394255 0.391585 0.024605
-0.082971 -0.624285 -0.061990 2.093729 -1.541352 -0.770771 0.940909 -0.025750 -0.415236 -0.000572 0.144388 2.214656 -1.303311 -0.394255 0.391585 0.024605
-0.082971 -0.624285 -0.061990 2.093729 -1.540208 -0.770771 0.939765 -0.026131 -0.415236 -0.000572 0.144388 2.214656 -1.303311 -0.394255 0.391585 0.024605
-0.082971 -0.624285 -0.061990 2.093729 -1.538682 -0.770771 0.937858 -0.026131 -0.415236 -0.000572 0.144388 2.214656 -1.303693 -0.394255 0.391585 0.024605
-0.082971 -0.624285 -0.061990 2.093729 -1.537156 -0.770771 0.935569 -0.026131 -0.415236 -0.000572 0.144388 2.214656 -1.303693 -0.394255 0.391966 0.024605
-0.082971 -0.624285 -0.061990 2.093729 -1.534867 -0.770771 0.933661 -0.026131 -0.415236 -0.000572 0.144388 2.214656 -1.303693 -0.394255 0.391966 0.024605
-0.082971 -0.624285 -0.061990 2.093729 -1.534485 -0.770771 0.931754 -0.026131 -0.415236 -0.000572 0.144388 2.214656 -1.303311 -0.394255 0.391966 0.024605
-0.082971 -0.624285 -0.061990 2.093729 -1.534104 -0.770771 0.930610 -0.026131 -0.415236 -0.000572 0.144388 2.214656 -1.303693 -0.394255 0.391966 0.024605
-0.082971 -0.624285 -0.062371 2.093729 -1.533722 -0.770771 0.929847 -0.026131 -0.415236 -0.000572 0.144388 2.214656 -1.303311 -0.394255 0.391966 0.024605
-0.082971 -0.624285 -0.062371 2.093729 -1.532578 -0.770771 0.928702 -0.026131 -0.415236 -0.000572 0.144388 2.214656 -1.303311 -0.394255 0.391585 0.024987
-0.082971 -0.624285 -0.062753 2.093729 -1.530671 -0.770771 0.927176 -0.026131 -0.415236 -0.000572 0.144388 2.214656 -1.303311 -0.394255 0.391966 0.024605
-0.082971 -0.624285 -0.063516 2.093729 -1.528763 -0.770390 0.926413 -0.026513 -0.415236 -0.000572 0.144388 2.214656 -1.303311 -0.394255 0.391966 0.024987
-0.082971 -0.624285 -0.064279 2.093729 -1.526474 -0.770771 0.926795 -0.026131 -0.415236 -0.000572 0.144388 2.214656 -1.303693 -0.394255 0.391585 0.024605
-0.082971 -0.624285 -0.064660 2.093729 -1.523804 -0.770771 0.926413 -0.026131 -0.415236 -0.000572 0.144388 2.214656 -1.303311 -0.394255 0.391966 0.024605
-0.082971 -0.624285 -0.065042 2.093729 -1.521134 -0.770390 0.926413 -0.026513 -0.415236 -0.000572 0.144388 2.214656 -1.303693 -0.394255 0.391585 0.024605
-0.082971 -0.624285 -0.065042 2.093729 -1.518463 -0.770771 0.926413 -0.026513 -0.415236 -0.000572 0.144388 2.214656 -1.303693 -0.394255 0.391966 0.024987
-0.082971 -0.624285 -0.065423 2.093729 -1.515793 -0.770771 0.926413 -0.026513 -0.415236 -0.000572 0.144388 2.214656 -1.303693 -0.394255 0.391966 0.024605
-0.082971 -0.624285 -0.065805 2.093729 -1.513504 -0.770771 0.926032 -0.026513 -0.415236 -0.000572 0.144388 2.214656 -1.303693 -0.394255 0.391585 0.024605
-0.082971 -0.624285 -0.065805 2.093729 -1.511978 -0.770771 0.925269 -0.026894 -0.415236 -0.000572 0.144388 2.214656 -1.303693 -0.394255 0.391966 0.024605
-0.082971 -0.624285 -0.065805 2.093729 -1.511978 -0.770771 0.924887 -0.026894 -0.415236 -0.000572 0.144388 2.214656 -1.303693 -0.394255 0.391966 0.024605
-0.082971 -0.624285 -0.065805 2.093729 -1.511978 -0.770771 0.924887 -0.027657 -0.415236 -0.000572 0.144388 2.214656 -1.303311 -0.394255 0.391585 0.024605
-0.082971 -0.624285 -0.065805 2.093729 -1.511978 -0.770771 0.924887 -0.029183 -0.415236 -0.000572 0.144388 2.214656 -1.303693 -0.394255 0.391966 0.024605
-0.082971 -0.624285 -0.065805 2.093729 -1.511978 -0.770771 0.924887 -0.032616 -0.415236 -0.000572 0.144388 2.214656 -1.303311 -0.394255 0.391966 0.024605
-0.082971 -0.624285 -0.065805 2.093729 -1.511978 -0.770771 0.924887 -0.037575 -0.415236 -0.000572 0.144388 2.214656 -1.303311 -0.394255 0.391966 0.024605
-0.082971 -0.624285 -0.065805 2.093729 -1.511978 -0.770771 0.924887 -0.045586 -0.415236 -0.000572 0.144388 2.214656 -1.303693 -0.394255 0.391585 0.024605
-0.082971 -0.624285 -0.065805 2.093729 -1.511978 -0.770771 0.924887 -0.055123 -0.415236 -0.000572 0.144388 2.214656 -1.303693 -0.394255 0.391585 0.024605
-0.082971 -0.624285 -0.065805 2.093729 -1.512360 -0.770771 0.924887 -0.068475 -0.415236 -0.000572 0.144388 2.214656 -1.303311 -0.394255 0.391585 0.024605
-0.082971 -0.624285 -0.065805 2.093729 -1.512360 -0.770771 0.924506 -0.082971 -0.415236 -0.000572 0.144388 2.214656 -1.303693 -0.394255 0.391966 0.024605
-0.082971 -0.624285 -0.065805 2.093729 -1.512360 -0.770771 0.924125 -0.098993 -0.415236 -0.000572 0.144388 2.214656 -1.303693 -0.394255 0.391585 0.024605
-0.082971 -0.624285 -0.065805 2.093729 -1.512360 -0.770771 0.923362 -0.118448 -0.415236 -0.000572 0.144388 2.214656 -1.303693 -0.394255 0.391966 0.024605
-0.083352 -0.624285 -0.065805 2.093729 -1.512360 -0.771153 0.922599 -0.138285 -0.415236 -0.000572 0.144388 2.214656 -1.303693 -0.394255 0.391585 0.024605
-0.083352 -0.624285 -0.065805 2.093729 -1.512360 -0.770771 0.921454 -0.158122 -0.415236 -0.000572 0.144388 2.214656 -1.303693 -0.394255 0.391966 0.024605
-0.083352 -0.624285 -0.065805 2.093729 -1.512360 -0.770771 0.919165 -0.177577 -0.415236 -0.000572 0.144388 2.214656 -1.303311 -0.394255 0.391966 0.024605
-0.083352 -0.624285 -0.065805 2.093729 -1.512741 -0.770771 0.917258 -0.199321 -0.415236 -0.000572 0.144388 2.214656 -1.303693 -0.394255 0.391966 0.024605
-0.083352 -0.624285 -0.065805 2.093729 -1.512360 -0.770771 0.914969 -0.220302 -0.415236 -0.000572 0.144388 2.214656 -1.303311 -0.394255 0.391966 0.024605
-0.082971 -0.623903 -0.065805 2.093729 -1.512360 -0.770771 0.913062 -0.243191 -0.415236 -0.000572 0.144388 2.214656 -1.303693 -0.394255 0.391585 0.024605
-0.082971 -0.624285 -0.065805 2.093729 -1.512360 -0.770771 0.911917 -0.265698 -0.415236 -0.000572 0.144388 2.214656 -1.303693 -0.394255 0.391966 0.024605
-0.082971 -0.623903 -0.065805 2.093729 -1.512360 -0.770771 0.911536 -0.289731 -0.415236 -0.000572 0.144388 2.214656 -1.303693 -0.394255 0.391585 0.024605
-0.082971 -0.623903 -0.065805 2.093729 -1.512741 -0.770771 0.911536 -0.314908 -0.415236 -0.000572 0.144388 2.214656 -1.303311 -0.394255 0.391966 0.024987
-0.082971 -0.624285 -0.065805 2.093729 -1.512741 -0.770771 0.911536 -0.338941 -0.415236 -0.000572 0.144388 2.214656 -1.303311 -0.394255 0.391966 0.024605
-0.082971 -0.624285 -0.065805 2.093729 -1.512741 -0.770771 0.911536 -0.364500 -0.415236 -0.000572 0.144388 2.214656 -1.303311 -0.394255 0.391966 0.024605
-0.082971 -0.624285 -0.065805 2.093729 -1.512741 -0.770771 0.911536 -0.390059 -0.415236 -0.000572 0.144388 2.214656 -1.303311 -0.394255 0.391966 0.024605
-0.082971 -0.623903 -0.065805 2.093729 -1.513123 -0.770771 0.911536 -0.414092 -0.415236 -0.000572 0.144388 2.214656 -1.303693 -0.394255 0.391966 0.024605
-0.082971 -0.623903 -0.065805 2.093729 -1.513123 -0.770771 0.911536 -0.436599 -0.415236 -0.000572 0.144388 2.214656 -1.303693 -0.394255 0.391585 0.024605
-0.082971 -0.623903 -0.065805 2.093729 -1.513123 -0.770771 0.911536 -0.464828 -0.415236 -0.000572 0.144388 2.214656 -1.303311 -0.394255 0.391966 0.024605
-0.082971 -0.624285 -0.065805 2.093729 -1.513123 -0.770771 0.911917 -0.484283 -0.415236 -0.000572 0.144388 2.214656 -1.303311 -0.394255 0.391585 0.024605
-0.082971 -0.624285 -0.065805 2.093729 -1.513123 -0.770771 0.911917 -0.502213 -0.415236 -0.000572 0.144388 2.214656 -1.303693 -0.394255 0.391966 0.024605
-0.082971 -0.624285 -0.065805 2.093729 -1.513123 -0.770771 0.911536 -0.524338 -0.415236 -0.000572 0.144388 2.214656 -1.303311 -0.394255 0.391585 0.024605
-0.082971 -0.624285 -0.065805 2.093729 -1.513123 -0.770771 0.911536 -0.538071 -0.415236 -0.000572 0.144388 2.214656 -1.303311 -0.394255 0.391966 0.024605
-0.082971 -0.623903 -0.065805 2.093729 -1.513123 -0.770771 0.911536 -0.550278 -0.415236 -0.000572 0.144388 2.214656 -1.303311 -0.394255 0.391966 0.024605
-0.082971 -0.623903 -0.065805 2.093729 -1.513123 -0.770771 0.911154 -0.562104 -0.415236 -0.000572 0.144388 2.214656 -1.303311 -0.394255 0.391966 0.024605
-0.083352 -0.623903 -0.065805 2.093729 -1.513123 -0.770771 0.910010 -0.571260 -0.415236 -0.000572 0.144388 2.214656 -1.303693 -0.394255 0.391966 0.024605
-0.083352 -0.624285 -0.065805 2.093729 -1.513123 -0.770771 0.908484 -0.578126 -0.415236 -0.000572 0.144388 2.214656 -1.303311 -0.394255 0.391966 0.024605
-0.083352 -0.623903 -0.065805 2.093729 -1.513123 -0.770771 0.906958 -0.583467 -0.415236 -0.000572 0.144388 2.214656 -1.303311 -0.394255 0.391585 0.024605
-0.082971 -0.624285 -0.065805 2.093729 -1.512741 -0.770771 0.905051 -0.588045 -0.415236 -0.000572 0.144388 2.214656 -1.303693 -0.394255 0.391585 0.024605
-0.082971 -0.624285 -0.065805 2.093729 -1.513123 -0.770771 0.904288 -0.591478 -0.415236 -0.000572 0.144388 2.214656 -1.303693 -0.394255 0.391966 0.024605
-0.082971 -0.624285 -0.065805 2.093729 -1.513123 -0.771153 0.904669 -0.593004 -0.415236 -0.000572 0.144388 2.214656 -1.303311 -0.394255 0.391966 0.024605
-0.082971 -0.624285 -0.065805 2.093729 -1.512741 -0.770771 0.904669 -0.592622 -0.415236 -0.000572 0.144388 2.214656 -1.303693 -0.394255 0.391585 0.024605
-0.082971 -0.624285 -0.065805 2.093729 -1.512741 -0.770771 0.904669 -0.592622 -0.415236 -0.000572 0.144388 2.214656 -1.303693 -0.394255 0.391585 0.024605
-0.082971 -0.624285 -0.065805 2.093729 -1.512741 -0.771153 0.904669 -0.592241 -0.415236 -0.000572 0.144388 2.214656 -1.303693 -0.394255 0.391585 0.024605
-0.082971 -0.623903 -0.065805 2.093729 -1.512741 -0.770771 0.904669 -0.592241 -0.415236 -0.000572 0.144388 2.214656 -1.303693 -0.394255 0.391966 0.024605
-0.083352 -0.623903 -0.065805 2.093729 -1.513123 -0.770771 0.904288 -0.592241 -0.415236 -0.000572 0.144388 2.214656 -1.303693 -0.394255 0.391966 0.024605
-0.083352 -0.623903 -0.065805 2.093729 -1.513123 -0.770771 0.904288 -0.592241 -0.415236 -0.000572 0.144388 2.214656 -1.303693 -0.394255 0.391966 0.024605
-0.083352 -0.623903 -0.065805 2.093729 -1.513123 -0.770771 0.904288 -0.592241 -0.415236 -0.000572 0.144388 2.214656 -1.303693 -0.394255 0.391585 0.024605
-0.083352 -0.624285 -0.065805 2.093729 -1.513123 -0.770771 0.904288 -0.592622 -0.415236 -0.000572 0.144388 2.214656 -1.303311 -0.394255 0.391585 0.024605
-0.083352 -0.624285 -0.065805 2.093729 -1.513123 -0.770771 0.904288 -0.592241 -0.415236 -0.000572 0.144388 2.214656 -1.303693 -0.394255 0.391966 0.024605
-0.083352 -0.623903 -0.065805 2.094110 -1.513123 -0.770771 0.904288 -0.592622 -0.415236 -0.000572 0.144388 2.214656 -1.303311 -0.394255 0.391585 0.024605
-0.083352 -0.624285 -0.065805 2.094110 -1.513123 -0.770771 0.904288 -0.592622 -0.415236 -0.000572 0.144388 2.214656 -1.303693 -0.394255 0.391966 0.024987
-0.083352 -0.624285 -0.065805 2.094110 -1.513123 -0.770771 0.904669 -0.592622 -0.415236 -0.000572 0.144388 2.214656 -1.303311 -0.394255 0.391585 0.024605
-0.083352 -0.624285 -0.065805 2.094110 -1.513123 -0.770771 0.904669 -0.592622 -0.415236 -0.000572 0.144388 2.214656 -1.303311 -0.394255 0.391585 0.024605
-0.083352 -0.623903 -0.065805 2.094491 -1.513123 -0.770771 0.904669 -0.592241 -0.415236 -0.000572 0.144388 2.214656 -1.303311 -0.394255 0.391966 0.024605
-0.083352 -0.624285 -0.065805 2.094491 -1.513123 -0.770771 0.904669 -0.592622 -0.415236 -0.000572 0.144388 2.214656 -1.303693 -0.394255 0.391966 0.024605
-0.083352 -0.624285 -0.065805 2.094873 -1.513123 -0.771153 0.904669 -0.592241 -0.415236 -0.000572 0.144388 2.214656 -1.303693 -0.394255 0.391966 0.024605
-0.083352 -0.624285 -0.065805 2.094873 -1.513504 -0.770771 0.904669 -0.592622 -0.415236 -0.000572 0.144388 2.214656 -1.303311 -0.394255 0.391966 0.024605
-0.083352 -0.624285 -0.065805 2.095254 -1.513886 -0.770771 0.904669 -0.592622 -0.415236 -0.000572 0.144388 2.214656 -1.303693 -0.394255 0.391966 0.024605
-0.083352 -0.624285 -0.065805 2.096017 -1.514267 -0.771153 0.904669 -0.592622 -0.415236 -0.000572 0.144388 2.214656 -1.303693 -0.394255 0.391966 0.024987
-0.083352 -0.623903 -0.065805 2.097162 -1.514267 -0.770771 0.905051 -0.592622 -0.415236 -0.000572 0.144388 2.214656 -1.303311 -0.394255 0.391966 0.024605
-0.082971 -0.624285 -0.065805 2.098306 -1.514267 -0.770771 0.905051 -0.592241 -0.415236 -0.000572 0.144388 2.214656 -1.303693 -0.394255 0.391966 0.024605
-0.082971 -0.624285 -0.065805 2.100214 -1.513886 -0.771153 0.905051 -0.592622 -0.415236 -0.000572 0.144388 2.214656 -1.303693 -0.394255 0.391966 0.024605
-0.082971 -0.624285 -0.065805 2.101358 -1.514267 -0.771153 0.905051 -0.592622 -0.415236 -0.000572 0.144388 2.214656 -1.303693 -0.394255 0.391966 0.024605
-0.082971 -0.624285 -0.065805 2.102884 -1.513886 -0.770771 0.905432 -0.592622 -0.415236 -0.000572 0.144388 2.214656 -1.303311 -0.394255 0.391585 0.024605
-0.082971 -0.624285 -0.065805 2.104791 -1.513886 -0.770771 0.905051 -0.592622 -0.415236 -0.000572 0.144388 2.214656 -1.303311 -0.394255 0.391966 0.024605
-0.082971 -0.624285 -0.065805 2.106317 -1.513886 -0.770771 0.905432 -0.592622 -0.415236 -0.000572 0.144388 2.214656 -1.303311 -0.394255 0.391585 0.024605
-0.082971 -0.624285 -0.065805 2.108225 -1.514267 -0.770771 0.905051 -0.592622 -0.415236 -0.000572 0.144388 2.214656 -1.303311 -0.394255 0.391966 0.024605
-0.082971 -0.623903 -0.065805 2.109751 -1.514267 -0.770771 0.905432 -0.592622 -0.415236 -0.000572 0.144388 2.214656 -1.303693 -0.394255 0.391966 0.024987
-0.082971 -0.624285 -0.065805 2.111658 -1.514267 -0.770771 0.905051 -0.593004 -0.415236 -0.000572 0.144388 2.214656 -1.303311 -0.394255 0.391966 0.024605
-0.082971 -0.624285 -0.065805 2.113565 -1.514267 -0.770771 0.905432 -0.593004 -0.415236 -0.000572 0.144388 2.214656 -1.303311 -0.394255 0.391966 0.024605
-0.082971 -0.624285 -0.065805 2.115091 -1.514267 -0.770771 0.905432 -0.593004 -0.415236 -0.000572 0.144388 2.214656 -1.303693 -0.394255 0.391966 0.024605
-0.082971 -0.624285 -0.065805 2.116617 -1.514649 -0.770771 0.905432 -0.593004 -0.415236 -0.000572 0.144388 2.214656 -1.303693 -0.394255 0.391966 0.024605
-0.082971 -0.623903 -0.065423 2.118906 -1.515793 -0.770771 0.905432 -0.593004 -0.415236 -0.000572 0.144388 2.214656 -1.303311 -0.394255 0.391966 0.024605
-0.082971 -0.624285 -0.065423 2.120432 -1.516938 -0.770771 0.905432 -0.593767 -0.415236 -0.000572 0.144388 2.214656 -1.303311 -0.394255 0.391966 0.024605
-0.082971 -0.624285 -0.065423 2.121958 -1.517319 -0.770771 0.905814 -0.596437 -0.415236 -0.000572 0.144388 2.214656 -1.303693 -0.394255 0.391966 0.024605
-0.082971 -0.624285 -0.065423 2.123865 -1.517700 -0.771153 0.905814 -0.600633 -0.415236 -0.000572 0.144388 2.214656 -1.303693 -0.394255 0.391966 0.024605
-0.082971 -0.624285 -0.065423 2.125772 -1.517700 -0.771153 0.905814 -0.604829 -0.415236 -0.000572 0.144388 2.214656 -1.303693 -0.394255 0.391966 0.024605
-0.082971 -0.624285 -0.065423 2.127298 -1.518082 -0.770771 0.906195 -0.609789 -0.415236 -0.000572 0.144388 2.214656 -1.303693 -0.394255 0.391966 0.024605
-0.082971 -0.624285 -0.065423 2.128824 -1.518463 -0.770771 0.906577 -0.615892 -0.415236 -0.000572 0.144388 2.214656 -1.303311 -0.394255 0.391966 0.024605
-0.082589 -0.624285 -0.065423 2.130732 -1.519608 -0.770771 0.907340 -0.621996 -0.415236 -0.000572 0.144388 2.214656 -1.303311 -0.394255 0.391966 0.024605
-0.082589 -0.624285 -0.065423 2.132639 -1.520752 -0.770771 0.909247 -0.629625 -0.415236 -0.000572 0.144388 2.214656 -1.303311 -0.394255 0.391966 0.024605
-0.082971 -0.624285 -0.065423 2.133783 -1.521515 -0.771153 0.910773 -0.636110 -0.415236 -0.000572 0.144388 2.214656 -1.303311 -0.394255 0.391966 0.024605
-0.082971 -0.624285 -0.065423 2.134928 -1.521897 -0.770771 0.912299 -0.642596 -0.415236 -0.000572 0.144388 2.214656 -1.303311 -0.394255 0.391966 0.024605
-0.082971 -0.624285 -0.065423 2.136454 -1.523423 -0.771153 0.913443 -0.650607 -0.415236 -0.000572 0.144388 2.214656 -1.303693 -0.394255 0.391966 0.024605
-0.082971 -0.624285 -0.065423 2.137980 -1.525330 -0.770771 0.914206 -0.657473 -0.415236 -0.000572 0.144388 2.214656 -1.303693 -0.394255 0.391966 0.024605
-0.082589 -0.624285 -0.065423 2.139124 -1.527237 -0.771153 0.914206 -0.663195 -0.415236 -0.000572 0.144388 2.214656 -1.303311 -0.394255 0.391585 0.024605
-0.082589 -0.624285 -0.065423 2.139887 -1.529145 -0.770771 0.914588 -0.669299 -0.415236 -0.000572 0.144388 2.214656 -1.303693 -0.394255 0.391585 0.024605
-0.082208 -0.624285 -0.065042 2.140650 -1.531052 -0.770771 0.916114 -0.676547 -0.415236 -0.000572 0.144388 2.214656 -1.303311 -0.394255 0.391966 0.024605
-0.082208 -0.624285 -0.064660 2.141032 -1.533722 -0.770771 0.918021 -0.682650 -0.415236 -0.000572 0.144388 2.214656 -1.303311 -0.394255 0.391585 0.024605
-0.082589 -0.624285 -0.063516 2.141413 -1.536011 -0.770771 0.919547 -0.687610 -0.415236 -0.000572 0.144388 2.214656 -1.303693 -0.394255 0.391585 0.024605
-0.082589 -0.624285 -0.062753 2.141794 -1.537156 -0.770771 0.920691 -0.692569 -0.415236 -0.000572 0.144388 2.214656 -1.303693 -0.394255 0.391585 0.024987
-0.082589 -0.624285 -0.062371 2.142176 -1.537919 -0.770771 0.921073 -0.698291 -0.415236 -0.000572 0.144388 2.214656 -1.303693 -0.394255 0.391585 0.024605
-0.082589 -0.623903 -0.061227 2.142939 -1.538682 -0.770771 0.920691 -0.703632 -0.415236 -0.000572 0.144388 2.214656 -1.303311 -0.394255 0.391585 0.024605
-0.082589 -0.623903 -0.059701 2.144465 -1.539445 -0.771153 0.920691 -0.707065 -0.415236 -0.000572 0.144388 2.214656 -1.303311 -0.394636 0.391966 0.024605
-0.082589 -0.623903 -0.057794 2.145609 -1.539063 -0.770771 0.920691 -0.709354 -0.415236 -0.000572 0.144388 2.214656 -1.303311 -0.394255 0.391966 0.024605
-0.082589 -0.624285 -0.056268 2.146372 -1.539063 -0.770771 0.920691 -0.710117 -0.415236 -0.000572 0.144388 2.214656 -1.303311 -0.394255 0.391966 0.024605
-0.082589 -0.624285 -0.054742 2.147517 -1.539063 -0.770771 0.920691 -0.711643 -0.415236 -0.000572 0.144388 2.214656 -1.303693 -0.394255 0.391585 0.024605
-0.082589 -0.624285 -0.053216 2.148280 -1.539063 -0.770771 0.920691 -0.712024 -0.415236 -0.000572 0.144388 2.214656 -1.303311 -0.394255 0.391585 0.024605
-0.082589 -0.623903 -0.051690 2.149042 -1.539063 -0.770771 0.920691 -0.712024 -0.415236 -0.000572 0.144388 2.214656 -1.303311 -0.394255 0.391966 0.024605
-0.082589 -0.623903 -0.049783 2.149424 -1.539063 -0.771153 0.920691 -0.712024 -0.415236 -0.000572 0.144388 2.214656 -1.303693 -0.394255 0.391966 0.024605
-0.082589 -0.624285 -0.048257 2.150187 -1.538682 -0.770771 0.920691 -0.712024 -0.415236 -0.000572 0.144388 2.214656 -1.303693 -0.394255 0.391966 0.024605
-0.082589 -0.624285 -0.046349 2.150950 -1.538682 -0.770771 0.921073 -0.712024 -0.415236 -0.000572 0.144388 2.214656 -1.303311 -0.394255 0.391966 0.024605
-0.082589 -0.624285 -0.044060 2.151713 -1.538682 -0.771153 0.920691 -0.712024 -0.415236 -0.000572 0.144388 2.214656 -1.303311 -0.394255 0.391966 0.024605
-0.082589 -0.624285 -0.042153 2.152476 -1.538682 -0.770771 0.920691 -0.712024 -0.415236 -0.000572 0.144388 2.214656 -1.303693 -0.394255 0.391585 0.024605
-0.082589 -0.624285 -0.039864 2.152857 -1.538682 -0.770771 0.921073 -0.712024 -0.415236 -0.000572 0.144388 2.214656 -1.303693 -0.394255 0.391585 0.024605
-0.082589 -0.624285 -0.037575 2.153239 -1.538682 -0.771153 0.921073 -0.712024 -0.415236 -0.000572 0.144388 2.214656 -1.303311 -0.394255 0.391585 0.024605
-0.082589 -0.624285 -0.035286 2.153620 -1.538682 -0.770771 0.921073 -0.712024 -0.415236 -0.000572 0.144388 2.214656 -1.303693 -0.394255 0.391966 0.024987
-0.082589 -0.624285 -0.032616 2.154002 -1.538682 -0.771153 0.921073 -0.712024 -0.415236 -0.000572 0.144388 2.214656 -1.303311 -0.394255 0.391966 0.024605
-0.082589 -0.623903 -0.029564 2.154765 -1.538682 -0.770771 0.921073 -0.712024 -0.415236 -0.000572 0.144388 2.214656 -1.303693 -0.394255 0.391966 0.024605
-0.082589 -0.624285 -0.026894 2.155146 -1.538300 -0.770771 0.921073 -0.712024 -0.415236 -0.000572 0.144388 2.214656 -1.303311 -0.394255 0.391966 0.024605
-0.082589 -0.624285 -0.023842 2.155909 -1.537919 -0.771153 0.921073 -0.712024 -0.415236 -0.000572 0.144388 2.214656 -1.303693 -0.394255 0.391585 0.024605
-0.082589 -0.623903 -0.020790 2.156672 -1.537156 -0.770771 0.921073 -0.712024 -0.415236 -0.000572 0.144388 2.214656 -1.303311 -0.394255 0.391585 0.024605
-0.082589 -0.623903 -0.018502 2.157435 -1.536393 -0.770771 0.921073 -0.712024 -0.415236 -0.000572 0.144388 2.214656 -1.303693 -0.394255 0.391966 0.024605
-0.082589 -0.623903 -0.015831 2.158198 -1.535630 -0.770771 0.920691 -0.712024 -0.415236 -0.000572 0.144388 2.214656 -1.303311 -0.394255 0.391585 0.024605
-0.082589 -0.623903 -0.013161 2.158579 -1.535248 -0.770771 0.920691 -0.712024 -0.415236 -0.000572 0.144388 2.214656 -1.303311 -0.394255 0.391966 0.024605
-0.082589 -0.624285 -0.010491 2.159342 -1.535248 -0.770771 0.920691 -0.712024 -0.415236 -0.000572 0.144388 2.214656 -1.303693 -0.394255 0.391966 0.024605
-0.082589 -0.623903 -0.008583 2.159342 -1.535248 -0.770771 0.920691 -0.712024 -0.415236 -0.000572 0.144388 2.214656 -1.303693 -0.394255 0.391585 0.024605
-0.082971 -0.623903 -0.006294 2.159724 -1.535248 -0.770771 0.920691 -0.712024 -0.415236 -0.000572 0.144388 2.214656 -1.303311 -0.394255 0.391966 0.024605
-0.082971 -0.623903 -0.004005 2.159724 -1.535248 -0.770771 0.920691 -0.712024 -0.415236 -0.000572 0.144388 2.214656 -1.303311 -0.394255 0.391966 0.024605
-0.082971 -0.623903 -0.001717 2.160105 -1.535248 -0.770771 0.920691 -0.712024 -0.415236 -0.000572 0.144388 2.214656 -1.303693 -0.394255 0.391966 0.024605
-0.082971 -0.623903 0.000572 2.160105 -1.535248 -0.770771 0.920310 -0.712024 -0.415236 -0.000572 0.144388 2.214656 -1.303311 -0.394255 0.391966 0.024605
-0.082971 -0.623903 0.003243 2.160105 -1.534867 -0.771153 0.920310 -0.712024 -0.415236 -0.000572 0.144388 2.214656 -1.303311 -0.394255 0.391966 0.024605
-0.082971 -0.623903 0.005913 2.160105 -1.534867 -0.770771 0.920310 -0.712024 -0.415236 -0.000572 0.144388 2.214656 -1.303693 -0.394255 0.391966 0.024605
-0.082971 -0.623903 0.008202 2.160105 -1.534867 -0.770771 0.920310 -0.712024 -0.415236 -0.000572 0.144388 2.214656 -1.303693 -0.394255 0.391585 0.024605
-0.082971 -0.623903 0.010491 2.160105 -1.534867 -0.770771 0.920310 -0.712024 -0.415236 -0.000572 0.144388 2.214656 -1.303693 -0.394255 0.391966 0.024605
-0.082971 -0.623903 0.012779 2.160105 -1.534485 -0.770771 0.920310 -0.712024 -0.415236 -0.000572 0.144388 2.214656 -1.303693 -0.394255 0.391966 0.024605
-0.082971 -0.623903 0.015068 2.160105 -1.534485 -0.770771 0.920310 -0.712024 -0.415236 -0.000572 0.144388 2.214656 -1.303311 -0.394255 0.391966 0.024605
-0.082971 -0.623903 0.017357 2.160105 -1.534104 -0.770771 0.920310 -0.712024 -0.415236 -0.000572 0.144388 2.214656 -1.303693 -0.394255 0.391966 0.024987
-0.082971 -0.623903 0.019646 2.160105 -1.533722 -0.770771 0.920310 -0.712024 -0.415236 -0.000572 0.144388 2.214656 -1.303311 -0.394255 0.391966 0.024605
-0.082971 -0.623903 0.021553 2.160105 -1.533722 -0.770390 0.920310 -0.712024 -0.415236 -0.000572 0.144388 2.214656 -1.303693 -0.394255 0.391966 0.024605
-0.082971 -0.623903 0.023842 2.160105 -1.532959 -0.770390 0.919928 -0.712024 -0.415236 -0.000572 0.144388 2.214656 -1.303693 -0.394255 0.391966 0.024605
-0.082971 -0.623903 0.025750 2.160105 -1.532578 -0.770390 0.919928 -0.712024 -0.415236 -0.000572 0.144388 2.214656 -1.303311 -0.394255 0.391966 0.024605
-0.082971 -0.623903 0.027657 2.160105 -1.531434 -0.770390 0.919928 -0.712024 -0.415236 -0.000572 0.144388 2.214656 -1.303311 -0.394255 0.391585 0.024605
-0.082589 -0.623903 0.029183 2.160105 -1.531052 -0.770390 0.919928 -0.712024 -0.415236 -0.000572 0.144388 2.214656 -1.303311 -0.394255 0.391966 0.024987
-0.082971 -0.623903 0.031090 2.160487 -1.531052 -0.770390 0.919928 -0.712024 -0.415236 -0.000572 0.144388 2.214656 -1.303311 -0.394255 0.391966 0.024987
-0.082971 -0.623903 0.032998 2.160487 -1.531052 -0.770390 0.919928 -0.712024 -0.415236 -0.000572 0.144388 2.214656 -1.303693 -0.394255 0.391966 0.024605
-0.082971 -0.623903 0.034905 2.160868 -1.530671 -0.770390 0.919928 -0.712024 -0.415236 -0.000572 0.144388 2.214656 -1.303693 -0.394255 0.391966 0.024605
-0.082971 -0.623903 0.036431 2.161250 -1.530289 -0.770008 0.919928 -0.712024 -0.415236 -0.000572 0.144388 2.214656 -1.303693 -0.394255 0.391966 0.024605
-0.082971 -0.623903 0.038338 2.161631 -1.528763 -0.770008 0.919928 -0.712024 -0.415236 -0.000572 0.144388 2.214656 -1.303311 -0.394255 0.391585 0.024605
-0.082971 -0.623903 0.040246 2.162013 -1.526474 -0.770008 0.919547 -0.712024 -0.415236 -0.000572 0.144388 2.214656 -1.303311 -0.394255 0.391585 0.024605
-0.082971 -0.623903 0.041390 2.162394 -1.524186 -0.770008 0.919547 -0.712024 -0.415236 -0.000572 0.144388 2.214656 -1.303693 -0.394255 0.391585 0.024605
-0.082971 -0.623903 0.042916 2.163157 -1.520752 -0.770008 0.919165 -0.712406 -0.415236 -0.000572 0.144388 2.214656 -1.303693 -0.394255 0.391585 0.024605
-0.082971 -0.623903 0.044060 2.164302 -1.516556 -0.769627 0.918784 -0.712024 -0.415236 -0.000572 0.144388 2.214656 -1.303693 -0.394255 0.391966 0.024605
-0.082971 -0.623522 0.045205 2.165446 -1.511597 -0.769245 0.916876 -0.712024 -0.415236 -0.000572 0.144388 2.214656 -1.303693 -0.394255 0.391966 0.024605
-0.082971 -0.623522 0.046731 2.166209 -1.507401 -0.768482 0.914588 -0.712024 -0.415236 -0.000572 0.144388 2.214656 -1.303311 -0.394255 0.391966 0.024605
-0.082971 -0.623522 0.048257 2.167353 -1.503204 -0.766194 0.911536 -0.712024 -0.415236 -0.000572 0.144388 2.214656 -1.303311 -0.394255 0.391966 0.024605
-0.082971 -0.623522 0.049401 2.168116 -1.500153 -0.763523 0.909247 -0.712024 -0.415236 -0.000572 0.144388 2.214656 -1.303693 -0.394255 0.391966 0.024605
-0.082971 -0.623522 0.050546 2.168879 -1.496338 -0.760472 0.906958 -0.712024 -0.415236 -0.000572 0.144388 2.214656 -1.303693 -0.394255 0.391585 0.024605
-0.082971 -0.623522 0.051308 2.169642 -1.494049 -0.758183 0.904669 -0.712024 -0.415236 -0.000572 0.144388 2.214656 -1.303693 -0.394255 0.391966 0.024605
-0.082971 -0.623522 0.052453 2.171168 -1.490234 -0.757038 0.903525 -0.712024 -0.415236 -0.000572 0.144388 2.214656 -1.303311 -0.394255 0.391966 0.024605
-0.082971 -0.623522 0.053216 2.171931 -1.487182 -0.755131 0.903143 -0.712406 -0.415236 -0.000572 0.144388 2.214656 -1.303311 -0.394255 0.391966 0.024605
-0.082971 -0.623522 0.053597 2.173075 -1.484131 -0.753605 0.903143 -0.712406 -0.415236 -0.000572 0.144388 2.214656 -1.303693 -0.394255 0.391966 0.024605
-0.082971 -0.623522 0.054360 2.173457 -1.481460 -0.752079 0.902762 -0.712024 -0.415236 -0.000572 0.144388 2.214656 -1.303693 -0.394255 0.391966 0.024605
-0.082971 -0.623522 0.054360 2.174220 -1.480697 -0.750935 0.902762 -0.712024 -0.415236 -0.000572 0.144388 2.214656 -1.303693 -0.394255 0.391966 0.024605
-0.082971 -0.623522 0.054360 2.174983 -1.480697 -0.750553 0.902762 -0.712024 -0.415236 -0.000572 0.144388 2.214656 -1.303693 -0.394255 0.391585 0.024605
-0.082971 -0.623522 0.054360 2.175364 -1.480697 -0.750553 0.902762 -0.712406 -0.415236 -0.000572 0.144388 2.214656 -1.303311 -0.394255 0.391585 0.024605
-0.082971 -0.623522 0.054360 2.175746 -1.480697 -0.750172 0.902380 -0.712024 -0.415236 -0.000572 0.144388 2.214656 -1.303311 -0.394255 0.391585 0.024605
-0.082971 -0.623522 0.054360 2.176509 -1.480697 -0.749790 0.901999 -0.712024 -0.415236 -0.000572 0.144388 2.214656 -1.303311 -0.394255 0.391966 0.024605
-0.082971 -0.623522 0.054360 2.176890 -1.480697 -0.748264 0.901236 -0.712024 -0.415236 -0.000572 0.144388 2.214656 -1.303693 -0.394255 0.391966 0.024605
-0.082971 -0.623522 0.054360 2.177272 -1.480697 -0.746738 0.900855 -0.712024 -0.415236 -0.000572 0.144388 2.214656 -1.303693 -0.394255 0.391966 0.024605
-0.082971 -0.623140 0.054360 2.178035 -1.481079 -0.746738 0.900473 -0.712024 -0.415236 -0.000572 0.144388 2.214656 -1.303311 -0.394255 0.391585 0.024605
-0.083352 -0.623522 0.054360 2.178798 -1.481079 -0.746357 0.900092 -0.712024 -0.415236 -0.000572 0.144388 2.214656 -1.303311 -0.394255 0.391585 0.024605
-0.083352 -0.623522 0.054360 2.178798 -1.481079 -0.745594 0.899329 -0.712024 -0.415236 -0.000572 0.144388 2.214656 -1.303693 -0.394255 0.391585 0.024605
-0.083352 -0.623522 0.054360 2.178798 -1.481079 -0.744450 0.897803 -0.712024 -0.415236 -0.000572 0.144388 2.214656 -1.303311 -0.394255 0.391966 0.024605
-0.083352 -0.623522 0.054360 2.178798 -1.481079 -0.743687 0.896658 -0.712024 -0.415236 -0.000572 0.144388 2.214656 -1.303311 -0.394255 0.391966 0.024605
-0.083352 -0.623140 0.054360 2.178798 -1.481079 -0.743687 0.895132 -0.712024 -0.415236 -0.000572 0.144388 2.214656 -1.303693 -0.394255 0.391966 0.024605
-0.083352 -0.623140 0.054360 2.178798 -1.481079 -0.743687 0.893988 -0.712024 -0.415236 -0.000572 0.144388 2.214656 -1.303311 -0.394255 0.391585 0.024605
-0.083352 -0.621996 0.054360 2.178798 -1.480697 -0.743687 0.893225 -0.712024 -0.415236 -0.000572 0.144388 2.214656 -1.303311 -0.394255 0.391585 0.024605
-0.083352 -0.620851 0.054360 2.178798 -1.479934 -0.743687 0.893225 -0.712024 -0.415236 -0.000572 0.144388 2.214656 -1.303693 -0.394255 0.391966 0.024605
-0.083352 -0.620470 0.054360 2.178798 -1.479171 -0.743687 0.892844 -0.712024 -0.415236 -0.000572 0.144388 2.214656 -1.303311 -0.394255 0.391966 0.024605
-0.083352 -0.619326 0.054360 2.178798 -1.477646 -0.743687 0.892844 -0.712024 -0.415236 -0.000572 0.144388 2.214656 -1.303311 -0.394255 0.391966 0.024605
-0.083352 -0.618181 0.054360 2.178798 -1.475738 -0.743305 0.893225 -0.712024 -0.415236 -0.000572 0.144388 2.214656 -1.303693 -0.394255 0.391966 0.024605
-0.083352 -0.617800 0.054360 2.178798 -1.473068 -0.743305 0.892844 -0.712024 -0.415236 -0.000572 0.144388 2.214656 -1.303311 -0.394255 0.391966 0.024605
-0.083352 -0.617037 0.054360 2.178798 -1.470397 -0.743305 0.892462 -0.712024 -0.415236 -0.000572 0.144388 2.214656 -1.303693 -0.394255 0.391966 0.024605
-0.083352 -0.615511 0.054360 2.178798 -1.466964 -0.742924 0.893225 -0.712024 -0.415236 -0.000572 0.144388 2.214656 -1.303693 -0.394255 0.391966 0.024605
-0.083352 -0.615129 0.054360 2.178798 -1.465438 -0.742542 0.892844 -0.712024 -0.415236 -0.000572 0.144388 2.214656 -1.303311 -0.394255 0.391966 0.024605
-0.083352 -0.613985 0.054360 2.178798 -1.463149 -0.742161 0.892844 -0.712024 -0.415236 -0.000572 0.144388 2.214656 -1.303311 -0.394255 0.391585 0.024605
-0.083352 -0.612840 0.054742 2.178798 -1.461242 -0.741398 0.893606 -0.712024 -0.415236 -0.000572 0.144388 2.214656 -1.303311 -0.394255 0.391966 0.024605
-0.083352 -0.612078 0.055123 2.178798 -1.459335 -0.739109 0.892844 -0.712024 -0.415236 -0.000572 0.144388 2.214656 -1.303311 -0.394255 0.391966 0.024605
-0.083352 -0.610170 0.055505 2.178798 -1.459335 -0.739109 0.893225 -0.712024 -0.415236 -0.000572 0.144388 2.214656 -1.303693 -0.394255 0.391966 0.024605
-0.083352 -0.609789 0.055886 2.178798 -1.458953 -0.738346 0.893606 -0.712024 -0.415236 -0.000572 0.144388 2.214656 -1.303693 -0.394255 0.391585 0.024605
-0.083352 -0.607881 0.055886 2.178798 -1.458572 -0.735294 0.892844 -0.712024 -0.415236 -0.000572 0.144388 2.214656 -1.303311 -0.394255 0.391585 0.024605
-0.083352 -0.607118 0.055886 2.178798 -1.457809 -0.733005 0.893606 -0.712024 -0.415236 -0.000572 0.144388 2.214656 -1.303311 -0.394255 0.391585 0.024605
-0.083352 -0.605974 0.055886 2.178798 -1.457046 -0.731098 0.893225 -0.712024 -0.415236 -0.000572 0.144388 2.214656 -1.303693 -0.394255 0.391966 0.024605
-0.082971 -0.604448 0.055886 2.178798 -1.457046 -0.731479 0.893606 -0.712024 -0.415236 -0.000572 0.144388 2.214656 -1.303311 -0.394255 0.391585 0.024605
-0.083352 -0.602922 0.056268 2.178798 -1.457046 -0.731479 0.893225 -0.712024 -0.415236 -0.000572 0.144388 2.214656 -1.303311 -0.394255 0.391585 0.024605
-0.083352 -0.601778 0.056268 2.178798 -1.457046 -0.731479 0.893988 -0.712024 -0.415236 -0.000572 0.144388 2.214656 -1.303311 -0.394255 0.391966 0.024605
-0.083352 -0.601015 0.056268 2.178798 -1.457427 -0.731479 0.893606 -0.712024 -0.415236 -0.000572 0.144388 2.214656 -1.303311 -0.394255 0.391585 0.024605
-0.082971 -0.599107 0.056268 2.178798 -1.457427 -0.731479 0.893988 -0.712024 -0.415236 -0.000572 0.144388 2.214656 -1.303311 -0.394255 0.391966 0.024987
-0.082971 -0.598726 0.056649 2.178798 -1.457427 -0.731479 0.893606 -0.712024 -0.415236 -0.000572 0.144388 2.214656 -1.303693 -0.394255 0.391585 0.024605
-0.082971 -0.596818 0.057412 2.178798 -1.457427 -0.731479 0.893225 -0.712024 -0.415236 -0.000572 0.144388 2.214656 -1.303311 -0.394255 0.391966 0.024605
-0.083352 -0.596056 0.058175 2.178798 -1.457427 -0.731479 0.893988 -0.712024 -0.415236 -0.000572 0.144388 2.214656 -1.303311 -0.394255 0.391966 0.024605
-0.083352 -0.594148 0.058938 2.178798 -1.457427 -0.731479 0.893225 -0.712024 -0.415236 -0.000572 0.144388 2.214656 -1.303311 -0.394255 0.391966 0.024605
-0.083352 -0.592622 0.060464 2.178798 -1.457427 -0.731098 0.893606 -0.712024 -0.415236 -0.000572 0.144388 2.214656 -1.303693 -0.394255 0.391966 0.024605
-0.083352 -0.590715 0.061608 2.178798 -1.457046 -0.730716 0.893225 -0.712024 -0.415236 -0.000572 0.144388 2.214656 -1.303311 -0.394255 0.391585 0.024605
-0.083352 -0.588426 0.062753 2.178798 -1.456664 -0.729191 0.893606 -0.712024 -0.415236 -0.000572 0.144388 2.214656 -1.303311 -0.394255 0.391966 0.024605
-0.082971 -0.586137 0.064279 2.178798 -1.456664 -0.727665 0.893606 -0.712024 -0.415236 -0.000572 0.144388 2.214656 -1.303311 -0.394255 0.391585 0.024605
-0.082971 -0.584230 0.066186 2.178798 -1.456283 -0.726139 0.893606 -0.712024 -0.415236 -0.000572 0.144388 2.214656 -1.303693 -0.394255 0.391585 0.024605
-0.083352 -0.582322 0.068093 2.178798 -1.455901 -0.724231 0.893606 -0.712024 -0.415236 -0.000572 0.144388 2.214656 -1.303693 -0.394255 0.391585 0.024605
-0.083352 -0.580415 0.070001 2.178798 -1.455520 -0.723468 0.893606 -0.712024 -0.415236 -0.000572 0.144388 2.214656 -1.303311 -0.394255 0.391585 0.024605
-0.083352 -0.578889 0.072290 2.178798 -1.454757 -0.721942 0.893606 -0.712024 -0.415236 -0.000572 0.144388 2.214656 -1.303693 -0.394255 0.391966 0.024605
-0.083352 -0.576982 0.074578 2.178798 -1.453613 -0.720035 0.893606 -0.712024 -0.415236 -0.000572 0.144388 2.214656 -1.303693 -0.394255 0.391966 0.024605
-0.083352 -0.574311 0.077249 2.178798 -1.452087 -0.717365 0.893606 -0.712024 -0.415236 -0.000572 0.144388 2.214656 -1.303693 -0.394255 0.391966 0.024605
-0.083352 -0.571641 0.079919 2.178798 -1.451324 -0.715839 0.893606 -0.712024 -0.415236 -0.000572 0.144388 2.214656 -1.303693 -0.394255 0.391966 0.024605
-0.083352 -0.569352 0.082208 2.178798 -1.449798 -0.714313 0.893606 -0.712024 -0.415236 -0.000572 0.144388 2.214656 -1.303311 -0.394255 0.391966 0.024605
-0.083352 -0.566682 0.085260 2.178798 -1.446746 -0.712406 0.893606 -0.712024 -0.415236 -0.000572 0.144388 2.214656 -1.303693 -0.394255 0.391585 0.024605
-0.083352 -0.564393 0.087549 2.178798 -1.442931 -0.711261 0.893606 -0.712024 -0.415236 -0.000572 0.144388 2.214656 -1.303693 -0.394255 0.391966 0.024605
-0.083352 -0.562104 0.090600 2.178798 -1.438735 -0.709354 0.893606 -0.712024 -0.415236 -0.000572 0.144388 2.214656 -1.303693 -0.394255 0.391966 0.024605
-0.083352 -0.559052 0.093271 2.179179 -1.434157 -0.709354 0.893225 -0.712024 -0.415236 -0.000572 0.144388 2.214656 -1.303693 -0.394255 0.391966 0.024605
-0.083352 -0.556382 0.096323 2.179179 -1.430343 -0.709354 0.893225 -0.712024 -0.415236 -0.000572 0.144388 2.214656 -1.303311 -0.394255 0.391585 0.024605
-0.083352 -0.553330 0.098993 2.179179 -1.426528 -0.709354 0.893225 -0.712024 -0.415236 -0.000572 0.144388 2.214656 -1.303311 -0.394255 0.391966 0.024605
-0.083352 -0.550660 0.101663 2.179179 -1.422332 -0.708972 0.892462 -0.712024 -0.415236 -0.000572 0.144388 2.214656 -1.303693 -0.394255 0.391585 0.024605
-0.083352 -0.547608 0.104334 2.179179 -1.417754 -0.708972 0.890555 -0.712024 -0.415236 -0.000572 0.144388 2.214656 -1.303311 -0.394255 0.391585 0.024605
-0.083352 -0.544938 0.106622 2.179179 -1.412795 -0.708209 0.889029 -0.712024 -0.415236 -0.000572 0.144388 2.214656 -1.303311 -0.394255 0.391966 0.024605
-0.083352 -0.541505 0.109293 2.179179 -1.407454 -0.706683 0.888266 -0.712024 -0.415236 -0.000572 0.144388 2.214656 -1.303693 -0.394255 0.391966 0.024605
-0.083352 -0.538071 0.111582 2.179561 -1.403258 -0.705539 0.888647 -0.712024 -0.415236 -0.000572 0.144388 2.214656 -1.303693 -0.394255 0.391966 0.024605
-0.083734 -0.534257 0.114633 2.179942 -1.399062 -0.704776 0.888266 -0.712024 -0.415236 -0.000572 0.144388 2.214656 -1.303693 -0.394255 0.391966 0.024605
-0.083734 -0.530823 0.116922 2.179942 -1.394865 -0.703632 0.887884 -0.712024 -0.415236 -0.000572 0.144388 2.214656 -1.303311 -0.394255 0.391966 0.024605
-0.083734 -0.526627 0.119211 2.180323 -1.389143 -0.700961 0.887884 -0.712024 -0.415236 -0.000572 0.144388 2.214656 -1.303693 -0.394255 0.391585 0.024605
-0.083734 -0.522812 0.121881 2.180705 -1.380751 -0.697910 0.887121 -0.712024 -0.415236 -0.000572 0.144388 2.214656 -1.303311 -0.394255 0.391585 0.024605
-0.083734 -0.517853 0.124170 2.180705 -1.373884 -0.695239 0.886740 -0.712024 -0.415236 -0.000572 0.144388 2.214656 -1.303693 -0.394255 0.391966 0.024605
-0.084115 -0.513657 0.126078 2.180705 -1.367399 -0.693332 0.885977 -0.712024 -0.415236 -0.000572 0.144388 2.214656 -1.303693 -0.394255 0.391585 0.024605
-0.084497 -0.509079 0.127985 2.180705 -1.360151 -0.691424 0.885214 -0.712024 -0.415236 -0.000572 0.144388 2.214656 -1.303311 -0.394255 0.391966 0.024605
-0.086023 -0.503357 0.129892 2.180705 -1.351759 -0.688754 0.884833 -0.712024 -0.415236 -0.000572 0.144388 2.214656 -1.303311 -0.394255 0.391966 0.024605
-0.086404 -0.498779 0.131418 2.180705 -1.345655 -0.684939 0.884833 -0.712024 -0.415236 -0.000572 0.144388 2.214656 -1.303311 -0.394255 0.391585 0.024605
-0.087549 -0.493820 0.132563 2.180705 -1.339551 -0.680362 0.884451 -0.712406 -0.415236 -0.000572 0.144388 2.214656 -1.303693 -0.394255 0.391966 0.024605
-0.089075 -0.488861 0.133707 2.180705 -1.332685 -0.675402 0.882925 -0.712406 -0.415236 -0.000572 0.144388 2.214656 -1.303693 -0.394255 0.391966 0.024605
-0.090219 -0.483520 0.134470 2.180705 -1.325437 -0.670825 0.882162 -0.712406 -0.415236 -0.000572 0.144388 2.214656 -1.303311 -0.394255 0.391966 0.024605
-0.091745 -0.478561 0.134852 2.180705 -1.320478 -0.666247 0.881399 -0.712024 -0.415236 -0.000572 0.144388 2.214656 -1.303693 -0.394255 0.391966 0.024605
-0.094034 -0.473220 0.134852 2.180705 -1.316281 -0.661288 0.882162 -0.712024 -0.415236 -0.000572 0.144388 2.214656 -1.303311 -0.394255 0.391966 0.024605
-0.096323 -0.467117 0.134470 2.180323 -1.310941 -0.655184 0.882544 -0.712406 -0.415236 -0.000572 0.144388 2.214656 -1.303311 -0.394255 0.391585 0.024605
-0.098993 -0.461776 0.134470 2.180323 -1.305982 -0.650607 0.882162 -0.712024 -0.415236 -0.000572 0.144388 2.214656 -1.303311 -0.394255 0.391966 0.024987
-0.102045 -0.456054 0.134470 2.180323 -1.300641 -0.647555 0.882544 -0.712024 -0.415236 -0.000572 0.144388 2.214656 -1.303693 -0.394255 0.391585 0.024605
-0.105478 -0.450713 0.134470 2.180323 -1.296445 -0.644121 0.882544 -0.712024 -0.415236 -0.000572 0.144388 2.214656 -1.303311 -0.394255 0.391585 0.024605
-0.108530 -0.446136 0.134470 2.180323 -1.291867 -0.639162 0.882544 -0.712024 -0.415236 -0.000572 0.144388 2.214656 -1.303693 -0.394255 0.391585 0.024605
-0.111582 -0.441176 0.134470 2.180323 -1.287671 -0.633440 0.882544 -0.712406 -0.415236 -0.000572 0.144388 2.214656 -1.303311 -0.394255 0.391585 0.024605
-0.115778 -0.436980 0.134470 2.180323 -1.284237 -0.628481 0.882544 -0.712406 -0.415236 -0.000572 0.144388 2.214656 -1.303311 -0.394255 0.391585 0.024605
-0.120737 -0.432021 0.134470 2.180323 -1.281567 -0.624285 0.882544 -0.712406 -0.415236 -0.000572 0.144388 2.214656 -1.303693 -0.394255 0.391585 0.024605
-0.124933 -0.428588 0.134470 2.180323 -1.279660 -0.622377 0.882544 -0.712406 -0.415236 -0.000572 0.144388 2.214656 -1.303311 -0.394255 0.391585 0.024605
-0.129892 -0.425154 0.134470 2.180323 -1.279278 -0.619326 0.882925 -0.712406 -0.415236 -0.000572 0.144388 2.214656 -1.303693 -0.394255 0.391966 0.024605
-0.134852 -0.422103 0.134470 2.180323 -1.279660 -0.615129 0.883688 -0.712406 -0.415236 -0.000572 0.144388 2.214656 -1.303311 -0.394255 0.391585 0.024605
-0.139811 -0.419051 0.134470 2.180323 -1.279660 -0.610933 0.884451 -0.712024 -0.415236 -0.000572 0.144388 2.214656 -1.303693 -0.394255 0.391585 0.024605
-0.144007 -0.417144 0.134470 2.180323 -1.280423 -0.606355 0.884833 -0.712024 -0.415236 -0.000572 0.144388 2.214656 -1.303311 -0.394255 0.391966 0.024605
-0.148966 -0.415236 0.134470 2.180323 -1.281186 -0.602922 0.884833 -0.712406 -0.415236 -0.000572 0.144388 2.214656 -1.303693 -0.394255 0.391966 0.024605
-0.153925 -0.414473 0.134470 2.180323 -1.283093 -0.600252 0.884833 -0.712024 -0.415236 -0.000572 0.144388 2.214656 -1.303311 -0.394255 0.391585 0.024605
-0.157740 -0.413329 0.134852 2.180323 -1.286526 -0.600633 0.885595 -0.712024 -0.415236 -0.000572 0.144388 2.214656 -1.303693 -0.394255 0.391966 0.024605
-0.162318 -0.412947 0.134470 2.180323 -1.291867 -0.600252 0.886358 -0.712406 -0.415236 -0.000572 0.144388 2.214656 -1.303693 -0.394255 0.391966 0.024605
-0.167277 -0.412947 0.134470 2.180323 -1.297208 -0.600252 0.886740 -0.712024 -0.415236 -0.000572 0.144388 2.214656 -1.303311 -0.394255 0.391966 0.024605
-0.171855 -0.413329 0.134470 2.180323 -1.303311 -0.600252 0.887503 -0.712024 -0.415236 -0.000572 0.144388 2.214656 -1.303311 -0.394636 0.391585 0.024605
-0.175288 -0.413710 0.134470 2.180323 -1.308270 -0.599489 0.889410 -0.712024 -0.415236 -0.000572 0.144388 2.214656 -1.303693 -0.394255 0.391966 0.024605
-0.179484 -0.414092 0.134470 2.180323 -1.312848 -0.597581 0.891699 -0.712024 -0.415236 -0.000572 0.144388 2.214656 -1.303693 -0.394255 0.391585 0.024605
-0.183680 -0.413710 0.134470 2.180323 -1.317426 -0.596437 0.894369 -0.712024 -0.415236 -0.000572 0.144388 2.214656 -1.303311 -0.394255 0.391585 0.024605
-0.188640 -0.413710 0.134470 2.180323 -1.325055 -0.596437 0.900092 -0.712024 -0.415236 -0.000572 0.144388 2.214656 -1.303693 -0.394255 0.391585 0.024605
-0.191691 -0.413710 0.134470 2.180323 -1.330014 -0.595674 0.904288 -0.712024 -0.415236 -0.000572 0.144388 2.214656 -1.303693 -0.394255 0.391585 0.024605
-0.195125 -0.413710 0.134470 2.180323 -1.334211 -0.592622 0.908484 -0.712024 -0.415236 -0.000572 0.144388 2.214656 -1.303693 -0.394255 0.391585 0.024605
-0.198558 -0.414092 0.134470 2.180323 -1.337263 -0.589189 0.913443 -0.712024 -0.415236 -0.000572 0.144388 2.214656 -1.303311 -0.394636 0.391585 0.024605
-0.201228 -0.413710 0.134470 2.180323 -1.341840 -0.586519 0.918402 -0.712024 -0.415236 -0.000572 0.144388 2.214656 -1.303693 -0.394255 0.391966 0.024605
-0.203899 -0.413710 0.134470 2.180323 -1.346799 -0.583848 0.922980 -0.712024 -0.415236 -0.000572 0.144388 2.214656 -1.303693 -0.394255 0.391585 0.024987
-0.206569 -0.413710 0.134470 2.180323 -1.352522 -0.580034 0.928321 -0.712024 -0.415236 -0.000572 0.144388 2.214656 -1.303311 -0.394255 0.391585 0.024605
-0.208476 -0.413710 0.134470 2.180323 -1.356718 -0.576982 0.932136 -0.712024 -0.415236 -0.000572 0.144388 2.214656 -1.303693 -0.394255 0.391966 0.024605
-0.210384 -0.413710 0.134470 2.180323 -1.359770 -0.574311 0.935187 -0.712024 -0.415236 -0.000572 0.144388 2.214656 -1.303311 -0.394255 0.391585 0.024987
-0.211910 -0.413710 0.134470 2.180323 -1.362440 -0.574311 0.937095 -0.712024 -0.415236 -0.000572 0.144388 2.214656 -1.303693 -0.394255 0.391585 0.024605
-0.213817 -0.413710 0.134470 2.180323 -1.364347 -0.574311 0.938239 -0.712024 -0.415236 -0.000572 0.144388 2.214656 -1.303311 -0.394255 0.391966 0.024605
-0.214580 -0.413710 0.134470 2.180323 -1.364347 -0.574311 0.939002 -0.712024 -0.415236 -0.000572 0.144388 2.214656 -1.303693 -0.394255 0.391966 0.024605
-0.215724 -0.413710 0.134470 2.180323 -1.364347 -0.574311 0.939002 -0.712024 -0.415236 -0.000572 0.144388 2.214656 -1.303693 -0.394255 0.391585 0.024605
-0.216869 -0.413710 0.134470 2.180323 -1.364347 -0.574311 0.939002 -0.712024 -0.415236 -0.000954 0.144388 2.214656 -1.303693 -0.394255 0.391585 0.024605
-0.216869 -0.413710 0.134470 2.180323 -1.364347 -0.574311 0.939384 -0.712024 -0.415236 -0.000572 0.144388 2.214656 -1.303311 -0.394255 0.391585 0.024605
-0.217250 -0.413710 0.134470 2.180323 -1.364347 -0.574311 0.939384 -0.712024 -0.415236 -0.000572 0.144388 2.214656 -1.303693 -0.394255 0.391966 0.024987
-0.218013 -0.413710 0.134470 2.180323 -1.364347 -0.574311 0.939002 -0.712024 -0.415236 -0.000572 0.144388 2.214656 -1.303311 -0.394255 0.391966 0.024605
-0.218776 -0.413710 0.134470 2.180323 -1.364347 -0.574311 0.939384 -0.712024 -0.415236 -0.000572 0.144388 2.214656 -1.303311 -0.394255 0.391966 0.024605
-0.219158 -0.413710 0.134470 2.180323 -1.364347 -0.574311 0.939384 -0.712024 -0.415236 -0.000572 0.144388 2.214656 -1.303311 -0.394255 0.391966 0.024605
-0.219158 -0.413710 0.134470 2.180323 -1.364347 -0.574311 0.939384 -0.712024 -0.415236 -0.000572 0.144388 2.214656 -1.303693 -0.394255 0.391966 0.024605
-0.219158 -0.413710 0.134470 2.180323 -1.364347 -0.574311 0.939384 -0.712024 -0.415236 -0.000572 0.144388 2.214656 -1.303311 -0.394255 0.391585 0.024605
-0.219158 -0.413710 0.134470 2.180323 -1.364347 -0.574693 0.939002 -0.712024 -0.415236 -0.000572 0.144388 2.214656 -1.303693 -0.394255 0.391966 0.024605
-0.219158 -0.413710 0.134470 2.180323 -1.364347 -0.574693 0.939384 -0.712024 -0.415236 -0.000572 0.144388 2.214656 -1.303311 -0.394255 0.391966 0.024987
-0.219158 -0.413710 0.134470 2.180323 -1.364729 -0.574693 0.939384 -0.712024 -0.415236 -0.000572 0.144388 2.214656 -1.303693 -0.394255 0.391585 0.024605
-0.219158 -0.413710 0.134470 2.180323 -1.365110 -0.574693 0.939384 -0.712024 -0.415236 -0.000572 0.144388 2.214656 -1.303311 -0.394255 0.391966 0.024605
-0.219158 -0.413710 0.134852 2.180323 -1.366255 -0.575074 0.939765 -0.712024 -0.415236 -0.000572 0.144388 2.214656 -1.303693 -0.394255 0.391585 0.024605
-0.219158 -0.413710 0.134852 2.180323 -1.368162 -0.575074 0.939765 -0.712024 -0.415236 -0.000572 0.144388 2.214656 -1.303693 -0.394255 0.391585 0.024605
-0.219158 -0.413710 0.134852 2.180323 -1.369688 -0.575456 0.940146 -0.712024 -0.415236 -0.000572 0.144388 2.214656 -1.303693 -0.394255 0.391585 0.024605
-0.219158 -0.413710 0.134852 2.180323 -1.371977 -0.575456 0.941291 -0.712024 -0.415236 -0.000572 0.144388 2.214656 -1.303311 -0.394255 0.391585 0.024605
-0.219158 -0.413710 0.134852 2.180323 -1.374647 -0.575456 0.942817 -0.712024 -0.415236 -0.000572 0.144388 2.214656 -1.303693 -0.394255 0.391966 0.024605
-0.219158 -0.413710 0.134852 2.180323 -1.377699 -0.575456 0.943580 -0.712024 -0.415236 -0.000572 0.144388 2.214656 -1.303311 -0.394255 0.391966 0.024605
-0.219539 -0.413710 0.135233 2.180323 -1.379225 -0.575456 0.943580 -0.712024 -0.415236 -0.000572 0.144388 2.214656 -1.303311 -0.394636 0.391585 0.024605
-0.219539 -0.413710 0.135615 2.180705 -1.379988 -0.575456 0.943580 -0.712024 -0.415236 -0.000572 0.144388 2.214656 -1.303693 -0.394255 0.391585 0.024605
-0.219158 -0.413329 0.136378 2.180705 -1.381132 -0.576219 0.943580 -0.712024 -0.415236 -0.000572 0.144388 2.214656 -1.303693 -0.394255 0.391585 0.024605
-0.219158 -0.413710 0.137522 2.180705 -1.382277 -0.577745 0.943580 -0.712024 -0.415236 -0.000572 0.144388 2.214656 -1.303311 -0.394255 0.391585 0.024605
-0.219539 -0.413710 0.138666 2.180705 -1.382658 -0.580034 0.943580 -0.712024 -0.415236 -0.000572 0.144388 2.214656 -1.303693 -0.394255 0.391585 0.024605
-0.219539 -0.413710 0.139429 2.180705 -1.383040 -0.581559 0.943580 -0.712024 -0.415236 -0.000572 0.144388 2.214656 -1.303311 -0.394255 0.391585 0.024605
-0.219158 -0.413710 0.140574 2.180705 -1.383803 -0.583848 0.943580 -0.712406 -0.415236 -0.000572 0.144388 2.214656 -1.303693 -0.394255 0.391585 0.024605
-0.219158 -0.413710 0.141337 2.180705 -1.384947 -0.585374 0.943580 -0.712406 -0.415236 -0.000572 0.144388 2.214656 -1.303311 -0.394255 0.391585 0.024605
-0.219158 -0.413329 0.142863 2.180705 -1.385710 -0.587282 0.943580 -0.712406 -0.415236 -0.000572 0.144388 2.214656 -1.303311 -0.394255 0.391966 0.024605
-0.219158 -0.413329 0.144770 2.180705 -1.385710 -0.588808 0.943580 -0.712406 -0.415236 -0.000572 0.144388 2.214656 -1.303311 -0.394255 0.391966 0.024987
-0.219158 -0.413710 0.146677 2.180705 -1.385710 -0.590333 0.943580 -0.712406 -0.415236 -0.000572 0.144388 2.214656 -1.303311 -0.394255 0.391966 0.024605
-0.219158 -0.413710 0.148585 2.180705 -1.385328 -0.590333 0.943580 -0.712406 -0.415236 -0.000572 0.144388 2.214656 -1.303311 -0.394255 0.391585 0.024605
-0.219539 -0.413710 0.150874 2.180705 -1.384947 -0.590333 0.943580 -0.712406 -0.415236 -0.000572 0.144388 2.214656 -1.303311 -0.394255 0.391585 0.024987
-0.219158 -0.413329 0.153162 2.180705 -1.384565 -0.590333 0.943580 -0.712406 -0.415236 -0.000572 0.144388 2.214656 -1.303311 -0.394255 0.391585 0.024605
-0.219539 -0.413710 0.155833 2.180705 -1.383803 -0.590333 0.943961 -0.712406 -0.415236 -0.000572 0.144388 2.214656 -1.303693 -0.394255 0.391585 0.024605
-0.219539 -0.413710 0.158122 2.180705 -1.381895 -0.590715 0.943961 -0.712406 -0.415236 -0.000572 0.144388 2.214656 -1.303693 -0.394255 0.391966 0.024605
-0.219539 -0.413710 0.160792 2.180705 -1.380369 -0.590715 0.944724 -0.712406 -0.415236 -0.000572 0.144388 2.214656 -1.303693 -0.394255 0.391966 0.024605
-0.219539 -0.413329 0.163844 2.180705 -1.378462 -0.590715 0.945869 -0.712406 -0.415236 -0.000572 0.144388 2.214656 -1.303311 -0.394255 0.391966 0.024605
-0.219539 -0.413710 0.166514 2.180705 -1.376936 -0.590333 0.947013 -0.712406 -0.415236 -0.000572 0.144388 2.214656 -1.303693 -0.394255 0.391585 0.024605
-0.219539 -0.413710 0.169566 2.180705 -1.375792 -0.590715 0.948157 -0.712406 -0.415236 -0.000572 0.144388 2.214656 -1.303693 -0.394255 0.391585 0.024605
-0.219539 -0.413710 0.172618 2.180705 -1.373884 -0.590715 0.948920 -0.712406 -0.415236 -0.000572 0.144388 2.214656 -1.303693 -0.394255 0.391585 0.024605
-0.219539 -0.413710 0.175288 2.180705 -1.372358 -0.590715 0.950446 -0.712406 -0.415236 -0.000572 0.144388 2.214656 -1.303693 -0.394255 0.391966 0.024605
-0.219539 -0.413329 0.179103 2.180705 -1.369306 -0.590715 0.950828 -0.712406 -0.415236 -0.000572 0.144388 2.214656 -1.303311 -0.394255 0.391585 0.024605
-0.219539 -0.413710 0.181773 2.180705 -1.366255 -0.590715 0.950828 -0.712406 -0.415236 -0.000572 0.144388 2.214656 -1.303311 -0.394255 0.391585 0.024987
-0.219539 -0.413710 0.185206 2.180705 -1.363203 -0.590715 0.950446 -0.712406 -0.415236 -0.000572 0.144388 2.214656 -1.303311 -0.394255 0.391966 0.024605
-0.219921 -0.413329 0.188258 2.180705 -1.359770 -0.590715 0.950446 -0.712406 -0.415236 -0.000572 0.144388 2.214656 -1.303693 -0.394255 0.391585 0.024605
-0.219921 -0.413329 0.191691 2.181086 -1.355192 -0.590715 0.950065 -0.712406 -0.415236 -0.000572 0.144388 2.214656 -1.303311 -0.394255 0.391966 0.024605
-0.219921 -0.413329 0.194743 2.181849 -1.352140 -0.590715 0.950065 -0.712406 -0.415236 -0.000572 0.144388 2.214656 -1.303693 -0.394255 0.391585 0.024987
-0.219921 -0.413329 0.198177 2.182994 -1.348707 -0.590715 0.950065 -0.712406 -0.415236 -0.000572 0.144388 2.214656 -1.303311 -0.394255 0.391585 0.024605
-0.220302 -0.413329 0.201228 2.184138 -1.345655 -0.590333 0.950065 -0.712024 -0.415236 -0.000572 0.144388 2.214656 -1.303693 -0.394255 0.391966 0.024605
-0.220684 -0.413329 0.204280 2.185283 -1.342222 -0.590333 0.950065 -0.712406 -0.415236 -0.000572 0.144388 2.214656 -1.303693 -0.394255 0.391585 0.024605
-0.221828 -0.413329 0.208095 2.186427 -1.337644 -0.589952 0.950065 -0.712406 -0.415236 -0.000572 0.144388 2.214656 -1.303693 -0.394255 0.391585 0.024605
-0.221828 -0.413329 0.210765 2.186809 -1.333829 -0.589952 0.950065 -0.712406 -0.415236 -0.000572 0.144388 2.214656 -1.303693 -0.394255 0.391585 0.024605
-0.222210 -0.413329 0.213817 2.187572 -1.330396 -0.589952 0.949683 -0.712406 -0.415236 -0.000572 0.144388 2.214656 -1.303311 -0.394255 0.391585 0.024605
-0.222591 -0.413329 0.217250 2.188334 -1.326963 -0.589952 0.949302 -0.712406 -0.415236 -0.000572 0.144388 2.214656 -1.303311 -0.394255 0.391585 0.024605
-0.222972 -0.413329 0.219539 2.189479 -1.324674 -0.589570 0.948920 -0.712406 -0.415236 -0.000572 0.144388 2.214656 -1.303693 -0.394255 0.391966 0.024605
-0.223354 -0.413329 0.221447 2.190242 -1.323529 -0.589570 0.948157 -0.712406 -0.415236 -0.000572 0.144388 2.214656 -1.303693 -0.394255 0.391966 0.024605
-0.224117 -0.413329 0.223354 2.191005 -1.322385 -0.589570 0.947776 -0.712024 -0.415236 -0.000572 0.144388 2.214656 -1.303693 -0.394255 0.391966 0.024605
-0.224880 -0.413329 0.225261 2.191768 -1.321241 -0.588808 0.947776 -0.712406 -0.415236 -0.000572 0.144388 2.214656 -1.303311 -0.394255 0.391585 0.024605
-0.224880 -0.413329 0.227169 2.191768 -1.321241 -0.587663 0.947395 -0.712406 -0.415236 -0.000572 0.144388 2.214656 -1.303693 -0.394255 0.391585 0.024605
-0.225261 -0.413329 0.228313 2.191768 -1.321241 -0.584993 0.946250 -0.712406 -0.415236 -0.000572 0.144388 2.214656 -1.303693 -0.394255 0.391585 0.024605
-0.225643 -0.413329 0.229458 2.191768 -1.321241 -0.583467 0.945106 -0.712406 -0.415236 -0.000572 0.144388 2.214656 -1.303311 -0.394255 0.391585 0.024605
-0.225643 -0.413329 0.230220 2.191768 -1.321241 -0.581941 0.943961 -0.712406 -0.415236 -0.000572 0.144388 2.214656 -1.303311 -0.394255 0.391966 0.024605
-0.226787 -0.413329 0.230602 2.191768 -1.320859 -0.581941 0.942435 -0.712406 -0.415236 -0.000572 0.144388 2.214656 -1.303311 -0.394255 0.391966 0.024605
-0.227550 -0.413329 0.230983 2.191768 -1.321241 -0.581941 0.942435 -0.712406 -0.415236 -0.000572 0.144388 2.214656 -1.303311 -0.394255 0.391585 0.024605
-0.227932 -0.413329 0.231365 2.191768 -1.321241 -0.581941 0.942817 -0.712024 -0.415236 -0.000572 0.144388 2.214656 -1.303311 -0.394255 0.391966 0.024605
-0.229839 -0.413329 0.231746 2.191768 -1.321241 -0.581941 0.942435 -0.712406 -0.415236 -0.000572 0.144388 2.214656 -1.303311 -0.394255 0.391585 0.024605
-0.231365 -0.413329 0.231746 2.191768 -1.320859 -0.581559 0.943198 -0.712024 -0.415236 -0.000572 0.144388 2.214656 -1.303311 -0.394255 0.391585 0.024605
-0.231746 -0.413329 0.231746 2.191768 -1.320859 -0.580797 0.943198 -0.712406 -0.415236 -0.000572 0.144388 2.214656 -1.303693 -0.394255 0.391966 0.024605
-0.234035 -0.413329 0.231746 2.191768 -1.321241 -0.578889 0.943198 -0.712406 -0.415236 -0.000572 0.144388 2.214656 -1.303693 -0.394255 0.391966 0.024605
-0.234798 -0.413329 0.231746 2.191768 -1.321241 -0.576600 0.943198 -0.712406 -0.415236 -0.000572 0.144388 2.214656 -1.303311 -0.394636 0.391585 0.024605
-0.236706 -0.413329 0.231746 2.191768 -1.321241 -0.573548 0.943198 -0.712406 -0.415236 -0.000572 0.144388 2.214656 -1.303311 -0.394636 0.391966 0.024605
-0.238231 -0.413329 0.231746 2.191768 -1.321241 -0.573167 0.943198 -0.712406 -0.415236 -0.000572 0.144388 2.214656 -1.303693 -0.394255 0.391585 0.024605
-0.239376 -0.413329 0.231746 2.191768 -1.321622 -0.572023 0.943198 -0.712406 -0.415236 -0.000572 0.144388 2.214656 -1.303693 -0.394255 0.391585 0.024605
-0.240139 -0.413329 0.231746 2.191768 -1.321622 -0.570878 0.943198 -0.712406 -0.415236 -0.000572 0.144388 2.214656 -1.303311 -0.394255 0.391585 0.024605
-0.241665 -0.413329 0.231746 2.191768 -1.321622 -0.571260 0.943198 -0.712406 -0.415236 -0.000572 0.144388 2.214656 -1.303693 -0.394255 0.391966 0.024605
-0.242046 -0.413329 0.231746 2.191768 -1.321622 -0.570878 0.943198 -0.712406 -0.415236 -0.000572 0.144388 2.214656 -1.303311 -0.394255 0.391585 0.024605
-0.242428 -0.413329 0.231746 2.191768 -1.321622 -0.570878 0.942817 -0.712406 -0.415236 -0.000572 0.144388 2.214656 -1.303693 -0.394255 0.391966 0.024605
-0.243954 -0.413329 0.231746 2.192149 -1.321622 -0.570878 0.942817 -0.712024 -0.415236 -0.000572 0.144388 2.214656 -1.303693 -0.394255 0.391585 0.024605
-0.244335 -0.413329 0.231746 2.191768 -1.321622 -0.570878 0.943198 -0.712024 -0.415236 -0.000572 0.144388 2.214656 -1.303311 -0.394255 0.391585 0.024605
-0.244717 -0.413329 0.231746 2.191768 -1.321622 -0.571260 0.943198 -0.712406 -0.415236 -0.000572 0.144388 2.214656 -1.303311 -0.394255 0.391585 0.024605
-0.245098 -0.413329 0.231746 2.192149 -1.321622 -0.570878 0.943198 -0.712406 -0.415236 -0.000572 0.144388 2.214656 -1.303311 -0.394255 0.391966 0.024605
-0.246624 -0.413329 0.231746 2.191768 -1.321622 -0.570878 0.943198 -0.712024 -0.415236 -0.000572 0.144388 2.214656 -1.303311 -0.394255 0.391585 0.024605
-0.247387 -0.413329 0.231746 2.191768 -1.321622 -0.571260 0.943198 -0.712406 -0.415236 -0.000572 0.144388 2.214656 -1.303311 -0.394636 0.391966 0.024605
-0.247387 -0.413329 0.231746 2.191768 -1.321622 -0.571260 0.943198 -0.712024 -0.415236 -0.000572 0.144388 2.214656 -1.303693 -0.394255 0.391966 0.024605
-0.248913 -0.413329 0.231746 2.191768 -1.321622 -0.571260 0.943198 -0.712406 -0.415236 -0.000572 0.144388 2.214656 -1.303693 -0.394255 0.391585 0.024605
-0.250439 -0.413329 0.232128 2.191768 -1.321622 -0.571260 0.943580 -0.712406 -0.415236 -0.000572 0.144388 2.214656 -1.303311 -0.394255 0.391585 0.024605
-0.250820 -0.413329 0.232128 2.191768 -1.321622 -0.570878 0.943580 -0.712024 -0.415236 -0.000572 0.144388 2.214656 -1.303311 -0.394636 0.391585 0.024605
-0.251965 -0.413329 0.232128 2.191768 -1.321622 -0.570878 0.943580 -0.712406 -0.415236 -0.000572 0.144388 2.214656 -1.303693 -0.394255 0.391966 0.024605
-0.253109 -0.413329 0.232128 2.191768 -1.321622 -0.570497 0.943961 -0.712406 -0.415236 -0.000572 0.144388 2.214656 -1.303311 -0.394255 0.391585 0.024605
-0.253109 -0.413329 0.232509 2.191768 -1.321622 -0.570497 0.943580 -0.712406 -0.415236 -0.000572 0.144388 2.214656 -1.303311 -0.394255 0.391585 0.024987
-0.254253 -0.413329 0.232509 2.191768 -1.321622 -0.570115 0.943198 -0.712024 -0.415236 -0.000572 0.144388 2.214656 -1.303311 -0.394255 0.391966 0.024605
-0.255398 -0.413329 0.232509 2.191768 -1.321622 -0.570115 0.943198 -0.712024 -0.415236 -0.000572 0.144388 2.214656 -1.303311 -0.394255 0.391203 0.024987
-0.255398 -0.413329 0.232509 2.191768 -1.321622 -0.570115 0.943198 -0.712024 -0.415236 -0.000572 0.144388 2.214656 -1.303311 -0.394255 0.391203 0.024605
-0.255779 -0.413329 0.232509 2.191768 -1.321622 -0.570115 0.943198 -0.712024 -0.415236 -0.000572 0.144388 2.214656 -1.303693 -0.394255 0.391585 0.024605
-0.256542 -0.413329 0.232891 2.191768 -1.322004 -0.570115 0.943198 -0.712024 -0.415236 -0.000572 0.144388 2.214656 -1.303311 -0.394255 0.391585 0.024605
-0.257687 -0.413329 0.232891 2.191768 -1.322004 -0.570115 0.943580 -0.712024 -0.415236 -0.000572 0.144388 2.214656 -1.303311 -0.394255 0.391585 0.024605
-0.258068 -0.413329 0.233272 2.191768 -1.322004 -0.570115 0.943580 -0.712024 -0.415236 -0.000572 0.144388 2.214656 -1.303693 -0.394255 0.391585 0.024605
-0.258068 -0.413329 0.234035 2.191768 -1.322004 -0.570115 0.943580 -0.712024 -0.415236 -0.000572 0.144388 2.214656 -1.303311 -0.394255 0.391585 0.024605
-0.258450 -0.413329 0.234417 2.191768 -1.322004 -0.570115 0.943580 -0.712024 -0.415236 -0.000572 0.144388 2.214656 -1.303311 -0.394255 0.391585 0.024605
-0.258450 -0.413329 0.235180 2.191768 -1.321622 -0.569352 0.943580 -0.712024 -0.415236 -0.000572 0.144388 2.214656 -1.303693 -0.394255 0.391585 0.024605
-0.258450 -0.413329 0.235943 2.191768 -1.321622 -0.568971 0.943580 -0.712024 -0.415236 -0.000572 0.144388 2.214656 -1.303693 -0.394255 0.391585 0.024605
-0.258450 -0.413329 0.236324 2.191768 -1.321622 -0.567826 0.943580 -0.712024 -0.415236 -0.000572 0.144388 2.214656 -1.303693 -0.394255 0.391585 0.024605
-0.258450 -0.413329 0.236706 2.191768 -1.321622 -0.567445 0.943580 -0.712024 -0.415236 -0.000572 0.144388 2.214656 -1.303693 -0.394255 0.391585 0.024605
-0.258450 -0.413329 0.237469 2.191768 -1.321622 -0.567445 0.943580 -0.712024 -0.415236 -0.000572 0.144388 2.214656 -1.303693 -0.394255 0.391585 0.024605
-0.258450 -0.413329 0.237469 2.191768 -1.321622 -0.567445 0.943961 -0.712024 -0.415236 -0.000572 0.144388 2.214656 -1.303311 -0.394255 0.391585 0.024605
-0.258450 -0.413329 0.237469 2.191768 -1.321622 -0.567445 0.944343 -0.712024 -0.415236 -0.000572 0.144388 2.214656 -1.303311 -0.394255 0.391585 0.024605
-0.258450 -0.413329 0.237469 2.191768 -1.321622 -0.567445 0.945869 -0.712024 -0.415236 -0.000572 0.144388 2.214656 -1.303311 -0.394255 0.391585 0.024605
-0.258450 -0.412947 0.237850 2.191768 -1.321622 -0.567445 0.947395 -0.712024 -0.415236 -0.000572 0.144388 2.214656 -1.303693 -0.394255 0.391585 0.024605
-0.258450 -0.412947 0.237850 2.191768 -1.321622 -0.567445 0.948539 -0.712024 -0.415236 -0.000572 0.144388 2.214656 -1.303693 -0.394255 0.391585 0.024605
-0.258450 -0.413329 0.238613 2.191768 -1.321622 -0.567445 0.950065 -0.712024 -0.415236 -0.000572 0.144388 2.214656 -1.303311 -0.394255 0.391585 0.024605
-0.258450 -0.413329 0.239376 2.191768 -1.321622 -0.567445 0.950446 -0.712024 -0.415236 -0.000572 0.144388 2.214656 -1.303311 -0.394255 0.391585 0.024605
-0.258831 -0.413329 0.239757 2.191768 -1.321622 -0.567445 0.950446 -0.712024 -0.415236 -0.000572 0.144388 2.214656 -1.303311 -0.394255 0.391585 0.024605
-0.258450 -0.413329 0.239757 2.191768 -1.321241 -0.567063 0.950446 -0.712024 -0.415236 -0.000572 0.144388 2.214656 -1.303311 -0.394255 0.391585 0.024605
-0.258450 -0.413329 0.239757 2.191768 -1.321241 -0.567063 0.950446 -0.712024 -0.415236 -0.000572 0.144388 2.214656 -1.303311 -0.394255 0.391585 0.024605
-0.258450 -0.413329 0.240139 2.191768 -1.321241 -0.567063 0.950446 -0.712024 -0.415236 -0.000572 0.144388 2.214656 -1.303693 -0.394255 0.391585 0.024605
-0.258450 -0.413329 0.240139 2.191768 -1.321241 -0.566682 0.950446 -0.712024 -0.415236 -0.000572 0.144388 2.214656 -1.303311 -0.394255 0.391585 0.024605
-0.258450 -0.413329 0.240139 2.191768 -1.320859 -0.566682 0.950446 -0.712024 -0.415236 -0.000572 0.144388 2.214656 -1.303311 -0.394255 0.391585 0.024605
-0.258831 -0.413329 0.240139 2.191768 -1.320859 -0.566300 0.950446 -0.712024 -0.415236 -0.000572 0.144388 2.214656 -1.303311 -0.394255 0.391585 0.024605
-0.258831 -0.413329 0.240139 2.191768 -1.321241 -0.565537 0.950446 -0.712024 -0.415236 -0.000572 0.144388 2.214656 -1.303693 -0.394255 0.391585 0.024605
-0.258831 -0.413329 0.240139 2.191768 -1.320859 -0.564393 0.950446 -0.712024 -0.415236 -0.000572 0.144388 2.214656 -1.303311 -0.394255 0.391585 0.024605
-0.259213 -0.413329 0.240139 2.191768 -1.321241 -0.562867 0.950446 -0.712024 -0.415236 -0.000572 0.144388 2.214656 -1.303693 -0.394255 0.391585 0.024605
-0.260357 -0.413329 0.240139 2.191768 -1.321241 -0.562867 0.950446 -0.712024 -0.415236 -0.000572 0.144388 2.214656 -1.303311 -0.394255 0.391585 0.024605
-0.261501 -0.413329 0.240139 2.191768 -1.321241 -0.562486 0.950828 -0.712024 -0.415236 -0.000572 0.144388 2.214656 -1.303693 -0.394255 0.391585 0.024987
-0.262646 -0.413329 0.240139 2.191768 -1.321241 -0.559052 0.950828 -0.712024 -0.415236 -0.000572 0.144388 2.214656 -1.303693 -0.394255 0.391585 0.024605
-0.264935 -0.413329 0.240520 2.191768 -1.321622 -0.556001 0.951209 -0.712024 -0.415236 -0.000572 0.144388 2.214656 -1.303693 -0.394255 0.391585 0.024605
-0.266461 -0.413329 0.241283 2.191768 -1.321622 -0.551423 0.951209 -0.712024 -0.415236 -0.000572 0.144388 2.214656 -1.303311 -0.394255 0.391585 0.024605
-0.268750 -0.413329 0.242428 2.191768 -1.321622 -0.546464 0.951209 -0.712024 -0.415236 -0.000572 0.144388 2.214656 -1.303693 -0.394255 0.391585 0.024605
-0.271801 -0.413329 0.244335 2.191768 -1.321622 -0.541123 0.951209 -0.712024 -0.415236 -0.000572 0.144388 2.214656 -1.303311 -0.394255 0.391585 0.024605
-0.274090 -0.413329 0.245861 2.191768 -1.321622 -0.535401 0.951209 -0.712024 -0.415236 -0.000572 0.144388 2.214656 -1.303311 -0.394255 0.391585 0.024605
-0.277142 -0.413329 0.247768 2.191768 -1.321622 -0.528916 0.950828 -0.712024 -0.415236 -0.000572 0.144388 2.214656 -1.303693 -0.394255 0.391585 0.024605
-0.280194 -0.413329 0.249676 2.191768 -1.321622 -0.522049 0.951209 -0.712024 -0.415236 -0.000572 0.144388 2.214656 -1.303311 -0.394255 0.391585 0.024605
-0.283627 -0.413329 0.251202 2.191768 -1.321622 -0.517090 0.951209 -0.712024 -0.415236 -0.000572 0.144388 2.214656 -1.303311 -0.394255 0.391585 0.024605
-0.287060 -0.413329 0.253109 2.191768 -1.322004 -0.512131 0.951209 -0.712024 -0.415236 -0.000572 0.144388 2.214656 -1.303311 -0.394255 0.391585 0.024605
-0.290112 -0.413329 0.255016 2.191768 -1.322004 -0.506409 0.951591 -0.712024 -0.415236 -0.000572 0.144388 2.214656 -1.303311 -0.394255 0.391585 0.024605
-0.293164 -0.413329 0.256924 2.191768 -1.322004 -0.499924 0.951972 -0.712024 -0.415236 -0.000572 0.144388 2.214656 -1.303693 -0.394255 0.391585 0.024605
-0.296216 -0.413329 0.259213 2.191768 -1.322004 -0.494583 0.952354 -0.712024 -0.415236 -0.000572 0.144388 2.214656 -1.303311 -0.394255 0.391585 0.024605
-0.299649 -0.413329 0.261120 2.191768 -1.322385 -0.491531 0.953117 -0.712024 -0.415236 -0.000954 0.144388 2.214656 -1.303693 -0.394636 0.391585 0.024605
-0.303082 -0.413329 0.263790 2.191768 -1.323148 -0.488861 0.954261 -0.712024 -0.415236 -0.000572 0.144388 2.214656 -1.303311 -0.394255 0.391585 0.024605
-0.306516 -0.413329 0.265698 2.191768 -1.323911 -0.486191 0.955406 -0.712024 -0.415236 -0.000572 0.144388 2.214656 -1.303311 -0.394255 0.391585 0.024605
-0.309567 -0.413329 0.267605 2.191768 -1.324674 -0.482757 0.956168 -0.712024 -0.415236 -0.000572 0.144388 2.214656 -1.303693 -0.394255 0.391585 0.024605
-0.312238 -0.413329 0.269894 2.191768 -1.325055 -0.478180 0.957694 -0.712024 -0.415236 -0.000572 0.144388 2.214656 -1.303311 -0.394255 0.391585 0.024605
-0.315671 -0.413329 0.271801 2.191768 -1.325437 -0.473602 0.958076 -0.712024 -0.415236 -0.000572 0.144388 2.214656 -1.303311 -0.394255 0.391585 0.024605
-0.318341 -0.413329 0.273709 2.191768 -1.325818 -0.472076 0.958076 -0.712024 -0.415236 -0.000572 0.144388 2.214656 -1.303311 -0.394255 0.391585 0.024605
-0.321012 -0.413329 0.275616 2.191768 -1.326200 -0.469787 0.958076 -0.712024 -0.415236 -0.000572 0.144388 2.214656 -1.303311 -0.394255 0.391585 0.024605
-0.323301 -0.413329 0.277905 2.191768 -1.326200 -0.468261 0.957694 -0.712024 -0.415236 -0.000572 0.144388 2.214656 -1.303693 -0.394255 0.391585 0.024605
-0.325971 -0.413329 0.280575 2.191768 -1.325818 -0.466354 0.957313 -0.712024 -0.415236 -0.000572 0.144388 2.214656 -1.303311 -0.394255 0.391585 0.024987
-0.328260 -0.413329 0.282864 2.191768 -1.325818 -0.464446 0.957313 -0.712024 -0.415236 -0.000572 0.144388 2.214656 -1.303311 -0.394255 0.391585 0.024605
-0.330549 -0.412947 0.284771 2.191768 -1.325818 -0.461776 0.957313 -0.712024 -0.415236 -0.000572 0.144388 2.214656 -1.303311 -0.394255 0.391585 0.024605
-0.333219 -0.412947 0.286679 2.191768 -1.325818 -0.459106 0.957694 -0.712024 -0.415236 -0.000572 0.144388 2.214656 -1.303693 -0.394255 0.391585 0.024605
-0.334745 -0.413329 0.288205 2.191768 -1.325818 -0.456435 0.957694 -0.712024 -0.415236 -0.000572 0.144388 2.214656 -1.303693 -0.394255 0.391585 0.024605
-0.337415 -0.412947 0.290875 2.191768 -1.325818 -0.452239 0.957694 -0.712024 -0.415236 -0.000572 0.144388 2.214656 -1.303693 -0.394255 0.391585 0.024605
-0.338941 -0.413329 0.292401 2.191768 -1.325818 -0.449950 0.957313 -0.712024 -0.415236 -0.000572 0.144388 2.214656 -1.303693 -0.394255 0.391585 0.024605
-0.340467 -0.412947 0.294308 2.191768 -1.325437 -0.447662 0.957313 -0.712024 -0.415236 -0.000572 0.144388 2.214656 -1.303693 -0.394255 0.391585 0.024605
-0.341993 -0.412947 0.296216 2.191768 -1.325055 -0.446136 0.957313 -0.712024 -0.415236 -0.000572 0.144388 2.214656 -1.303693 -0.394255 0.391585 0.024605
-0.343137 -0.412947 0.297742 2.191768 -1.325055 -0.444610 0.957313 -0.712024 -0.415236 -0.000572 0.144388 2.214656 -1.303311 -0.394255 0.391966 0.024605
-0.344663 -0.412947 0.298886 2.191768 -1.324674 -0.443084 0.957313 -0.712024 -0.415236 -0.000572 0.144388 2.214656 -1.303311 -0.394255 0.391585 0.024605
-0.345808 -0.412947 0.300031 2.191768 -1.324674 -0.443084 0.957313 -0.712024 -0.415236 -0.000572 0.144388 2.214656 -1.303311 -0.394255 0.391585 0.024605
-0.346952 -0.412947 0.301556 2.191768 -1.324674 -0.442702 0.957694 -0.712024 -0.415236 -0.000572 0.144388 2.214656 -1.303693 -0.394255 0.391585 0.024605
-0.347715 -0.413329 0.303082 2.191386 -1.323911 -0.441558 0.957313 -0.712024 -0.415236 -0.000572 0.144388 2.214656 -1.303311 -0.394255 0.391585 0.024605
-0.349241 -0.412947 0.303845 2.191386 -1.323529 -0.440032 0.957313 -0.712024 -0.415236 -0.000572 0.144388 2.214656 -1.303693 -0.394255 0.391585 0.024605
-0.350004 -0.412947 0.304990 2.191386 -1.323148 -0.440032 0.957313 -0.712024 -0.415236 -0.000572 0.144388 2.214656 -1.303311 -0.394255 0.391585 0.024605
-0.350004 -0.412947 0.305371 2.191386 -1.322766 -0.439651 0.957313 -0.712024 -0.415236 -0.000572 0.144388 2.214656 -1.303693 -0.394255 0.391585 0.024987
-0.351530 -0.412947 0.306516 2.191386 -1.321622 -0.439269 0.957313 -0.712024 -0.415236 -0.000954 0.144388 2.214656 -1.303693 -0.394255 0.391585 0.024605
-0.352293 -0.412947 0.307279 2.191005 -1.321622 -0.439269 0.957313 -0.712024 -0.415236 -0.000954 0.144388 2.214656 -1.303311 -0.394255 0.391203 0.024605
-0.352293 -0.412947 0.308423 2.191005 -1.321622 -0.439269 0.956931 -0.712024 -0.415236 -0.000572 0.144388 2.214656 -1.303311 -0.394255 0.391585 0.024605
-0.352674 -0.412947 0.309186 2.191005 -1.321622 -0.438888 0.956931 -0.712024 -0.415236 -0.000572 0.144388 2.214656 -1.303693 -0.394255 0.391585 0.024605
-0.353437 -0.412947 0.309567 2.191005 -1.321622 -0.437743 0.956931 -0.712024 -0.415236 -0.000572 0.144388 2.214656 -1.303311 -0.394255 0.391585 0.024605
-0.354200 -0.412947 0.309949 2.191005 -1.321622 -0.436217 0.956931 -0.712024 -0.415236 -0.000572 0.144388 2.214656 -1.303693 -0.394255 0.391585 0.024605
-0.354582 -0.412947 0.310712 2.191005 -1.321622 -0.435836 0.956931 -0.712024 -0.415236 -0.000572 0.144388 2.214656 -1.303311 -0.394255 0.391585 0.024605
-0.354963 -0.412947 0.311475 2.191005 -1.321622 -0.435073 0.956931 -0.712024 -0.415236 -0.000572 0.144388 2.214656 -1.303693 -0.394255 0.391585 0.024605
-0.355344 -0.412947 0.312238 2.191005 -1.321622 -0.432784 0.956931 -0.712024 -0.415236 -0.000572 0.144388 2.214656 -1.303693 -0.394255 0.391585 0.024605
-0.355344 -0.412947 0.313001 2.191005 -1.321241 -0.431640 0.956550 -0.712024 -0.415236 -0.000572 0.144388 2.214656 -1.303311 -0.394255 0.391966 0.024987
-0.355344 -0.412947 0.313382 2.191005 -1.321241 -0.431640 0.956550 -0.712024 -0.415236 -0.000572 0.144388 2.214656 -1.303693 -0.394255 0.391585 0.024605
-0.355344 -0.412947 0.314145 2.191005 -1.320859 -0.430877 0.956168 -0.712024 -0.415236 -0.000572 0.144388 2.214656 -1.303311 -0.394255 0.391585 0.024605
-0.355344 -0.412947 0.314527 2.191005 -1.319333 -0.430114 0.955787 -0.712024 -0.415236 -0.000572 0.144388 2.214656 -1.303311 -0.394255 0.391585 0.024605
-0.355344 -0.412947 0.314908 2.191005 -1.317426 -0.428969 0.955406 -0.712024 -0.415236 -0.000572 0.144388 2.214656 -1.303693 -0.394255 0.391585 0.024605
-0.354963 -0.412947 0.315671 2.191005 -1.315137 -0.428588 0.955024 -0.712024 -0.415236 -0.000572 0.144388 2.214656 -1.303311 -0.394255 0.391585 0.024605
-0.354963 -0.412947 0.316434 2.191005 -1.312085 -0.428588 0.954261 -0.712024 -0.415236 -0.000572 0.144388 2.214656 -1.303311 -0.394255 0.391585 0.024605
-0.354963 -0.412947 0.316815 2.191005 -1.309033 -0.428206 0.953498 -0.712024 -0.415236 -0.000572 0.144388 2.214656 -1.303311 -0.394255 0.391585 0.024605
-0.354963 -0.412947 0.317578 2.190623 -1.306363 -0.427825 0.952735 -0.712024 -0.415236 -0.000572 0.144388 2.214656 -1.303311 -0.394255 0.391585 0.024605
-0.354963 -0.412947 0.318341 2.190623 -1.303693 -0.425917 0.952354 -0.712024 -0.415236 -0.000572 0.144388 2.214656 -1.303693 -0.394255 0.391585 0.024605
-0.354963 -0.412947 0.318723 2.190623 -1.301404 -0.424010 0.951591 -0.712024 -0.415236 -0.000572 0.144388 2.214656 -1.303311 -0.394255 0.391585 0.024605
-0.354963 -0.412947 0.319486 2.190623 -1.300641 -0.422866 0.951209 -0.712024 -0.415236 -0.000572 0.144388 2.214656 -1.303693 -0.394255 0.391585 0.024605
-0.354963 -0.412947 0.320249 2.190623 -1.298352 -0.419814 0.950065 -0.712024 -0.415236 -0.000572 0.144388 2.214656 -1.303693 -0.394255 0.391585 0.024987
-0.354963 -0.412947 0.321012 2.190623 -1.296826 -0.417525 0.950065 -0.712024 -0.415236 -0.000572 0.144388 2.214656 -1.303311 -0.394255 0.391585 0.024605
-0.354963 -0.412947 0.321775 2.190623 -1.294919 -0.417144 0.950065 -0.712024 -0.415236 -0.000572 0.144388 2.214656 -1.303693 -0.394636 0.391585 0.024605
-0.354963 -0.412947 0.322156 2.190623 -1.294156 -0.416762 0.950065 -0.712024 -0.415236 -0.000572 0.144388 2.214656 -1.303311 -0.394255 0.391585 0.024605
-0.354963 -0.412947 0.322538 2.190242 -1.293011 -0.416762 0.950065 -0.712024 -0.415236 -0.000572 0.144388 2.214656 -1.303693 -0.394255 0.391585 0.024605
-0.354963 -0.412947 0.322538 2.189479 -1.291104 -0.416381 0.949683 -0.712024 -0.415236 -0.000572 0.144388 2.214656 -1.303311 -0.394255 0.391585 0.024605
-0.354963 -0.412947 0.322538 2.189479 -1.290341 -0.416381 0.949683 -0.712024 -0.415236 -0.000572 0.144388 2.214656 -1.303311 -0.394255 0.391585 0.024605
-0.354963 -0.412947 0.322538 2.189097 -1.290341 -0.415999 0.949683 -0.712024 -0.415236 -0.000572 0.144388 2.214656 -1.303311 -0.394255 0.391585 0.024605
-0.354963 -0.412947 0.322538 2.188716 -1.290341 -0.415999 0.949683 -0.712024 -0.415236 -0.000572 0.144388 2.214656 -1.303311 -0.394255 0.391585 0.024605
-0.354963 -0.412947 0.322538 2.187953 -1.289960 -0.415236 0.949683 -0.712024 -0.415236 -0.000572 0.144388 2.214656 -1.303311 -0.394255 0.391585 0.024605
-0.354963 -0.412947 0.322538 2.187190 -1.290341 -0.414092 0.949302 -0.712024 -0.415236 -0.000572 0.144388 2.214656 -1.303311 -0.394255 0.391585 0.024605
-0.354963 -0.412947 0.322538 2.186427 -1.290341 -0.414092 0.948920 -0.712024 -0.415236 -0.000572 0.144388 2.214656 -1.303311 -0.394255 0.391585 0.024605
-0.354963 -0.412947 0.322919 2.185283 -1.290341 -0.414092 0.948539 -0.712024 -0.415236 -0.000572 0.144388 2.214656 -1.303693 -0.394255 0.391585 0.024605
-0.354963 -0.412947 0.322919 2.184138 -1.290341 -0.414092 0.947395 -0.712024 -0.415236 -0.000572 0.144388 2.214656 -1.303693 -0.394255 0.391585 0.024987
-0.354963 -0.412947 0.323301 2.182994 -1.290341 -0.414092 0.945487 -0.712024 -0.415236 -0.000572 0.144388 2.214656 -1.303693 -0.394255 0.391585 0.024605
-0.354582 -0.412947 0.323682 2.182231 -1.290341 -0.414092 0.942817 -0.712024 -0.415236 -0.000572 0.144388 2.214656 -1.303311 -0.394255 0.391585 0.024987
-0.354582 -0.412947 0.323682 2.181468 -1.290341 -0.413710 0.941672 -0.712024 -0.415236 -0.000572 0.144388 2.214656 -1.303311 -0.394255 0.391585 0.024605
-0.354200 -0.412947 0.324063 2.179942 -1.290341 -0.413710 0.941291 -0.711643 -0.415236 -0.000572 0.144388 2.214656 -1.303693 -0.394255 0.391585 0.024605
-0.354582 -0.412947 0.324445 2.178416 -1.289960 -0.413710 0.941672 -0.712024 -0.415236 -0.000572 0.144388 2.214656 -1.303693 -0.394255 0.391585 0.024605
-0.354582 -0.412947 0.325208 2.176890 -1.289960 -0.413710 0.941291 -0.712024 -0.415236 -0.000572 0.144388 2.214656 -1.303693 -0.394255 0.391585 0.024605
-0.354582 -0.412947 0.325589 2.175746 -1.289960 -0.413710 0.941291 -0.711643 -0.415236 -0.000572 0.144388 2.214656 -1.303693 -0.394255 0.391585 0.024605
-0.354582 -0.412947 0.326352 2.174601 -1.290341 -0.413710 0.941291 -0.712024 -0.415236 -0.000572 0.144388 2.214656 -1.303693 -0.394255 0.391585 0.024605
-0.354582 -0.412947 0.327115 2.173075 -1.290341 -0.413329 0.941291 -0.712024 -0.415236 -0.000572 0.144388 2.214656 -1.303311 -0.394636 0.391585 0.024605
-0.354582 -0.412947 0.328260 2.171931 -1.290341 -0.413329 0.940528 -0.711643 -0.415236 -0.000572 0.144388 2.214656 -1.303311 -0.394255 0.391585 0.024605
-0.354582 -0.412947 0.329404 2.170787 -1.289960 -0.413710 0.939765 -0.712024 -0.415236 -0.000572 0.144388 2.214656 -1.303693 -0.394255 0.391585 0.024605
-0.354582 -0.412947 0.330549 2.170024 -1.289960 -0.413710 0.939002 -0.712024 -0.415236 -0.000572 0.144388 2.214656 -1.303693 -0.394255 0.391585 0.024605
-0.354582 -0.412947 0.332074 2.169261 -1.289578 -0.413710 0.938239 -0.712024 -0.415236 -0.000572 0.144388 2.214656 -1.303693 -0.394255 0.391585 0.024987
-0.354582 -0.412947 0.333982 2.168879 -1.288815 -0.413710 0.937858 -0.712024 -0.415236 -0.000572 0.144388 2.214656 -1.303311 -0.394255 0.391585 0.024605
-0.354200 -0.412947 0.335889 2.168879 -1.286908 -0.413710 0.937476 -0.712024 -0.415236 -0.000572 0.144388 2.214656 -1.303693 -0.394255 0.391585 0.024605
-0.354582 -0.412947 0.337797 2.168879 -1.286145 -0.413329 0.936713 -0.712024 -0.415236 -0.000572 0.144388 2.214656 -1.303693 -0.394255 0.391585 0.024605
-0.354582 -0.412947 0.340085 2.168879 -1.284619 -0.413329 0.935187 -0.712024 -0.415236 -0.000572 0.144388 2.214656 -1.303693 -0.394255 0.391585 0.024605
-0.354582 -0.412947 0.342374 2.168879 -1.282330 -0.413329 0.933661 -0.712024 -0.415236 -0.000572 0.144388 2.214656 -1.303693 -0.394255 0.391585 0.024605
-0.354582 -0.412947 0.345045 2.168879 -1.279660 -0.413329 0.931373 -0.712024 -0.415236 -0.000572 0.144388 2.214656 -1.303311 -0.394255 0.391585 0.024605
-0.354582 -0.412947 0.347715 2.168879 -1.277371 -0.413329 0.927939 -0.712024 -0.415236 -0.000572 0.144388 2.214656 -1.303693 -0.394255 0.391585 0.024987
-0.354582 -0.412947 0.350385 2.168879 -1.275463 -0.413329 0.924506 -0.712024 -0.415236 -0.000572 0.144388 2.214656 -1.303693 -0.394255 0.391585 0.024605
-0.354582 -0.412947 0.353056 2.168879 -1.273175 -0.413329 0.920310 -0.712024 -0.415236 -0.000572 0.144388 2.214656 -1.303693 -0.394255 0.391585 0.024605
-0.354582 -0.412947 0.355726 2.168879 -1.271267 -0.413329 0.915351 -0.712024 -0.415236 -0.000572 0.144388 2.214656 -1.303311 -0.394255 0.391585 0.024605
-0.354582 -0.412947 0.358396 2.168879 -1.269741 -0.413329 0.911154 -0.712024 -0.415236 -0.000572 0.144388 2.214656 -1.303311 -0.394255 0.391585 0.024605
-0.354582 -0.412947 0.361067 2.168879 -1.267071 -0.412947 0.906195 -0.712024 -0.415236 -0.000572 0.144388 2.214656 -1.303693 -0.394255 0.391585 0.024605
-0.354582 -0.412947 0.363737 2.168879 -1.264401 -0.413329 0.901999 -0.712024 -0.415236 -0.000572 0.144388 2.214656 -1.303311 -0.394255 0.391585 0.024605
-0.354582 -0.412947 0.366026 2.168879 -1.262112 -0.412947 0.897803 -0.712024 -0.415236 -0.000572 0.144388 2.214656 -1.303693 -0.394255 0.391585 0.024605
-0.354582 -0.412947 0.368696 2.168879 -1.259823 -0.412947 0.893988 -0.712024 -0.415236 -0.000572 0.144388 2.214656 -1.303693 -0.394255 0.391585 0.024605
-0.354582 -0.412947 0.370985 2.168879 -1.257153 -0.412184 0.889410 -0.712024 -0.415236 -0.000572 0.144388 2.214656 -1.303311 -0.394255 0.391585 0.024605
-0.354582 -0.412947 0.372892 2.168879 -1.256390 -0.411421 0.886740 -0.712024 -0.415236 -0.000572 0.144388 2.214656 -1.303693 -0.394255 0.391585 0.024605
-0.354582 -0.412947 0.375181 2.168879 -1.255245 -0.410277 0.884451 -0.712024 -0.415236 -0.000572 0.144388 2.214656 -1.303311 -0.394255 0.391585 0.024605
-0.354582 -0.412947 0.377089 2.168879 -1.253338 -0.410277 0.882544 -0.712024 -0.415236 -0.000572 0.144388 2.214656 -1.303311 -0.394255 0.391585 0.024987
-0.354582 -0.412947 0.379377 2.168879 -1.251812 -0.410277 0.882162 -0.712024 -0.415236 -0.000572 0.144388 2.214656 -1.303311 -0.394255 0.391585 0.024605
-0.354582 -0.412947 0.381285 2.169261 -1.250286 -0.410277 0.882162 -0.712024 -0.415236 -0.000572 0.144388 2.214656 -1.303311 -0.394255 0.391585 0.024605
-0.354582 -0.412947 0.382811 2.169261 -1.249905 -0.410277 0.882162 -0.712024 -0.415236 -0.000572 0.144388 2.214656 -1.303693 -0.394255 0.391585 0.024605
-0.354582 -0.412947 0.384337 2.169261 -1.249905 -0.410277 0.882544 -0.712024 -0.415236 -0.000572 0.144388 2.214656 -1.303693 -0.394255 0.391585 0.024605
-0.354582 -0.412947 0.385863 2.169261 -1.249523 -0.410277 0.882925 -0.712024 -0.415236 -0.000572 0.144388 2.214656 -1.303311 -0.394255 0.391585 0.024605
-0.354582 -0.412947 0.387388 2.169261 -1.249523 -0.410277 0.882925 -0.712024 -0.415236 -0.000572 0.144388 2.214656 -1.303311 -0.394255 0.391585 0.024605
-0.354582 -0.412947 0.388914 2.169261 -1.249523 -0.410277 0.882925 -0.712024 -0.415236 -0.000572 0.144388 2.214656 -1.303693 -0.394255 0.391585 0.024605
-0.354582 -0.412947 0.390822 2.169261 -1.249142 -0.410277 0.882925 -0.712024 -0.415236 -0.000572 0.144388 2.214656 -1.303311 -0.394255 0.391585 0.024605
-0.354582 -0.412947 0.392348 2.169261 -1.247997 -0.410277 0.882544 -0.712024 -0.415236 -0.000572 0.144388 2.214656 -1.303311 -0.394255 0.391585 0.024605
-0.354582 -0.412947 0.394255 2.169261 -1.246090 -0.409895 0.882544 -0.712024 -0.415236 -0.000572 0.144388 2.214656 -1.303311 -0.394255 0.391585 0.024605
-0.354582 -0.412947 0.396162 2.169261 -1.244564 -0.409514 0.882544 -0.712024 -0.415236 -0.000572 0.144388 2.214656 -1.303311 -0.394255 0.391585 0.024605
-0.354582 -0.412947 0.398070 2.169261 -1.243038 -0.409133 0.882544 -0.712024 -0.415236 -0.000572 0.144388 2.214656 -1.303693 -0.394255 0.391585 0.024605
-0.354582 -0.412947 0.399596 2.169261 -1.242275 -0.408751 0.882544 -0.712024 -0.415236 -0.000572 0.144388 2.214656 -1.303311 -0.394255 0.391585 0.024605
-0.354582 -0.412947 0.401122 2.169261 -1.241894 -0.407225 0.882544 -0.712024 -0.415236 -0.000572 0.144388 2.214656 -1.303693 -0.394255 0.391585 0.024605
-0.354963 -0.412947 0.402647 2.169261 -1.241894 -0.406081 0.882544 -0.711643 -0.415236 -0.000572 0.144388 2.214656 -1.303311 -0.394255 0.391585 0.024605
-0.354582 -0.412947 0.403792 2.169261 -1.241512 -0.405699 0.882544 -0.712024 -0.415236 -0.000572 0.144388 2.214656 -1.303693 -0.394255 0.391585 0.024605
-0.354582 -0.412947 0.404936 2.169261 -1.240749 -0.406081 0.882544 -0.712024 -0.415236 -0.000572 0.144388 2.214656 -1.303311 -0.394255 0.391585 0.024605
-0.354963 -0.412947 0.406081 2.169261 -1.239605 -0.405699 0.882162 -0.712024 -0.415236 -0.000572 0.144388 2.214656 -1.303311 -0.394255 0.391585 0.024605
-0.354963 -0.412947 0.407607 2.169261 -1.237697 -0.405318 0.881781 -0.712024 -0.415236 -0.000572 0.144388 2.214656 -1.303311 -0.394255 0.391585 0.024605
-0.354963 -0.412947 0.408370 2.169261 -1.235790 -0.405318 0.881399 -0.711643 -0.415236 -0.000572 0.144388 2.214656 -1.303693 -0.394255 0.391585 0.024987
-0.354963 -0.412947 0.409514 2.169261 -1.233883 -0.404555 0.880636 -0.712024 -0.415236 -0.000572 0.144388 2.214656 -1.303311 -0.394255 0.391585 0.024605
-0.354963 -0.412566 0.410658 2.169261 -1.233120 -0.403410 0.878729 -0.712024 -0.415236 -0.000572 0.144388 2.214656 -1.303693 -0.394255 0.391585 0.024605
-0.354963 -0.412566 0.412184 2.169261 -1.230831 -0.402647 0.876822 -0.712024 -0.415236 -0.000572 0.144388 2.214656 -1.303693 -0.394255 0.391585 0.024605
-0.354582 -0.412566 0.413710 2.169261 -1.228923 -0.403029 0.874533 -0.712024 -0.415236 -0.000572 0.144388 2.214656 -1.303311 -0.394255 0.391585 0.024605
-0.354963 -0.412184 0.414855 2.169261 -1.225490 -0.402647 0.871862 -0.712024 -0.415236 -0.000572 0.144388 2.214656 -1.303693 -0.394255 0.391585 0.024605
-0.354963 -0.411803 0.415999 2.169261 -1.222438 -0.402647 0.869192 -0.712024 -0.415236 -0.000572 0.144388 2.214656 -1.303693 -0.394255 0.391585 0.024605
-0.354582 -0.410658 0.417144 2.169261 -1.219387 -0.402647 0.866522 -0.712024 -0.415236 -0.000572 0.144388 2.214656 -1.303311 -0.394255 0.391585 0.024605
-0.354582 -0.409133 0.417144 2.169261 -1.217861 -0.402647 0.865377 -0.712024 -0.415236 -0.000572 0.144388 2.214656 -1.303311 -0.394255 0.391585 0.024605
-0.354582 -0.406844 0.417144 2.169261 -1.215572 -0.402266 0.864614 -0.712024 -0.415236 -0.000572 0.144388 2.214656 -1.303693 -0.394255 0.391585 0.024605
-0.354963 -0.404555 0.417144 2.169261 -1.214427 -0.401503 0.864614 -0.712024 -0.415236 -0.000572 0.144388 2.214656 -1.303693 -0.394255 0.391585 0.024605
-0.354582 -0.402266 0.417144 2.169261 -1.211757 -0.399214 0.864996 -0.712024 -0.415236 -0.000572 0.144388 2.214656 -1.303693 -0.394255 0.391585 0.024987
-0.354963 -0.399596 0.417144 2.169261 -1.207942 -0.396162 0.864996 -0.712024 -0.415236 -0.000572 0.144388 2.214656 -1.303311 -0.394255 0.391585 0.024605
-0.354963 -0.397688 0.417144 2.169261 -1.205653 -0.393492 0.864996 -0.712024 -0.415236 -0.000572 0.144388 2.214656 -1.303693 -0.394255 0.391585 0.024605
-0.354963 -0.394636 0.417144 2.169261 -1.203746 -0.391585 0.864996 -0.712024 -0.415236 -0.000572 0.144388 2.214656 -1.303693 -0.394255 0.391585 0.024605
-0.354963 -0.390440 0.417144 2.169261 -1.202220 -0.391203 0.865759 -0.712024 -0.415236 -0.000572 0.144388 2.214656 -1.303693 -0.394255 0.391585 0.024605
-0.354963 -0.387007 0.417144 2.169261 -1.199931 -0.391203 0.865759 -0.711643 -0.415236 -0.000572 0.144388 2.214656 -1.303693 -0.394255 0.391585 0.024605
-0.354963 -0.383955 0.417144 2.169261 -1.197642 -0.390822 0.866140 -0.712024 -0.415236 -0.000572 0.144388 2.214656 -1.303693 -0.394255 0.391585 0.024987
-0.354963 -0.380522 0.417144 2.169261 -1.195735 -0.390440 0.866140 -0.712024 -0.415236 -0.000572 0.144388 2.214656 -1.303693 -0.394255 0.391585 0.024605
-0.354963 -0.377470 0.417144 2.169261 -1.193065 -0.389296 0.866522 -0.711643 -0.415236 -0.000572 0.144388 2.214656 -1.303693 -0.394255 0.391585 0.024605
-0.354963 -0.374037 0.417144 2.169261 -1.191157 -0.387770 0.867666 -0.711643 -0.415236 -0.000572 0.144388 2.214656 -1.303693 -0.394255 0.391585 0.024605
-0.354963 -0.370603 0.417144 2.169261 -1.189631 -0.387388 0.868811 -0.711643 -0.415236 -0.000572 0.144388 2.214656 -1.303311 -0.394255 0.391585 0.024605
-0.354963 -0.367170 0.416762 2.169261 -1.188487 -0.387007 0.868811 -0.712024 -0.415236 -0.000572 0.144388 2.214656 -1.303693 -0.394255 0.391585 0.024605
-0.354963 -0.364118 0.417144 2.169261 -1.185435 -0.386244 0.868429 -0.712024 -0.415236 -0.000572 0.144388 2.214656 -1.303311 -0.394255 0.391585 0.024605
-0.354963 -0.361067 0.417144 2.169261 -1.182002 -0.384337 0.868811 -0.712024 -0.415236 -0.000572 0.144388 2.214656 -1.303311 -0.394255 0.391585 0.024605
-0.354963 -0.357633 0.417144 2.169261 -1.178569 -0.383574 0.869574 -0.712024 -0.415236 -0.000572 0.144388 2.214656 -1.303693 -0.394255 0.391585 0.024605
-0.354963 -0.353819 0.417144 2.169261 -1.175517 -0.383574 0.870718 -0.712024 -0.415236 -0.000572 0.144388 2.214656 -1.303693 -0.394255 0.391585 0.024605
-0.354963 -0.350385 0.417144 2.169261 -1.173610 -0.382811 0.872625 -0.712024 -0.415236 -0.000572 0.144388 2.214656 -1.303693 -0.394255 0.391585 0.024605
-0.354963 -0.347715 0.417144 2.169261 -1.171702 -0.380903 0.874151 -0.712024 -0.415236 -0.000572 0.144388 2.214656 -1.303311 -0.394255 0.391585 0.024605
-0.354963 -0.343137 0.417144 2.169261 -1.170558 -0.377852 0.876822 -0.711643 -0.415236 -0.000572 0.144388 2.214656 -1.303311 -0.394255 0.391585 0.024605
-0.354963 -0.339704 0.417144 2.169261 -1.169795 -0.375563 0.878729 -0.712024 -0.415236 -0.000572 0.144388 2.214656 -1.303693 -0.394255 0.391585 0.024605
-0.354963 -0.337034 0.416762 2.169261 -1.167887 -0.372511 0.881018 -0.712024 -0.415236 -0.000572 0.144388 2.214656 -1.303311 -0.394255 0.391585 0.024605
-0.354963 -0.333219 0.416762 2.169261 -1.166361 -0.369459 0.884070 -0.712024 -0.415236 -0.000572 0.144388 2.214656 -1.303311 -0.394636 0.391585 0.024605
-0.354963 -0.330167 0.417144 2.169261 -1.164073 -0.367552 0.885214 -0.712024 -0.415236 -0.000572 0.144388 2.214656 -1.303311 -0.394255 0.391585 0.024605
-0.354963 -0.327115 0.417144 2.169261 -1.162928 -0.365644 0.887884 -0.712024 -0.415236 -0.000572 0.144388 2.214656 -1.303693 -0.394255 0.391585 0.024605
-0.354963 -0.322156 0.417144 2.169261 -1.159876 -0.365644 0.891699 -0.711643 -0.415236 -0.000572 0.144388 2.214656 -1.303693 -0.394255 0.391585 0.024605
-0.354963 -0.319104 0.417144 2.169261 -1.156825 -0.365644 0.894369 -0.712024 -0.415236 -0.000572 0.144388 2.214656 -1.303311 -0.394255 0.391585 0.024605
-0.354963 -0.316052 0.417144 2.169261 -1.152628 -0.365263 0.896658 -0.712024 -0.415236 -0.000572 0.144388 2.214656 -1.303311 -0.394255 0.391585 0.024605
-0.354963 -0.313764 0.417144 2.169261 -1.148432 -0.364881 0.898947 -0.712024 -0.415236 -0.000572 0.144388 2.214656 -1.303311 -0.394255 0.391585 0.024605
-0.354963 -0.310712 0.416762 2.169261 -1.145380 -0.364881 0.900092 -0.711643 -0.415236 -0.000572 0.144388 2.214656 -1.303311 -0.394255 0.391585 0.024605
-0.354963 -0.308042 0.417144 2.169261 -1.143854 -0.364881 0.902380 -0.711643 -0.415236 -0.000572 0.144388 2.214656 -1.303693 -0.394255 0.391585 0.024605
-0.354963 -0.304608 0.417144 2.169261 -1.142329 -0.364881 0.904669 -0.711643 -0.415236 -0.000572 0.144388 2.214656 -1.303693 -0.394255 0.391585 0.024605
-0.354963 -0.301556 0.416762 2.169261 -1.139658 -0.363737 0.906195 -0.711643 -0.415236 -0.000572 0.144388 2.214656 -1.303693 -0.394255 0.391585 0.024987
-0.354963 -0.299268 0.416762 2.169261 -1.136225 -0.361830 0.906958 -0.711643 -0.415236 -0.000572 0.144388 2.214656 -1.303311 -0.394255 0.391585 0.024605
-0.354963 -0.297360 0.416762 2.169261 -1.133173 -0.360304 0.906958 -0.711643 -0.415236 -0.000572 0.144388 2.214656 -1.303311 -0.394255 0.391585 0.024605
-0.354963 -0.295834 0.416762 2.169261 -1.129740 -0.358015 0.907721 -0.711643 -0.415236 -0.000572 0.144388 2.214656 -1.303693 -0.394255 0.391585 0.024605
-0.354963 -0.293545 0.417144 2.169261 -1.128214 -0.357252 0.909247 -0.711643 -0.415236 -0.000572 0.144388 2.214656 -1.303311 -0.394255 0.391585 0.024605
-0.354963 -0.291638 0.417144 2.169261 -1.126688 -0.357252 0.911154 -0.711643 -0.415236 -0.000572 0.144388 2.214656 -1.303693 -0.394255 0.391585 0.024605
-0.354963 -0.289349 0.417144 2.169261 -1.125544 -0.357252 0.913443 -0.711643 -0.415236 -0.000572 0.144388 2.214656 -1.303311 -0.394255 0.391585 0.024605
-0.354963 -0.287060 0.416762 2.169261 -1.122873 -0.356870 0.914588 -0.711643 -0.415236 -0.000572 0.144388 2.214656 -1.303311 -0.394255 0.391585 0.024605
-0.354963 -0.285153 0.416762 2.169261 -1.120203 -0.356107 0.914588 -0.711643 -0.415236 -0.000572 0.144388 2.214656 -1.303693 -0.394255 0.391585 0.024605
-0.354963 -0.284390 0.416762 2.169261 -1.117914 -0.354200 0.914588 -0.711643 -0.415236 -0.000572 0.144388 2.214656 -1.303311 -0.394255 0.391585 0.024605
-0.354963 -0.282864 0.417144 2.169261 -1.116007 -0.353437 0.914588 -0.711643 -0.415236 -0.000572 0.144388 2.214656 -1.303311 -0.394255 0.391585 0.024605
-0.354963 -0.282864 0.416762 2.169261 -1.115244 -0.353437 0.914588 -0.711643 -0.415236 -0.000954 0.144388 2.214656 -1.303693 -0.394255 0.391585 0.024605
-0.354963 -0.282483 0.416762 2.169261 -1.115244 -0.353437 0.914206 -0.711643 -0.415236 -0.000572 0.144388 2.214656 -1.303693 -0.394255 0.391966 0.024605
-0.354963 -0.282483 0.416762 2.169261 -1.115244 -0.353437 0.913825 -0.711643 -0.415236 -0.000572 0.144388 2.214656 -1.303311 -0.394636 0.391966 0.024605
-0.354963 -0.282864 0.416762 2.169261 -1.115625 -0.353437 0.913825 -0.711643 -0.415236 -0.000572 0.144388 2.214656 -1.303693 -0.394255 0.391966 0.024605
-0.354963 -0.283246 0.416762 2.169261 -1.115625 -0.353437 0.913825 -0.711643 -0.415236 -0.000572 0.144388 2.214656 -1.303311 -0.394255 0.391585 0.024605
-0.354963 -0.283246 0.416762 2.169261 -1.115625 -0.353437 0.913825 -0.711643 -0.415236 -0.000572 0.144388 2.214656 -1.303311 -0.394255 0.391585 0.024605
-0.354963 -0.283246 0.416762 2.169261 -1.115244 -0.353437 0.913825 -0.711643 -0.415236 -0.000572 0.144388 2.214656 -1.303693 -0.394255 0.391585 0.024605
-0.354963 -0.283246 0.416762 2.169261 -1.115244 -0.353437 0.914206 -0.711643 -0.415236 -0.000572 0.144388 2.214656 -1.303693 -0.394255 0.391585 0.024605
-0.354963 -0.283246 0.417144 2.169261 -1.114862 -0.353437 0.914206 -0.711643 -0.415236 -0.000572 0.144388 2.214656 -1.303311 -0.394255 0.391585 0.024605
-0.354963 -0.283246 0.416762 2.169261 -1.114099 -0.353437 0.914206 -0.711643 -0.415236 -0.000572 0.144388 2.214656 -1.303693 -0.394255 0.391585 0.024605
-0.354963 -0.283246 0.416762 2.169261 -1.113336 -0.353437 0.914206 -0.711643 -0.415236 -0.000572 0.144388 2.214656 -1.303311 -0.394636 0.391585 0.024605
-0.354963 -0.283246 0.416762 2.169261 -1.111810 -0.353437 0.913825 -0.711643 -0.415236 -0.000572 0.144388 2.214656 -1.303693 -0.394255 0.391585 0.024605
-0.354963 -0.283246 0.416762 2.169261 -1.110666 -0.353437 0.913825 -0.711643 -0.415236 -0.000572 0.144388 2.214656 -1.303311 -0.394255 0.391585 0.024605
-0.354963 -0.283246 0.416762 2.169261 -1.109140 -0.353437 0.913825 -0.711643 -0.415236 -0.000572 0.144388 2.214656 -1.303693 -0.394255 0.391585 0.024605
-0.354963 -0.283246 0.416762 2.169261 -1.107233 -0.353437 0.913825 -0.711643 -0.415236 -0.000572 0.144388 2.214656 -1.303311 -0.394255 0.391585 0.024605
-0.354963 -0.283246 0.416762 2.169261 -1.106851 -0.353437 0.913825 -0.711643 -0.415236 -0.000572 0.144388 2.214656 -1.303311 -0.394255 0.391585 0.024605
-0.354963 -0.283246 0.416762 2.169261 -1.106088 -0.353437 0.913825 -0.711643 -0.415236 -0.000572 0.144388 2.214656 -1.303693 -0.394255 0.391585 0.024605
-0.354963 -0.283246 0.416762 2.169261 -1.104944 -0.353056 0.913825 -0.711643 -0.415236 -0.000572 0.144388 2.214656 -1.303693 -0.394255 0.391585 0.024605
-0.354963 -0.283246 0.416762 2.169261 -1.104181 -0.351530 0.913443 -0.711643 -0.415236 -0.000572 0.144388 2.214656 -1.303693 -0.394255 0.391585 0.024605
-0.354963 -0.283246 0.416762 2.169261 -1.103799 -0.350004 0.913825 -0.711643 -0.415236 -0.000572 0.144388 2.214656 -1.303693 -0.394255 0.391585 0.024605
-0.354963 -0.283246 0.416762 2.169261 -1.103799 -0.349241 0.913443 -0.711643 -0.415236 -0.000572 0.144388 2.214656 -1.303693 -0.394255 0.391585 0.024605
-0.354963 -0.283246 0.416762 2.169261 -1.103418 -0.347333 0.913443 -0.711643 -0.415236 -0.000572 0.144388 2.214656 -1.303311 -0.394255 0.391585 0.024605
-0.354963 -0.283246 0.416762 2.169261 -1.103037 -0.345426 0.913443 -0.711643 -0.415236 -0.000572 0.144388 2.214656 -1.303311 -0.394255 0.391585 0.024605
-0.354963 -0.283246 0.416762 2.169261 -1.102655 -0.345045 0.913443 -0.711643 -0.415236 -0.000572 0.144388 2.214656 -1.303693 -0.394255 0.391585 0.024605
-0.354963 -0.283246 0.416762 2.169261 -1.101129 -0.343137 0.913443 -0.711643 -0.415236 -0.000572 0.144388 2.214656 -1.303311 -0.394255 0.391585 0.024605
-0.354963 -0.283246 0.416762 2.169261 -1.099603 -0.342756 0.913062 -0.711643 -0.415236 -0.000572 0.144388 2.214656 -1.303693 -0.394255 0.391585 0.024605
-0.354963 -0.283246 0.416762 2.169261 -1.099222 -0.342756 0.913062 -0.711261 -0.415236 -0.000572 0.144388 2.214656 -1.303311 -0.394255 0.391585 0.024605
-0.354963 -0.283246 0.416762 2.169261 -1.098459 -0.342756 0.912680 -0.711643 -0.415236 -0.000572 0.144388 2.214656 -1.303311 -0.394255 0.391585 0.024605
-0.354963 -0.283246 0.416762 2.169261 -1.096170 -0.342374 0.912299 -0.711643 -0.415236 -0.000572 0.144388 2.214656 -1.303311 -0.394255 0.391585 0.024605
-0.354963 -0.283246 0.416762 2.169261 -1.095026 -0.342374 0.912299 -0.711643 -0.415236 -0.000572 0.144388 2.214656 -1.303693 -0.394255 0.391585 0.024605
-0.354963 -0.283246 0.416762 2.169261 -1.093881 -0.342374 0.912299 -0.711261 -0.415236 -0.000572 0.144388 2.214656 -1.303311 -0.394255 0.391585 0.024605
-0.354963 -0.283246 0.416762 2.169261 -1.092355 -0.341611 0.912299 -0.711261 -0.415236 -0.000572 0.144388 2.214656 -1.303693 -0.394255 0.391585 0.024605
-0.354963 -0.283246 0.416762 2.169261 -1.091974 -0.340848 0.912299 -0.711261 -0.415236 -0.000572 0.144388 2.214656 -1.303311 -0.394255 0.391585 0.024605
-0.354963 -0.283246 0.416762 2.169261 -1.091974 -0.339704 0.912299 -0.711261 -0.415236 -0.000572 0.144388 2.214656 -1.303311 -0.394255 0.391585 0.024605
-0.354963 -0.283246 0.416762 2.169261 -1.091974 -0.338941 0.912299 -0.711261 -0.415236 -0.000572 0.144388 2.214656 -1.303693 -0.394255 0.391585 0.024987
-0.354963 -0.283246 0.416762 2.169261 -1.091211 -0.338560 0.911917 -0.711643 -0.415236 -0.000572 0.144388 2.214656 -1.303693 -0.394255 0.391585 0.024605
-0.354963 -0.283246 0.416762 2.169261 -1.090066 -0.338178 0.911917 -0.711261 -0.415236 -0.000572 0.144388 2.214656 -1.303311 -0.394255 0.391585 0.024605
-0.354963 -0.283246 0.416762 2.169261 -1.088540 -0.338178 0.911536 -0.711261 -0.415236 -0.000572 0.144388 2.214656 -1.303693 -0.394255 0.391585 0.024987
-0.354963 -0.283246 0.416762 2.169261 -1.088159 -0.338178 0.911536 -0.711261 -0.415236 -0.000572 0.144388 2.214656 -1.303693 -0.394255 0.391585 0.024987
-0.354963 -0.283246 0.416762 2.169261 -1.088540 -0.338178 0.911536 -0.711261 -0.415236 -0.000572 0.144388 2.214656 -1.303693 -0.394255 0.391585 0.024605
-0.354963 -0.283246 0.416762 2.169261 -1.088540 -0.338178 0.911154 -0.711261 -0.415236 -0.000572 0.144388 2.214656 -1.303693 -0.394255 0.391585 0.024605
-0.354963 -0.283246 0.416762 2.169261 -1.088540 -0.338178 0.910773 -0.711261 -0.415236 -0.000572 0.144388 2.214656 -1.303693 -0.394255 0.391585 0.024605
-0.354963 -0.283246 0.416762 2.169261 -1.088540 -0.338178 0.910010 -0.711261 -0.415236 -0.000572 0.144388 2.214656 -1.303311 -0.394255 0.391585 0.024605
-0.354963 -0.283246 0.416762 2.169261 -1.088540 -0.338178 0.909247 -0.711261 -0.415236 -0.000572 0.144388 2.214656 -1.303693 -0.394255 0.391585 0.024605
-0.354963 -0.283246 0.416762 2.169261 -1.088540 -0.338178 0.908103 -0.711261 -0.415236 -0.000572 0.144388 2.214656 -1.303311 -0.394255 0.391585 0.024605
-0.354963 -0.283246 0.416762 2.169261 -1.088540 -0.338178 0.907340 -0.711261 -0.415236 -0.000572 0.144388 2.214656 -1.303693 -0.394255 0.391585 0.024605
-0.354963 -0.283246 0.416762 2.169261 -1.088540 -0.338178 0.906195 -0.711261 -0.415236 -0.000572 0.144388 2.214656 -1.303311 -0.394255 0.391585 0.024605
-0.354963 -0.283246 0.416762 2.169261 -1.088540 -0.338560 0.905051 -0.711261 -0.415236 -0.000572 0.144388 2.214656 -1.303693 -0.394255 0.391585 0.024605
-0.354963 -0.283246 0.416762 2.169261 -1.088540 -0.338560 0.904669 -0.711261 -0.415236 -0.000572 0.144388 2.214656 -1.303693 -0.394255 0.391585 0.024605
-0.354963 -0.282864 0.416762 2.169261 -1.088540 -0.338560 0.904669 -0.711261 -0.415236 -0.000572 0.144388 2.214656 -1.303311 -0.394255 0.391585 0.024605
-0.354963 -0.282864 0.416762 2.169261 -1.088540 -0.338560 0.904669 -0.711261 -0.415236 -0.000572 0.144388 2.214656 -1.303693 -0.394255 0.391585 0.024605
-0.355344 -0.283246 0.416762 2.169261 -1.088540 -0.338560 0.904669 -0.711261 -0.415236 -0.000572 0.144388 2.214656 -1.303311 -0.394255 0.391585 0.024605
-0.355344 -0.283246 0.416762 2.169261 -1.088922 -0.338560 0.904669 -0.711261 -0.415236 -0.000572 0.144388 2.214656 -1.303311 -0.394255 0.391585 0.024605
-0.355344 -0.282864 0.416762 2.169261 -1.088922 -0.338560 0.904669 -0.711261 -0.415236 -0.000572 0.144388 2.214656 -1.303693 -0.394255 0.391585 0.024605
-0.354963 -0.282864 0.416762 2.169261 -1.088922 -0.338560 0.904669 -0.711261 -0.415236 -0.000572 0.144388 2.214656 -1.303311 -0.394255 0.391585 0.024605
-0.355344 -0.282864 0.416762 2.169261 -1.088922 -0.338941 0.904669 -0.711261 -0.415236 -0.000572 0.144388 2.214656 -1.303311 -0.394255 0.391585 0.024605
-0.354963 -0.283246 0.416762 2.169261 -1.088922 -0.338941 0.904669 -0.711261 -0.415236 -0.000572 0.144388 2.214656 -1.303311 -0.394255 0.391585 0.024605
-0.354963 -0.282864 0.416762 2.169261 -1.088922 -0.338941 0.904669 -0.711261 -0.415236 -0.000572 0.144388 2.214656 -1.303693 -0.394255 0.391585 0.024605
-0.354963 -0.282864 0.416762 2.169261 -1.088922 -0.338941 0.905051 -0.711261 -0.415236 -0.000572 0.144388 2.214656 -1.303311 -0.394255 0.391585 0.024605
-0.354963 -0.282864 0.417144 2.169261 -1.088922 -0.338941 0.905051 -0.711261 -0.415236 -0.000572 0.144388 2.214656 -1.303693 -0.394255 0.391585 0.024605
-0.354963 -0.283246 0.417144 2.169261 -1.088922 -0.339322 0.905051 -0.711261 -0.415236 -0.000572 0.144388 2.214656 -1.303311 -0.394255 0.391585 0.024605
-0.354963 -0.282864 0.417144 2.169261 -1.088922 -0.339322 0.905051 -0.711261 -0.415236 -0.000572 0.144388 2.214656 -1.303693 -0.394255 0.391585 0.024605
-0.354963 -0.282864 0.417144 2.169261 -1.088922 -0.339322 0.905051 -0.711261 -0.415236 -0.000572 0.144388 2.214656 -1.303311 -0.394255 0.391585 0.024605
-0.354963 -0.282864 0.417144 2.169261 -1.088922 -0.339322 0.905432 -0.711261 -0.415236 -0.000572 0.144388 2.214656 -1.303693 -0.394255 0.391585 0.024987
-0.354963 -0.282864 0.417906 2.169261 -1.088922 -0.339322 0.905432 -0.711261 -0.415236 -0.000572 0.144388 2.214656 -1.303311 -0.394255 0.391585 0.024605
-0.354963 -0.282864 0.418669 2.169261 -1.088922 -0.339322 0.905432 -0.711261 -0.415236 -0.000572 0.144388 2.214656 -1.303693 -0.394255 0.391585 0.024605
-0.354963 -0.282864 0.419432 2.169261 -1.088922 -0.339322 0.905051 -0.711643 -0.415236 -0.000572 0.144388 2.214656 -1.303311 -0.394255 0.391585 0.024605
-0.354963 -0.282864 0.419814 2.169261 -1.088922 -0.339322 0.905432 -0.711261 -0.415236 -0.000572 0.144388 2.214656 -1.303693 -0.394255 0.391585 0.024605
-0.354963 -0.282864 0.420577 2.169261 -1.088922 -0.339322 0.905051 -0.711261 -0.415236 -0.000572 0.144388 2.214656 -1.303693 -0.394255 0.391585 0.024605
-0.354963 -0.282864 0.420958 2.169261 -1.088922 -0.339322 0.905051 -0.711643 -0.415236 -0.000572 0.144388 2.214656 -1.303693 -0.394255 0.391585 0.024605
-0.354963 -0.283246 0.421340 2.169261 -1.088922 -0.339322 0.905051 -0.711261 -0.415236 -0.000572 0.144388 2.214656 -1.303311 -0.394255 0.391585 0.024605
-0.354963 -0.282864 0.421721 2.169261 -1.089303 -0.339322 0.905051 -0.711261 -0.415236 -0.000572 0.144388 2.214656 -1.303311 -0.394255 0.391585 0.024605
-0.354963 -0.282864 0.422866 2.169261 -1.089303 -0.339322 0.905051 -0.711261 -0.415236 -0.000572 0.144388 2.214656 -1.303311 -0.394255 0.391585 0.024605
-0.354963 -0.282864 0.423629 2.169261 -1.088922 -0.339322 0.905051 -0.711261 -0.415236 -0.000572 0.144388 2.214656 -1.303311 -0.394255 0.391585 0.024605
-0.354963 -0.282864 0.425154 2.169261 -1.088922 -0.339322 0.905051 -0.711261 -0.415236 -0.000572 0.144388 2.214656 -1.303311 -0.394255 0.391966 0.024605
-0.354963 -0.282864 0.426299 2.169261 -1.088922 -0.339322 0.905051 -0.711261 -0.415236 -0.000572 0.144388 2.214656 -1.303311 -0.394255 0.391585 0.024987
-0.354963 -0.282864 0.427825 2.169261 -1.088922 -0.339322 0.905051 -0.711261 -0.415236 -0.000572 0.144388 2.214656 -1.303693 -0.394255 0.391585 0.024605
-0.354963 -0.282864 0.428969 2.169261 -1.088540 -0.339322 0.905051 -0.711261 -0.415236 -0.000572 0.144388 2.214656 -1.303311 -0.394255 0.391585 0.024605
-0.354963 -0.282864 0.430114 2.169261 -1.088540 -0.339322 0.905051 -0.711261 -0.415236 -0.000572 0.144388 2.214656 -1.303311 -0.394255 0.391585 0.024605
-0.354963 -0.282864 0.430877 2.169261 -1.088540 -0.339322 0.905051 -0.711261 -0.415236 -0.000572 0.144388 2.214656 -1.303693 -0.394255 0.391585 0.024605
-0.354963 -0.282864 0.432021 2.169261 -1.088540 -0.339322 0.905051 -0.711261 -0.415236 -0.000572 0.144388 2.214656 -1.303311 -0.394255 0.391585 0.024605
-0.354963 -0.282864 0.432784 2.169261 -1.088159 -0.339322 0.905051 -0.711261 -0.415236 -0.000572 0.144388 2.214656 -1.303693 -0.394255 0.391585 0.024605
-0.354963 -0.282864 0.433928 2.169261 -1.087778 -0.339322 0.905051 -0.711261 -0.415236 -0.000572 0.144388 2.214656 -1.303311 -0.394255 0.391585 0.024987
-0.354963 -0.282864 0.434691 2.169261 -1.087015 -0.339322 0.905051 -0.711261 -0.415236 -0.000572 0.144388 2.214656 -1.303311 -0.394255 0.391585 0.024605
-0.354963 -0.282864 0.435454 2.169261 -1.086252 -0.339322 0.905051 -0.711261 -0.415236 -0.000572 0.144388 2.214656 -1.303693 -0.394255 0.391585 0.024605
-0.354963 -0.282864 0.436217 2.169261 -1.085870 -0.339322 0.905051 -0.711261 -0.415236 -0.000572 0.144388 2.214656 -1.303693 -0.394255 0.391585 0.024605
-0.354963 -0.282864 0.436599 2.169261 -1.085870 -0.339322 0.905051 -0.711261 -0.415236 -0.000572 0.144388 2.214656 -1.303693 -0.394255 0.391585 0.024605
-0.354963 -0.282864 0.436599 2.169261 -1.085870 -0.339322 0.905051 -0.711643 -0.415236 -0.000572 0.144388 2.214656 -1.303311 -0.394255 0.391585 0.024605
-0.354963 -0.282864 0.436980 2.169261 -1.085870 -0.338941 0.905051 -0.711261 -0.415236 -0.000572 0.144388 2.214656 -1.303693 -0.394255 0.391585 0.024605
-0.354963 -0.282864 0.436980 2.169261 -1.085870 -0.338941 0.905051 -0.711261 -0.415236 -0.000572 0.144388 2.214656 -1.303311 -0.394255 0.391585 0.024605
-0.354963 -0.282864 0.436980 2.169261 -1.085870 -0.339322 0.905051 -0.711261 -0.415236 -0.000572 0.144388 2.214656 -1.303693 -0.394255 0.391585 0.024605
-0.354963 -0.282864 0.437362 2.169261 -1.085870 -0.338941 0.905051 -0.711261 -0.415236 -0.000572 0.144388 2.214656 -1.303693 -0.394255 0.391585 0.024605
-0.354963 -0.282864 0.437362 2.169261 -1.085489 -0.338941 0.905051 -0.711261 -0.415236 -0.000572 0.144388 2.214656 -1.303311 -0.394255 0.391585 0.024605
-0.354963 -0.282864 0.437362 2.169261 -1.085489 -0.338941 0.905051 -0.711261 -0.415236 -0.000572 0.144388 2.214656 -1.303693 -0.394255 0.391585 0.024605
-0.354963 -0.282864 0.437362 2.169261 -1.085489 -0.338941 0.905051 -0.711643 -0.415236 -0.000572 0.144388 2.214656 -1.303311 -0.394255 0.391585 0.024605
-0.354963 -0.282864 0.437362 2.169261 -1.085489 -0.338941 0.905051 -0.711261 -0.415236 -0.000572 0.144388 2.214656 -1.303311 -0.394255 0.391585 0.024987
-0.354963 -0.282864 0.437362 2.169261 -1.085489 -0.338941 0.905051 -0.711643 -0.415236 -0.000572 0.144388 2.214656 -1.303693 -0.394255 0.391585 0.024987
-0.354963 -0.282864 0.437362 2.169261 -1.085489 -0.339322 0.905051 -0.711261 -0.415236 -0.000572 0.144388 2.214656 -1.303693 -0.394255 0.391585 0.024605
-0.354963 -0.282864 0.437362 2.169261 -1.085489 -0.338941 0.905051 -0.711261 -0.415236 -0.000572 0.144388 2.214656 -1.303693 -0.394255 0.391585 0.024605
-0.354963 -0.282864 0.437362 2.169261 -1.085489 -0.338941 0.904669 -0.711261 -0.415236 -0.000572 0.144388 2.214656 -1.303311 -0.394255 0.391585 0.024605
-0.354963 -0.282864 0.437362 2.169261 -1.085870 -0.338941 0.904669 -0.711261 -0.415236 -0.000572 0.144388 2.214656 -1.303311 -0.394255 0.391585 0.024605
-0.354963 -0.282864 0.437362 2.169261 -1.085870 -0.339322 0.904669 -0.711261 -0.415236 -0.000572 0.144388 2.214656 -1.303311 -0.394255 0.391585 0.024605
-0.354963 -0.282864 0.437743 2.169261 -1.085870 -0.339322 0.904669 -0.711261 -0.415236 -0.000572 0.144388 2.214656 -1.303693 -0.394255 0.391585 0.024605
-0.354963 -0.282864 0.437743 2.169261 -1.085870 -0.338941 0.904669 -0.711261 -0.415236 -0.000572 0.144388 2.214656 -1.303693 -0.394255 0.391585 0.024605
-0.354963 -0.282864 0.437743 2.169261 -1.085870 -0.338941 0.904669 -0.711261 -0.415236 -0.000572 0.144388 2.214656 -1.303693 -0.394255 0.391585 0.024605
-0.354963 -0.282864 0.437743 2.169261 -1.085870 -0.338941 0.904288 -0.711261 -0.415236 -0.000572 0.144388 2.214656 -1.303693 -0.394255 0.391585 0.024605
-0.354963 -0.282864 0.437743 2.169261 -1.085870 -0.338941 0.904288 -0.711261 -0.415236 -0.000572 0.144388 2.214656 -1.303693 -0.394255 0.391585 0.024605
-0.354963 -0.282483 0.437743 2.169261 -1.085870 -0.339322 0.903525 -0.711261 -0.415236 -0.000572 0.144388 2.214656 -1.303693 -0.394255 0.391585 0.024605
-0.354963 -0.282864 0.437743 2.169261 -1.085870 -0.338941 0.902380 -0.711261 -0.415236 -0.000572 0.144388 2.214656 -1.303693 -0.394255 0.391585 0.024605
-0.354963 -0.282864 0.437743 2.169261 -1.085870 -0.338941 0.900855 -0.711643 -0.415236 -0.000572 0.144388 2.214656 -1.303693 -0.394255 0.391585 0.024605
-0.354963 -0.282864 0.437743 2.169261 -1.085489 -0.338941 0.898947 -0.711643 -0.415236 -0.000572 0.144388 2.214656 -1.303693 -0.394255 0.391585 0.024605
-0.354963 -0.282864 0.437743 2.169261 -1.085489 -0.338941 0.897421 -0.711261 -0.415236 -0.000572 0.144388 2.214656 -1.303693 -0.394255 0.391585 0.024605
-0.354963 -0.282864 0.437743 2.169261 -1.085489 -0.338941 0.896658 -0.711261 -0.415236 -0.000572 0.144388 2.214656 -1.303693 -0.394255 0.391585 0.024605
-0.354963 -0.282864 0.437743 2.169261 -1.085489 -0.338941 0.896658 -0.711261 -0.415236 -0.000572 0.144388 2.214656 -1.303311 -0.394255 0.391585 0.024605
-0.354963 -0.282864 0.437743 2.169261 -1.085489 -0.338941 0.896658 -0.711643 -0.415236 -0.000572 0.144388 2.214656 -1.303693 -0.394255 0.391585 0.024605
-0.354963 -0.282864 0.437743 2.169261 -1.085489 -0.338941 0.896658 -0.711261 -0.415236 -0.000572 0.144388 2.214656 -1.303693 -0.394255 0.391585 0.024605
-0.354963 -0.282864 0.437743 2.169261 -1.085489 -0.338941 0.896658 -0.711261 -0.415236 -0.000572 0.144388 2.214656 -1.303311 -0.394255 0.391585 0.024605
-0.354963 -0.282864 0.437743 2.169261 -1.085489 -0.338941 0.896658 -0.711261 -0.415236 -0.000572 0.144388 2.214656 -1.303693 -0.394255 0.391585 0.024605
-0.354963 -0.282864 0.437743 2.169261 -1.085489 -0.338941 0.896658 -0.711261 -0.415236 -0.000572 0.144388 2.214656 -1.303311 -0.394255 0.391585 0.024605
-0.354963 -0.282864 0.437743 2.169261 -1.085489 -0.338560 0.896658 -0.711261 -0.415236 -0.000572 0.144388 2.214656 -1.303693 -0.394255 0.391585 0.024605
-0.354963 -0.282864 0.437743 2.169261 -1.085489 -0.338941 0.896658 -0.711261 -0.415236 -0.000572 0.144388 2.214656 -1.303311 -0.394255 0.391585 0.024605
-0.354963 -0.282864 0.437743 2.169261 -1.085489 -0.338560 0.896658 -0.711643 -0.415236 -0.000572 0.144388 2.214656 -1.303693 -0.394255 0.391585 0.024605
-0.354963 -0.282864 0.437743 2.169261 -1.085489 -0.338560 0.896658 -0.711643 -0.415236 -0.000572 0.144388 2.214656 -1.303693 -0.394255 0.391585 0.024605
-0.354963 -0.282864 0.437743 2.169261 -1.085489 -0.338560 0.896658 -0.711261 -0.415236 -0.000572 0.144388 2.214656 -1.303693 -0.394255 0.391585 0.024605
-0.354963 -0.282864 0.437743 2.169261 -1.085107 -0.338560 0.896658 -0.711261 -0.415236 -0.000572 0.144388 2.214656 -1.303693 -0.394255 0.391585 0.024605
-0.354963 -0.282864 0.437743 2.169261 -1.085107 -0.338560 0.895895 -0.711261 -0.415236 -0.000572 0.144388 2.214656 -1.303311 -0.394255 0.391585 0.024605
-0.354963 -0.282864 0.437743 2.169261 -1.084726 -0.338178 0.894751 -0.711261 -0.415236 -0.000572 0.144388 2.214656 -1.303311 -0.394255 0.391585 0.024605
-0.354963 -0.282864 0.437743 2.169261 -1.083963 -0.337797 0.892462 -0.711261 -0.415236 -0.000572 0.144388 2.214656 -1.303311 -0.394255 0.391585 0.024605
-0.354963 -0.282864 0.437743 2.169261 -1.082437 -0.336271 0.889792 -0.711261 -0.415236 -0.000572 0.144388 2.214656 -1.303693 -0.394255 0.391585 0.024605
-0.354963 -0.282864 0.437743 2.169261 -1.080529 -0.335508 0.887503 -0.711261 -0.415236 -0.000572 0.144388 2.214656 -1.303311 -0.394255 0.391585 0.024605
-0.354582 -0.282864 0.437743 2.169261 -1.078241 -0.335508 0.885595 -0.711261 -0.415236 -0.000572 0.144388 2.214656 -1.303311 -0.394255 0.391585 0.024605
-0.354582 -0.282864 0.437743 2.169261 -1.076715 -0.335126 0.883688 -0.711261 -0.415236 -0.000572 0.144388 2.214656 -1.303693 -0.394255 0.391585 0.024605
-0.354963 -0.282864 0.437743 2.169261 -1.075189 -0.335126 0.882162 -0.711643 -0.415236 -0.000572 0.144388 2.214656 -1.303311 -0.394255 0.391585 0.024605
-0.354963 -0.282864 0.437743 2.169261 -1.073663 -0.334745 0.881399 -0.711261 -0.415236 -0.000572 0.144388 2.214656 -1.303311 -0.394255 0.391585 0.024605
-0.354963 -0.282864 0.437743 2.169261 -1.072900 -0.334745 0.881018 -0.711261 -0.415236 -0.000572 0.144388 2.214656 -1.303693 -0.394255 0.391585 0.024605
-0.354963 -0.282864 0.437743 2.169261 -1.070993 -0.334363 0.880255 -0.711643 -0.415236 -0.000572 0.144388 2.214656 -1.303693 -0.394255 0.391585 0.024605
-0.354963 -0.282864 0.437743 2.169261 -1.069085 -0.332456 0.878729 -0.711261 -0.415236 -0.000572 0.144388 2.214656 -1.303311 -0.394255 0.391585 0.024605
-0.354963 -0.282864 0.437743 2.169261 -1.068322 -0.331312 0.878347 -0.711261 -0.415236 -0.000572 0.144388 2.214656 -1.303311 -0.394255 0.391585 0.024605
-0.354582 -0.282864 0.437743 2.169261 -1.067178 -0.330167 0.878347 -0.711643 -0.415236 -0.000572 0.144388 2.214656 -1.303311 -0.394255 0.391585 0.024605
-0.354582 -0.282864 0.437743 2.169261 -1.066796 -0.328260 0.878347 -0.711261 -0.415236 -0.000572 0.144388 2.214656 -1.303693 -0.394255 0.391585 0.024605
-0.354963 -0.282864 0.437743 2.169261 -1.066796 -0.327497 0.878729 -0.711643 -0.415236 -0.000572 0.144388 2.214656 -1.303311 -0.394255 0.391585 0.024605
-0.354582 -0.282864 0.437743 2.169261 -1.066796 -0.327497 0.878729 -0.711261 -0.415236 -0.000572 0.144388 2.214656 -1.303693 -0.394255 0.391585 0.024605
-0.354582 -0.282864 0.437743 2.169261 -1.066796 -0.327497 0.878729 -0.711261 -0.415236 -0.000572 0.144388 2.214656 -1.303693 -0.394255 0.391585 0.024605
-0.354582 -0.282864 0.437743 2.169261 -1.066796 -0.327497 0.878729 -0.711261 -0.415236 -0.000572 0.144388 2.214656 -1.303693 -0.394255 0.391585 0.024605
-0.354582 -0.282864 0.438125 2.169261 -1.066796 -0.327497 0.878729 -0.711261 -0.415236 -0.000572 0.144388 2.214656 -1.303693 -0.394255 0.391585 0.024987
-0.354582 -0.282864 0.438506 2.169261 -1.066796 -0.327497 0.878729 -0.711261 -0.415236 -0.000572 0.144388 2.214656 -1.303311 -0.394255 0.391585 0.024605
-0.354582 -0.282864 0.438506 2.169261 -1.066796 -0.327497 0.878729 -0.711261 -0.415236 -0.000572 0.144388 2.214656 -1.303693 -0.394255 0.391585 0.024605
-0.354582 -0.282864 0.438888 2.169261 -1.066796 -0.327497 0.878347 -0.711261 -0.415236 -0.000572 0.144388 2.214656 -1.303693 -0.394255 0.391585 0.024605
-0.354582 -0.282864 0.439269 2.169261 -1.066796 -0.327497 0.878347 -0.711261 -0.415236 -0.000572 0.144388 2.214656 -1.303311 -0.394255 0.391585 0.024605
-0.354582 -0.282864 0.439651 2.169261 -1.066415 -0.327497 0.878347 -0.711261 -0.415236 -0.000572 0.144388 2.214656 -1.303693 -0.394255 0.391585 0.024605
-0.354582 -0.282864 0.439651 2.169261 -1.066415 -0.327497 0.878347 -0.711261 -0.415236 -0.000572 0.144388 2.214656 -1.303311 -0.394255 0.391585 0.024605
-0.354963 -0.282864 0.440032 2.169261 -1.066033 -0.327878 0.878347 -0.711261 -0.415236 -0.000572 0.144388 2.214656 -1.303693 -0.394255 0.391585 0.024605
-0.354963 -0.282864 0.440414 2.169261 -1.066415 -0.327878 0.878347 -0.711261 -0.415236 -0.000572 0.144388 2.214656 -1.303311 -0.394255 0.391585 0.024605
-0.354582 -0.282864 0.440795 2.169261 -1.066415 -0.327878 0.878347 -0.710880 -0.415236 -0.000572 0.144388 2.214656 -1.303311 -0.394255 0.391585 0.024605
-0.354582 -0.282864 0.441176 2.169261 -1.066033 -0.327878 0.878347 -0.710880 -0.415236 -0.000572 0.144388 2.214656 -1.303311 -0.394255 0.391585 0.024987
-0.354963 -0.282864 0.441558 2.169261 -1.065652 -0.327878 0.878347 -0.710880 -0.415236 -0.000572 0.144388 2.214656 -1.303693 -0.394255 0.391585 0.024605
-0.354582 -0.282864 0.441558 2.169261 -1.064508 -0.327878 0.878347 -0.710880 -0.415236 -0.000572 0.144388 2.214656 -1.303693 -0.394255 0.391585 0.024605
-0.354582 -0.282864 0.442321 2.169261 -1.063363 -0.327878 0.878347 -0.710880 -0.415236 -0.000572 0.144388 2.214656 -1.303693 -0.394255 0.391585 0.024605
-0.354582 -0.282864 0.442702 2.169261 -1.062600 -0.327878 0.878347 -0.710498 -0.415236 -0.000572 0.144388 2.214656 -1.303693 -0.394255 0.391585 0.024605
-0.354582 -0.282864 0.443465 2.169261 -1.062600 -0.327878 0.877966 -0.710498 -0.415236 -0.000572 0.144388 2.214656 -1.303311 -0.394255 0.391585 0.024605
-0.354582 -0.282864 0.443847 2.169261 -1.062219 -0.327878 0.877584 -0.710498 -0.415236 -0.000572 0.144388 2.214656 -1.303311 -0.394255 0.391585 0.024605
-0.354963 -0.282864 0.444610 2.169261 -1.062600 -0.327878 0.877203 -0.710498 -0.415236 -0.000572 0.144388 2.214656 -1.303693 -0.394255 0.391585 0.024605
-0.354963 -0.282864 0.445373 2.169261 -1.062219 -0.327497 0.875296 -0.710498 -0.415236 -0.000572 0.144388 2.214656 -1.303311 -0.394255 0.391585 0.024987
-0.354582 -0.282864 0.446136 2.169261 -1.061837 -0.327497 0.873770 -0.710498 -0.415236 -0.000572 0.144388 2.214656 -1.303693 -0.394255 0.391585 0.024605
-0.354582 -0.282864 0.447280 2.169261 -1.061456 -0.327878 0.873007 -0.710498 -0.415236 -0.000572 0.144388 2.214656 -1.303311 -0.394255 0.391585 0.024605
-0.354582 -0.282864 0.448425 2.169261 -1.060311 -0.327497 0.871099 -0.710498 -0.415236 -0.000572 0.144388 2.214656 -1.303693 -0.394255 0.391585 0.024605
-0.354582 -0.282864 0.449569 2.169261 -1.059548 -0.327878 0.869192 -0.710498 -0.415236 -0.000572 0.144388 2.214656 -1.303311 -0.394255 0.391585 0.024605
-0.354582 -0.282864 0.450332 2.169261 -1.059167 -0.327497 0.867285 -0.710498 -0.415236 -0.000572 0.144388 2.214656 -1.303311 -0.394255 0.391585 0.024605
-0.354582 -0.282864 0.452239 2.169261 -1.059167 -0.327497 0.864233 -0.710498 -0.415236 -0.000572 0.144388 2.214656 -1.303693 -0.394255 0.391585 0.024605
-0.354582 -0.282864 0.453765 2.169261 -1.058785 -0.327497 0.861944 -0.710498 -0.415236 -0.000572 0.144388 2.214656 -1.303693 -0.394255 0.391585 0.024605
-0.354582 -0.282864 0.455291 2.169261 -1.058022 -0.327497 0.859655 -0.710498 -0.415236 -0.000572 0.144388 2.214656 -1.303311 -0.394255 0.391585 0.024605
-0.354582 -0.282864 0.456817 2.169261 -1.056878 -0.327497 0.858129 -0.710498 -0.415236 -0.000572 0.144388 2.214656 -1.303311 -0.394255 0.391585 0.024605
-0.354582 -0.282864 0.458724 2.169261 -1.054971 -0.327497 0.856603 -0.710498 -0.415236 -0.000572 0.144388 2.214656 -1.303311 -0.394255 0.391585 0.024605
-0.354582 -0.282864 0.460250 2.169261 -1.053445 -0.327497 0.855459 -0.710498 -0.415236 -0.000572 0.144388 2.214656 -1.303311 -0.394255 0.391585 0.024605
-0.354582 -0.282864 0.462158 2.169261 -1.050774 -0.327497 0.853170 -0.710498 -0.415236 -0.000572 0.144388 2.214656 -1.303311 -0.394255 0.391585 0.024605
-0.354582 -0.282864 0.464065 2.169261 -1.049248 -0.327115 0.851644 -0.710880 -0.415236 -0.000572 0.144388 2.214656 -1.303693 -0.394255 0.391585 0.024605
-0.354582 -0.282864 0.465972 2.169261 -1.046960 -0.327115 0.850500 -0.710498 -0.415236 -0.000572 0.144388 2.214656 -1.303693 -0.394255 0.391585 0.024605
-0.354582 -0.282864 0.467498 2.169261 -1.045052 -0.327115 0.848974 -0.710880 -0.415236 -0.000572 0.144388 2.214656 -1.303693 -0.394255 0.391585 0.024605
-0.354582 -0.282864 0.469024 2.169261 -1.042382 -0.326352 0.848211 -0.710880 -0.415236 -0.000572 0.144388 2.214656 -1.303311 -0.394255 0.391585 0.024605
-0.354582 -0.282864 0.470932 2.169261 -1.040093 -0.324826 0.847829 -0.710880 -0.415236 -0.000572 0.144388 2.214656 -1.303311 -0.394255 0.391585 0.024605
-0.354582 -0.282864 0.473220 2.169261 -1.038949 -0.322919 0.848211 -0.710880 -0.415236 -0.000572 0.144388 2.214656 -1.303311 -0.394255 0.391585 0.024605
-0.354582 -0.282864 0.475128 2.169261 -1.037041 -0.320249 0.847829 -0.710880 -0.415236 -0.000572 0.144388 2.214656 -1.303693 -0.394255 0.391585 0.024605
-0.354582 -0.282864 0.477035 2.169261 -1.034752 -0.317960 0.847829 -0.710880 -0.415236 -0.000572 0.144388 2.214656 -1.303693 -0.394255 0.391585 0.024605
-0.354963 -0.282864 0.478943 2.169261 -1.032845 -0.315290 0.848211 -0.710880 -0.415236 -0.000572 0.144388 2.214656 -1.303693 -0.394255 0.391585 0.024605
-0.354963 -0.282864 0.480850 2.169261 -1.031701 -0.313382 0.847829 -0.710880 -0.415236 -0.000572 0.144388 2.214656 -1.303311 -0.394255 0.391585 0.024605
-0.354963 -0.282864 0.482757 2.169261 -1.029030 -0.312619 0.847448 -0.710880 -0.415236 -0.000572 0.144388 2.214656 -1.303693 -0.394255 0.391585 0.024605
-0.354582 -0.282864 0.484665 2.169261 -1.024834 -0.312619 0.846685 -0.710880 -0.415236 -0.000572 0.144388 2.214656 -1.303311 -0.394255 0.391585 0.024605
-0.354582 -0.282864 0.486191 2.169261 -1.022164 -0.312619 0.845541 -0.710880 -0.415236 -0.000572 0.144388 2.214656 -1.303693 -0.394255 0.391585 0.024605
-0.354582 -0.282864 0.487716 2.169261 -1.019112 -0.312619 0.845159 -0.710880 -0.415236 -0.000572 0.144388 2.214656 -1.303311 -0.394255 0.391585 0.024605
-0.354582 -0.282864 0.489624 2.169261 -1.016060 -0.312619 0.844778 -0.710880 -0.415236 -0.000572 0.144388 2.214656 -1.303311 -0.394255 0.391585 0.024605
-0.354582 -0.282864 0.491531 2.169261 -1.013390 -0.312619 0.844778 -0.710880 -0.415236 -0.000572 0.144388 2.214656 -1.303311 -0.394255 0.391585 0.024605
-0.354582 -0.282864 0.493820 2.169261 -1.010338 -0.312619 0.844396 -0.710880 -0.415236 -0.000572 0.144388 2.214656 -1.303693 -0.394255 0.391585 0.024605
-0.354963 -0.282864 0.496109 2.169261 -1.008431 -0.312619 0.843252 -0.710498 -0.415236 -0.000572 0.144388 2.214656 -1.303311 -0.394255 0.391585 0.024605
-0.354963 -0.282864 0.498016 2.169261 -1.006142 -0.312619 0.840581 -0.710880 -0.415236 -0.000572 0.144388 2.214656 -1.303693 -0.394255 0.391585 0.024987
-0.354582 -0.282864 0.499924 2.169261 -1.003471 -0.312619 0.836004 -0.710880 -0.415236 -0.000572 0.144388 2.214656 -1.303311 -0.394255 0.391585 0.024605
-0.354582 -0.282864 0.501450 2.169261 -1.000801 -0.312619 0.832952 -0.710880 -0.415236 -0.000572 0.144388 2.214656 -1.303311 -0.394255 0.391585 0.024605
-0.354582 -0.282864 0.502976 2.169261 -0.997749 -0.312619 0.830282 -0.710880 -0.415236 -0.000572 0.144388 2.214656 -1.303693 -0.394255 0.391585 0.024605
-0.354582 -0.282864 0.504883 2.169261 -0.994316 -0.312238 0.827611 -0.710880 -0.415236 -0.000572 0.144388 2.214656 -1.303693 -0.394255 0.391585 0.024605
-0.354582 -0.282864 0.507553 2.169261 -0.991264 -0.311475 0.824178 -0.710880 -0.415236 -0.000572 0.144388 2.214656 -1.303311 -0.394255 0.391585 0.024987
-0.354582 -0.282864 0.509079 2.169261 -0.988594 -0.309949 0.821126 -0.710880 -0.415236 -0.000572 0.144388 2.214656 -1.303311 -0.394255 0.391585 0.024605
-0.354582 -0.282864 0.510986 2.169261 -0.987068 -0.308804 0.817693 -0.710880 -0.415236 -0.000572 0.144388 2.214656 -1.303311 -0.394255 0.391585 0.024605
-0.354582 -0.282864 0.512512 2.169261 -0.985924 -0.308423 0.814260 -0.710880 -0.415236 -0.000572 0.144388 2.214656 -1.303311 -0.394255 0.391585 0.024605
-0.354963 -0.282864 0.513657 2.169261 -0.984016 -0.308042 0.810826 -0.710880 -0.415236 -0.000572 0.144388 2.214656 -1.303311 -0.394255 0.391585 0.024605
-0.354582 -0.282864 0.514801 2.169261 -0.982490 -0.308042 0.807774 -0.710880 -0.415236 -0.000572 0.144388 2.214656 -1.303693 -0.394255 0.391585 0.024605
-0.354582 -0.282864 0.515183 2.169261 -0.980964 -0.308042 0.805867 -0.710880 -0.415236 -0.000572 0.144388 2.214656 -1.303311 -0.394255 0.391585 0.024987
-0.354582 -0.282864 0.515183 2.169261 -0.980964 -0.308042 0.804723 -0.710880 -0.415236 -0.000572 0.144388 2.214656 -1.303693 -0.394255 0.391585 0.024605
-0.354582 -0.282864 0.515564 2.169261 -0.980964 -0.308042 0.803578 -0.710880 -0.415236 -0.000572 0.144388 2.214656 -1.303311 -0.394255 0.391585 0.024605
-0.354582 -0.282864 0.515946 2.169261 -0.980964 -0.308042 0.802815 -0.710880 -0.415236 -0.000572 0.144388 2.214656 -1.303693 -0.394255 0.391585 0.024605
-0.354963 -0.282864 0.515946 2.169261 -0.980964 -0.308042 0.801671 -0.710880 -0.415236 -0.000572 0.144388 2.214656 -1.303311 -0.394255 0.391585 0.024605
-0.354963 -0.282864 0.515946 2.169261 -0.980964 -0.308042 0.800526 -0.710880 -0.415236 -0.000572 0.144388 2.214656 -1.303311 -0.394255 0.391585 0.024605
-0.354963 -0.282864 0.515946 2.169261 -0.980964 -0.308042 0.799382 -0.710880 -0.415236 -0.000572 0.144388 2.214656 -1.303693 -0.394255 0.391585 0.024605
-0.354963 -0.282864 0.515946 2.169261 -0.980964 -0.308042 0.799001 -0.710498 -0.415236 -0.000572 0.144388 2.214656 -1.303693 -0.394255 0.391585 0.024605
-0.354963 -0.282864 0.515946 2.169261 -0.980964 -0.308042 0.799001 -0.710498 -0.415236 -0.000572 0.144388 2.214656 -1.303311 -0.394255 0.391585 0.024605
-0.354963 -0.282864 0.515946 2.169261 -0.980964 -0.308423 0.798619 -0.710880 -0.415236 -0.000572 0.144388 2.214656 -1.303311 -0.394255 0.391585 0.024605
-0.354963 -0.282864 0.515946 2.169261 -0.980964 -0.308042 0.797475 -0.710498 -0.415236 -0.000572 0.144388 2.214656 -1.303693 -0.394255 0.391585 0.024605
-0.354963 -0.282864 0.515946 2.169261 -0.980583 -0.308042 0.795567 -0.710880 -0.415236 -0.000572 0.144388 2.214656 -1.303693 -0.394255 0.391585 0.024605
-0.354963 -0.282864 0.515946 2.169261 -0.980583 -0.308042 0.794423 -0.710498 -0.415236 -0.000572 0.144388 2.214656 -1.303693 -0.394255 0.391585 0.024605
-0.354963 -0.282864 0.515946 2.169261 -0.980201 -0.308042 0.792897 -0.710498 -0.415236 -0.000572 0.144388 2.214656 -1.303693 -0.394255 0.391585 0.024605
-0.354963 -0.282864 0.515946 2.169261 -0.979820 -0.308423 0.792515 -0.710498 -0.415236 -0.000572 0.144388 2.214656 -1.303311 -0.394255 0.391585 0.024605
-0.354963 -0.282864 0.515946 2.169261 -0.979820 -0.308042 0.792515 -0.710880 -0.415236 -0.000572 0.144388 2.214656 -1.303693 -0.394255 0.391585 0.024605
-0.354963 -0.282864 0.515946 2.169261 -0.979438 -0.308423 0.792515 -0.710498 -0.415236 -0.000572 0.144388 2.214656 -1.303693 -0.394255 0.391585 0.024605
-0.354963 -0.283246 0.515946 2.169261 -0.979438 -0.308042 0.792515 -0.710880 -0.415236 -0.000572 0.144388 2.214656 -1.303693 -0.394255 0.391585 0.024605
-0.354963 -0.283246 0.515946 2.169261 -0.979438 -0.308423 0.792897 -0.710880 -0.415236 -0.000572 0.144388 2.214656 -1.303311 -0.394255 0.391585 0.024605
-0.354963 -0.283246 0.515946 2.169261 -0.978676 -0.308423 0.792897 -0.710498 -0.415236 -0.000572 0.144388 2.214656 -1.303693 -0.394255 0.391585 0.024605
-0.354963 -0.282864 0.515946 2.169261 -0.977150 -0.308423 0.792897 -0.710880 -0.415236 -0.000572 0.144388 2.214656 -1.303311 -0.394255 0.391585 0.024605
-0.354963 -0.282864 0.515946 2.169261 -0.975624 -0.308804 0.792897 -0.710880 -0.415236 -0.000572 0.144388 2.214656 -1.303311 -0.394255 0.391585 0.024605
-0.354963 -0.282864 0.515946 2.169261 -0.974479 -0.309186 0.792897 -0.710880 -0.415236 -0.000572 0.144388 2.214656 -1.303693 -0.394255 0.391585 0.024605
-0.354963 -0.282864 0.515946 2.169261 -0.972953 -0.309186 0.792897 -0.710880 -0.415236 -0.000572 0.144388 2.214656 -1.303311 -0.394255 0.391585 0.024605
-0.354963 -0.282864 0.515946 2.169261 -0.972953 -0.309186 0.792897 -0.710880 -0.415236 -0.000572 0.144388 2.214656 -1.303311 -0.394255 0.391585 0.024605
-0.354963 -0.282864 0.515946 2.169261 -0.972572 -0.309186 0.792897 -0.710880 -0.415236 -0.000572 0.144388 2.214656 -1.303693 -0.394255 0.391585 0.024605
-0.354963 -0.282864 0.515946 2.169261 -0.972190 -0.309186 0.792897 -0.710880 -0.415236 -0.000572 0.144388 2.214656 -1.303693 -0.394255 0.391585 0.024605
-0.354963 -0.282864 0.515946 2.169261 -0.971427 -0.309186 0.792897 -0.710880 -0.415236 -0.000572 0.144388 2.214656 -1.303693 -0.394255 0.391585 0.024605
-0.354963 -0.283246 0.515946 2.169261 -0.969520 -0.309186 0.792897 -0.710880 -0.415236 -0.000572 0.144388 2.214656 -1.303311 -0.394255 0.391585 0.024605
-0.354963 -0.282864 0.515946 2.169261 -0.967613 -0.309186 0.792515 -0.710880 -0.415236 -0.000572 0.144388 2.214656 -1.303311 -0.394255 0.391585 0.024605
-0.354963 -0.283246 0.515946 2.169261 -0.964942 -0.309186 0.792515 -0.710880 -0.415236 -0.000572 0.144388 2.214656 -1.303311 -0.394255 0.391585 0.024605
-0.354963 -0.283246 0.515946 2.169261 -0.963798 -0.309186 0.792897 -0.710880 -0.415236 -0.000572 0.144388 2.214656 -1.303311 -0.394255 0.391585 0.024605
-0.354963 -0.283246 0.515946 2.169261 -0.961891 -0.309186 0.792897 -0.710880 -0.415236 -0.000572 0.144388 2.214656 -1.303693 -0.394255 0.391585 0.024605
-0.354963 -0.283246 0.515946 2.169261 -0.961128 -0.309186 0.792897 -0.710880 -0.415236 -0.000572 0.144388 2.214656 -1.303693 -0.394255 0.391585 0.024605
-0.354963 -0.283246 0.515946 2.169261 -0.960365 -0.309186 0.792897 -0.710880 -0.415236 -0.000572 0.144388 2.214656 -1.303311 -0.394255 0.391585 0.024605
-0.354963 -0.283246 0.515946 2.169261 -0.958839 -0.309186 0.792897 -0.710880 -0.415236 -0.000572 0.144388 2.214656 -1.303693 -0.394255 0.391585 0.024605
-0.354963 -0.283246 0.515946 2.169261 -0.957694 -0.309186 0.792897 -0.710880 -0.415236 -0.000572 0.144388 2.214656 -1.303311 -0.394255 0.391585 0.024605
-0.354963 -0.283246 0.515946 2.169261 -0.957313 -0.309186 0.792897 -0.710880 -0.415236 -0.000572 0.144388 2.214656 -1.303693 -0.394636 0.391585 0.024605
-0.354963 -0.283246 0.515946 2.169261 -0.956931 -0.309186 0.792897 -0.710880 -0.415236 -0.000572 0.144388 2.214656 -1.303311 -0.394255 0.391585 0.024605
-0.354963 -0.283246 0.515946 2.169261 -0.956168 -0.309186 0.792897 -0.710880 -0.415236 -0.000572 0.144388 2.214656 -1.303311 -0.394255 0.391585 0.024987
-0.354963 -0.283246 0.515946 2.169261 -0.955406 -0.309186 0.792515 -0.710880 -0.415236 -0.000572 0.144388 2.214656 -1.303693 -0.394255 0.391585 0.024987
-0.354963 -0.283246 0.515946 2.169261 -0.954643 -0.309186 0.792515 -0.710880 -0.415236 -0.000572 0.144388 2.214656 -1.303311 -0.394255 0.391585 0.024605
-0.354963 -0.283246 0.515946 2.169261 -0.954643 -0.309186 0.792515 -0.710880 -0.415236 -0.000572 0.144388 2.214656 -1.303693 -0.394255 0.391585 0.024605
-0.354963 -0.283246 0.515946 2.169261 -0.954261 -0.309186 0.792515 -0.710880 -0.415236 -0.000572 0.144388 2.214656 -1.303693 -0.394255 0.391585 0.024605
-0.354963 -0.283246 0.515946 2.169261 -0.954261 -0.309186 0.792515 -0.710880 -0.415236 -0.000572 0.144388 2.214656 -1.303693 -0.394255 0.391585 0.024605
-0.354963 -0.283246 0.515946 2.169261 -0.954261 -0.309186 0.792515 -0.710880 -0.415236 -0.000572 0.144388 2.214656 -1.303311 -0.394255 0.391585 0.024987
-0.354963 -0.283246 0.515946 2.169261 -0.954261 -0.309186 0.792515 -0.710880 -0.415236 -0.000572 0.144388 2.214656 -1.303693 -0.394255 0.391585 0.024605
-0.354963 -0.283246 0.515946 2.169261 -0.954261 -0.309186 0.792515 -0.710880 -0.415236 -0.000572 0.144388 2.214656 -1.303693 -0.394255 0.391585 0.024605
-0.354963 -0.283246 0.515946 2.169261 -0.954261 -0.309186 0.792515 -0.710880 -0.415236 -0.000572 0.144388 2.214656 -1.303311 -0.394255 0.391585 0.024605
-0.354963 -0.283246 0.515946 2.169261 -0.954261 -0.309186 0.792515 -0.710880 -0.415236 -0.000572 0.144388 2.214656 -1.303311 -0.394255 0.391585 0.024605
-0.354963 -0.283246 0.515946 2.169261 -0.954261 -0.309186 0.792515 -0.710880 -0.415236 -0.000572 0.144388 2.214656 -1.303693 -0.394255 0.391585 0.024605
-0.354963 -0.283246 0.515946 2.169261 -0.954643 -0.309186 0.792515 -0.710880 -0.415236 -0.000572 0.144388 2.214656 -1.303693 -0.394255 0.391585 0.024605
-0.354963 -0.283246 0.515946 2.169261 -0.954261 -0.309567 0.792515 -0.710880 -0.415236 -0.000572 0.144388 2.214656 -1.303693 -0.394255 0.391585 0.024605
-0.354963 -0.283246 0.515946 2.169261 -0.954643 -0.309567 0.792515 -0.710880 -0.415236 -0.000572 0.144388 2.214656 -1.303693 -0.394255 0.391585 0.024605
-0.354963 -0.283246 0.515946 2.169261 -0.954261 -0.309567 0.792134 -0.710880 -0.415236 -0.000572 0.144388 2.214656 -1.303311 -0.394255 0.391585 0.024605
-0.354963 -0.283246 0.515946 2.169261 -0.954643 -0.309567 0.792134 -0.710880 -0.415236 -0.000572 0.144388 2.214656 -1.303693 -0.394255 0.391585 0.024605
-0.354963 -0.283246 0.515946 2.169261 -0.954261 -0.309949 0.792134 -0.710880 -0.415236 -0.000572 0.144388 2.214656 -1.303693 -0.394255 0.391585 0.024605
-0.354963 -0.283246 0.515564 2.169261 -0.954261 -0.310330 0.792134 -0.710880 -0.415236 -0.000572 0.144388 2.214656 -1.303311 -0.394255 0.391585 0.024605
-0.354963 -0.283246 0.515946 2.169261 -0.954261 -0.310330 0.792134 -0.710880 -0.415236 -0.000572 0.144388 2.214656 -1.303311 -0.394255 0.391585 0.024605
-0.354963 -0.283246 0.515946 2.169261 -0.954261 -0.310712 0.791752 -0.710880 -0.415236 -0.000572 0.144388 2.214656 -1.303311 -0.394255 0.391585 0.024605
-0.354963 -0.283246 0.515946 2.169261 -0.954261 -0.311093 0.791752 -0.710880 -0.415236 -0.000572 0.144388 2.214656 -1.303311 -0.394255 0.391585 0.024605
-0.354963 -0.283246 0.515946 2.169261 -0.954261 -0.311475 0.791371 -0.710880 -0.415236 -0.000572 0.144388 2.214656 -1.303693 -0.394255 0.391585 0.024987
-0.354963 -0.283246 0.515946 2.169261 -0.954261 -0.313001 0.790608 -0.710880 -0.415236 -0.000572 0.144388 2.214656 -1.303693 -0.394255 0.391585 0.024605
-0.354963 -0.283246 0.515946 2.169261 -0.954261 -0.313764 0.789082 -0.710880 -0.415236 -0.000572 0.144388 2.214656 -1.303693 -0.394255 0.391585 0.024605
-0.354963 -0.283246 0.515946 2.169261 -0.954261 -0.313764 0.787175 -0.710880 -0.415236 -0.000572 0.144388 2.214656 -1.303311 -0.394255 0.391585 0.024605
-0.354963 -0.283246 0.515946 2.169261 -0.954261 -0.313764 0.784886 -0.710880 -0.415236 -0.000572 0.144388 2.214656 -1.303311 -0.394255 0.391585 0.024605
-0.354963 -0.283246 0.515946 2.169261 -0.954261 -0.313764 0.783742 -0.710880 -0.415236 -0.000572 0.144388 2.214656 -1.303693 -0.394255 0.391585 0.024605
-0.354963 -0.283246 0.515946 2.169261 -0.954261 -0.313764 0.783360 -0.710498 -0.415236 -0.000572 0.144388 2.214656 -1.303693 -0.394255 0.391585 0.024605
-0.354963 -0.283246 0.515946 2.169261 -0.954261 -0.314145 0.782979 -0.710880 -0.415236 -0.000572 0.144388 2.214656 -1.303693 -0.394255 0.391585 0.024605
-0.355344 -0.283246 0.515946 2.169261 -0.954261 -0.314145 0.782597 -0.710880 -0.415236 -0.000572 0.144388 2.214656 -1.303693 -0.394255 0.391585 0.024605
-0.355344 -0.283246 0.515946 2.169261 -0.954261 -0.314145 0.781453 -0.710880 -0.415236 -0.000572 0.144388 2.214656 -1.303311 -0.394255 0.391585 0.024605
-0.355726 -0.283246 0.515946 2.169261 -0.954261 -0.314527 0.780690 -0.710880 -0.415236 -0.000572 0.144388 2.214656 -1.303311 -0.394255 0.391585 0.024605
-0.355726 -0.283246 0.515946 2.169261 -0.954261 -0.314527 0.780690 -0.710880 -0.415236 -0.000572 0.144388 2.214656 -1.303311 -0.394255 0.391585 0.024605
-0.356107 -0.283246 0.515564 2.169261 -0.954643 -0.314908 0.780690 -0.710880 -0.415236 -0.000572 0.144388 2.214656 -1.303693 -0.394255 0.391585 0.024605
-0.357252 -0.283246 0.515946 2.169261 -0.954643 -0.314908 0.781071 -0.710880 -0.415236 -0.000572 0.144388 2.214656 -1.303693 -0.394255 0.391585 0.024605
-0.357633 -0.283246 0.515946 2.169261 -0.954643 -0.314908 0.781071 -0.710498 -0.415236 -0.000572 0.144388 2.214656 -1.303311 -0.394255 0.391585 0.024605
-0.357633 -0.283246 0.515946 2.169261 -0.955024 -0.314908 0.781071 -0.710880 -0.415236 -0.000572 0.144388 2.214656 -1.303693 -0.394255 0.391585 0.024605
-0.358396 -0.283246 0.515946 2.169261 -0.955406 -0.314908 0.781071 -0.710880 -0.415236 -0.000572 0.144388 2.214656 -1.303693 -0.394255 0.391585 0.024605
-0.359159 -0.283246 0.515946 2.169261 -0.955406 -0.314908 0.781071 -0.710880 -0.415236 -0.000572 0.144388 2.214656 -1.303311 -0.394255 0.391585 0.024605
-0.359922 -0.283246 0.515946 2.169261 -0.955406 -0.314908 0.781453 -0.710880 -0.415236 -0.000572 0.144388 2.214656 -1.303693 -0.394255 0.391585 0.024605
-0.360304 -0.283246 0.515946 2.169261 -0.955406 -0.315290 0.781453 -0.710880 -0.415236 -0.000572 0.144388 2.214656 -1.303311 -0.394255 0.391585 0.024605
-0.360685 -0.283627 0.515946 2.169261 -0.955787 -0.315290 0.781834 -0.710880 -0.415236 -0.000572 0.144388 2.214656 -1.303693 -0.394255 0.391585 0.024605
-0.361448 -0.283627 0.515946 2.169261 -0.956168 -0.315290 0.781834 -0.710880 -0.415236 -0.000572 0.144388 2.214656 -1.303311 -0.394255 0.391585 0.024605
-0.362593 -0.283627 0.515564 2.169261 -0.956168 -0.314908 0.781834 -0.710880 -0.415236 -0.000572 0.144388 2.214656 -1.303311 -0.394255 0.391585 0.024605
-0.362974 -0.283627 0.515564 2.169261 -0.956168 -0.314908 0.781834 -0.710880 -0.415236 -0.000572 0.144388 2.214656 -1.303311 -0.394255 0.391585 0.024605
-0.363355 -0.283627 0.515564 2.169261 -0.955787 -0.314908 0.782597 -0.710880 -0.415236 -0.000572 0.144388 2.214656 -1.303311 -0.394255 0.391585 0.024605
-0.364118 -0.283627 0.515564 2.169261 -0.956168 -0.314527 0.782597 -0.710880 -0.415236 -0.000572 0.144388 2.214656 -1.303311 -0.394255 0.391585 0.024605
-0.365644 -0.283627 0.515564 2.169261 -0.956168 -0.314527 0.782979 -0.710880 -0.415236 -0.000572 0.144388 2.214656 -1.303311 -0.394255 0.391585 0.024605
-0.366026 -0.283627 0.515946 2.168879 -0.956550 -0.314527 0.783742 -0.710880 -0.415236 -0.000572 0.144388 2.214656 -1.303311 -0.394255 0.391585 0.024605
-0.366407 -0.283627 0.515564 2.168879 -0.957313 -0.314527 0.785649 -0.710880 -0.415236 -0.000572 0.144388 2.214656 -1.303693 -0.394255 0.391585 0.024605
-0.367933 -0.283627 0.515564 2.168879 -0.958457 -0.314527 0.786793 -0.710880 -0.415236 -0.000572 0.144388 2.214656 -1.303693 -0.394255 0.391585 0.024987
-0.368696 -0.283627 0.515564 2.168879 -0.959220 -0.314527 0.787556 -0.710880 -0.415236 -0.000572 0.144388 2.214656 -1.303311 -0.394636 0.391585 0.024605
-0.368696 -0.283627 0.515564 2.168498 -0.959220 -0.314527 0.787938 -0.710880 -0.415236 -0.000572 0.144388 2.214656 -1.303693 -0.394255 0.391966 0.024605
-0.369459 -0.283627 0.515564 2.168116 -0.959983 -0.314527 0.788319 -0.710880 -0.415236 -0.000572 0.144388 2.214656 -1.303693 -0.394255 0.391585 0.024605
-0.369841 -0.283627 0.515564 2.168116 -0.961128 -0.314527 0.789082 -0.710880 -0.415236 -0.000572 0.144388 2.214656 -1.303311 -0.394255 0.391585 0.024605
-0.370603 -0.283627 0.515564 2.168116 -0.962654 -0.314908 0.789082 -0.710880 -0.415236 -0.000572 0.144388 2.214656 -1.303693 -0.394255 0.391585 0.024605
-0.370985 -0.283627 0.515564 2.168116 -0.963035 -0.314527 0.789464 -0.710880 -0.415236 -0.000572 0.144388 2.214656 -1.303311 -0.394255 0.391585 0.024605
-0.370985 -0.283627 0.515564 2.167735 -0.964179 -0.314908 0.789464 -0.710880 -0.415236 -0.000572 0.144388 2.214656 -1.303311 -0.394255 0.391585 0.024605
-0.371366 -0.283627 0.515564 2.167353 -0.966468 -0.314527 0.789845 -0.710880 -0.415236 -0.000572 0.144388 2.214656 -1.303693 -0.394255 0.391585 0.024987
-0.371366 -0.283627 0.515564 2.166972 -0.966850 -0.314908 0.789845 -0.710880 -0.415236 -0.000572 0.144388 2.214656 -1.303693 -0.394255 0.391585 0.024605
-0.371366 -0.283627 0.515564 2.166590 -0.966850 -0.314908 0.789845 -0.710880 -0.415236 -0.000572 0.144388 2.214656 -1.303311 -0.394255 0.391585 0.024605
-0.371366 -0.283627 0.515564 2.166209 -0.966850 -0.315290 0.789845 -0.710880 -0.415236 -0.000572 0.144388 2.214656 -1.303693 -0.394255 0.391585 0.024605
-0.371366 -0.283627 0.515564 2.165827 -0.966850 -0.316052 0.790227 -0.710880 -0.415236 -0.000572 0.144388 2.214656 -1.303693 -0.394255 0.391585 0.024605
-0.371366 -0.283627 0.515564 2.165064 -0.966850 -0.318341 0.790227 -0.710880 -0.415236 -0.000572 0.144388 2.214656 -1.303693 -0.394255 0.391585 0.024605
-0.371366 -0.283627 0.515564 2.165064 -0.966850 -0.320249 0.790227 -0.710880 -0.415236 -0.000572 0.144388 2.214656 -1.303693 -0.394255 0.391585 0.024605
-0.370985 -0.283627 0.515183 2.164683 -0.966850 -0.322156 0.790227 -0.710880 -0.415236 -0.000572 0.144388 2.214656 -1.303693 -0.394255 0.391585 0.024605
-0.371366 -0.283627 0.515183 2.164302 -0.966850 -0.322156 0.791752 -0.710880 -0.415236 -0.000572 0.144388 2.214656 -1.303693 -0.394255 0.391585 0.024605
-0.371366 -0.283627 0.514420 2.163539 -0.966850 -0.322156 0.794423 -0.710880 -0.415236 -0.000572 0.144388 2.214656 -1.303693 -0.394255 0.391585 0.024605
-0.371366 -0.283627 0.514038 2.163157 -0.966850 -0.322919 0.796712 -0.710880 -0.415236 -0.000572 0.144388 2.214656 -1.303693 -0.394255 0.391585 0.024605
-0.371366 -0.283627 0.513657 2.162394 -0.966850 -0.324445 0.799763 -0.710880 -0.415236 -0.000572 0.144388 2.214656 -1.303693 -0.394255 0.391585 0.024605
-0.371366 -0.283627 0.513657 2.162013 -0.966850 -0.325971 0.802815 -0.710880 -0.415236 -0.000572 0.144388 2.214656 -1.303693 -0.394255 0.391585 0.024987
-0.371366 -0.283627 0.513657 2.160868 -0.966850 -0.326734 0.805486 -0.710880 -0.415236 -0.000572 0.144388 2.214656 -1.303311 -0.394255 0.391585 0.024605
-0.371366 -0.283627 0.513657 2.159724 -0.966468 -0.327878 0.807393 -0.710498 -0.415236 -0.000572 0.144388 2.214656 -1.303693 -0.394255 0.391585 0.024605
-0.371366 -0.283627 0.513657 2.158579 -0.966468 -0.329404 0.809300 -0.710880 -0.415236 -0.000572 0.144388 2.214656 -1.303693 -0.394255 0.391585 0.024605
-0.371366 -0.283627 0.513275 2.157435 -0.966087 -0.330167 0.809682 -0.710498 -0.415236 -0.000572 0.144388 2.214656 -1.303693 -0.394255 0.391585 0.024605
-0.371366 -0.284009 0.512512 2.155909 -0.966087 -0.332456 0.809682 -0.710880 -0.415236 -0.000572 0.144388 2.214656 -1.303311 -0.394255 0.391585 0.024605
-0.371366 -0.284009 0.511749 2.154765 -0.966087 -0.335889 0.809682 -0.710880 -0.415236 -0.000572 0.144388 2.214656 -1.303693 -0.394255 0.391585 0.024605
-0.371366 -0.283627 0.510986 2.152857 -0.966468 -0.340085 0.810063 -0.710498 -0.415236 -0.000572 0.144388 2.214656 -1.303311 -0.394255 0.391585 0.024605
-0.371366 -0.283627 0.509842 2.150950 -0.966468 -0.343519 0.810063 -0.710880 -0.415236 -0.000572 0.144388 2.214656 -1.303311 -0.394255 0.391585 0.024605
-0.371366 -0.283627 0.509079 2.149042 -0.966468 -0.345426 0.809682 -0.710498 -0.415236 -0.000572 0.144388 2.214656 -1.303311 -0.394255 0.391585 0.024605
-0.371366 -0.284009 0.507935 2.147135 -0.966850 -0.348096 0.809300 -0.710498 -0.415236 -0.000572 0.144388 2.214656 -1.303311 -0.394255 0.391585 0.024605
-0.371366 -0.283627 0.506790 2.145609 -0.966850 -0.349622 0.808537 -0.710880 -0.415236 -0.000572 0.144388 2.214656 -1.303693 -0.394255 0.391585 0.024605
-0.371366 -0.283627 0.506027 2.143702 -0.966850 -0.352293 0.807774 -0.710498 -0.415236 -0.000572 0.144388 2.214656 -1.303693 -0.394255 0.391585 0.024605
-0.371366 -0.283627 0.505646 2.142939 -0.966850 -0.353437 0.807393 -0.710498 -0.415236 -0.000572 0.144388 2.214656 -1.303311 -0.394255 0.391585 0.024605
-0.371366 -0.283627 0.505264 2.142557 -0.966850 -0.354963 0.807012 -0.710498 -0.415236 -0.000572 0.144388 2.214656 -1.303311 -0.394255 0.391585 0.024605
-0.371366 -0.283627 0.504883 2.142557 -0.966850 -0.356489 0.807012 -0.710498 -0.415236 -0.000572 0.144388 2.214656 -1.303693 -0.394255 0.391585 0.024605
-0.371366 -0.283627 0.504501 2.142557 -0.966850 -0.357252 0.807012 -0.710498 -0.415236 -0.000572 0.144388 2.214656 -1.303693 -0.394636 0.391585 0.024605
-0.371366 -0.283627 0.504501 2.142557 -0.966850 -0.358396 0.807012 -0.710498 -0.415236 -0.000572 0.144388 2.214656 -1.303693 -0.394636 0.391585 0.024605
-0.371366 -0.283627 0.504120 2.142557 -0.966468 -0.359159 0.807012 -0.710498 -0.415236 -0.000572 0.144388 2.214656 -1.303693 -0.394255 0.391585 0.024605
-0.371366 -0.283627 0.504120 2.142557 -0.966468 -0.359159 0.807012 -0.710498 -0.415236 -0.000572 0.144388 2.214656 -1.303311 -0.394255 0.391585 0.024987
-0.371366 -0.283627 0.503357 2.142557 -0.966468 -0.359159 0.807012 -0.710498 -0.415236 -0.000572 0.144388 2.214656 -1.303693 -0.394255 0.391585 0.024605
-0.371366 -0.283627 0.502213 2.142557 -0.966468 -0.359159 0.807393 -0.710498 -0.415236 -0.000572 0.144388 2.214656 -1.303311 -0.394255 0.391585 0.024605
-0.371366 -0.283627 0.501068 2.142557 -0.966850 -0.359541 0.807393 -0.710498 -0.415236 -0.000572 0.144388 2.214656 -1.303311 -0.394255 0.391585 0.024605
-0.371366 -0.283627 0.499924 2.142557 -0.966850 -0.359541 0.807393 -0.710498 -0.415236 -0.000572 0.144388 2.214656 -1.303311 -0.394255 0.391585 0.024605
-0.371366 -0.283627 0.498398 2.142557 -0.966850 -0.360304 0.807393 -0.710498 -0.415236 -0.000572 0.144388 2.214656 -1.303693 -0.394255 0.391585 0.024605
-0.371366 -0.283627 0.497635 2.142557 -0.967231 -0.362593 0.807393 -0.710498 -0.415236 -0.000572 0.144388 2.214656 -1.303693 -0.394255 0.391585 0.024605
-0.371366 -0.283627 0.496872 2.142557 -0.967231 -0.365644 0.807393 -0.710498 -0.415236 -0.000572 0.144388 2.214656 -1.303693 -0.394255 0.391585 0.024987
-0.371366 -0.283627 0.495727 2.142557 -0.967613 -0.367552 0.807393 -0.710498 -0.415236 -0.000572 0.144388 2.214656 -1.303693 -0.394255 0.391585 0.024605
-0.371366 -0.283627 0.494583 2.142557 -0.969520 -0.367552 0.807393 -0.710117 -0.415236 -0.000572 0.144388 2.214656 -1.303693 -0.394255 0.391585 0.024605
-0.371366 -0.283627 0.493439 2.142557 -0.972953 -0.368696 0.807393 -0.710117 -0.415236 -0.000572 0.144388 2.214656 -1.303311 -0.394255 0.391585 0.024605
-0.371366 -0.283627 0.491913 2.142557 -0.977913 -0.370985 0.807393 -0.708591 -0.415236 -0.000572 0.144388 2.214656 -1.303693 -0.394255 0.391585 0.024605
-0.371366 -0.283627 0.490387 2.142557 -0.984398 -0.372892 0.807774 -0.705921 -0.415236 -0.000572 0.144388 2.214656 -1.303311 -0.394255 0.391585 0.024605
-0.371366 -0.283627 0.488861 2.142557 -0.988594 -0.375181 0.807774 -0.702869 -0.415236 -0.000572 0.144388 2.214656 -1.303693 -0.394255 0.391585 0.024605
-0.371748 -0.283627 0.487335 2.142557 -0.991646 -0.376707 0.807774 -0.699817 -0.415236 -0.000572 0.144388 2.214656 -1.303311 -0.394255 0.391585 0.024605
-0.371748 -0.283627 0.485428 2.142557 -0.994697 -0.379377 0.808156 -0.697910 -0.415236 -0.000572 0.144388 2.214656 -1.303693 -0.394255 0.391585 0.024605
-0.371366 -0.283627 0.483902 2.142557 -1.000038 -0.383955 0.808156 -0.695621 -0.415236 -0.000572 0.144388 2.214656 -1.303693 -0.394255 0.391585 0.024605
-0.371366 -0.283627 0.482757 2.142557 -1.003853 -0.387770 0.808156 -0.695621 -0.415236 -0.000572 0.144388 2.214656 -1.303311 -0.394255 0.391585 0.024605
-0.371366 -0.283627 0.481231 2.142557 -1.008049 -0.391966 0.808156 -0.696002 -0.415236 -0.000572 0.144388 2.214656 -1.303693 -0.394255 0.391585 0.024605
-0.371366 -0.283627 0.479324 2.142557 -1.013390 -0.395781 0.808156 -0.696002 -0.415236 -0.000572 0.144388 2.214656 -1.303693 -0.394255 0.391585 0.024605
-0.371366 -0.283627 0.477798 2.142557 -1.016060 -0.397307 0.808156 -0.695621 -0.415236 -0.000572 0.144388 2.214656 -1.303693 -0.394255 0.391585 0.024605
-0.371366 -0.283627 0.476654 2.142557 -1.018730 -0.397688 0.808156 -0.695621 -0.415236 -0.000572 0.144388 2.214656 -1.303311 -0.394255 0.391585 0.024605
-0.371366 -0.283627 0.475891 2.142557 -1.019875 -0.398451 0.807774 -0.695621 -0.415236 -0.000572 0.144388 2.214656 -1.303311 -0.394255 0.391585 0.024605
-0.371366 -0.283627 0.475509 2.142557 -1.020638 -0.399977 0.807774 -0.696002 -0.415236 -0.000572 0.144388 2.214656 -1.303311 -0.394255 0.391585 0.024605
-0.371366 -0.283627 0.475128 2.142939 -1.021782 -0.400740 0.807774 -0.696002 -0.415236 -0.000572 0.144388 2.214656 -1.303311 -0.394255 0.391585 0.024605
-0.371366 -0.283627 0.474746 2.142557 -1.022545 -0.400359 0.807774 -0.696002 -0.415236 -0.000572 0.144388 2.214656 -1.303311 -0.394255 0.391585 0.024605
-0.371366 -0.283627 0.474365 2.142939 -1.022927 -0.400359 0.807774 -0.696002 -0.415236 -0.000572 0.144388 2.214656 -1.303693 -0.394255 0.391585 0.024605
-0.371366 -0.283627 0.474365 2.142939 -1.022927 -0.400359 0.807774 -0.696002 -0.415236 -0.000572 0.144388 2.214656 -1.303693 -0.394255 0.391585 0.024605
-0.371366 -0.283627 0.474365 2.142939 -1.022927 -0.400359 0.807774 -0.695621 -0.415236 -0.000572 0.144388 2.214656 -1.303311 -0.394255 0.391585 0.024987
-0.371366 -0.283627 0.474365 2.142939 -1.022545 -0.400359 0.807774 -0.695621 -0.415236 -0.000572 0.144388 2.214656 -1.303311 -0.394255 0.391585 0.024605
-0.371366 -0.283627 0.474365 2.142939 -1.022164 -0.400359 0.807774 -0.696002 -0.415236 -0.000572 0.144388 2.214656 -1.303311 -0.394255 0.391585 0.024987
-0.371366 -0.283627 0.474365 2.142939 -1.021782 -0.400359 0.808156 -0.695621 -0.415236 -0.000572 0.144388 2.214656 -1.303693 -0.394255 0.391585 0.024605
-0.371366 -0.283627 0.474365 2.142939 -1.021401 -0.400359 0.808156 -0.696002 -0.415236 -0.000572 0.144388 2.214656 -1.303311 -0.394255 0.391585 0.024605
-0.371366 -0.283627 0.474365 2.142939 -1.020638 -0.400359 0.808156 -0.695621 -0.415236 -0.000572 0.144388 2.214656 -1.303311 -0.394255 0.391585 0.024605
-0.371366 -0.283627 0.474365 2.142939 -1.018730 -0.400359 0.808156 -0.696002 -0.415236 -0.000572 0.144388 2.214656 -1.303693 -0.394255 0.391585 0.024605
-0.371366 -0.283627 0.474365 2.142939 -1.017967 -0.400359 0.808537 -0.695621 -0.415236 -0.000572 0.144388 2.214656 -1.303311 -0.394255 0.391585 0.024605
-0.371366 -0.283627 0.474365 2.142939 -1.017586 -0.400359 0.808156 -0.695621 -0.415236 -0.000572 0.144388 2.214656 -1.303311 -0.394255 0.391585 0.024987
-0.371366 -0.283627 0.474365 2.142939 -1.016823 -0.400359 0.808156 -0.696002 -0.415236 -0.000572 0.144388 2.214656 -1.303311 -0.394255 0.391585 0.024605
-0.371366 -0.283627 0.474365 2.142939 -1.015679 -0.400359 0.808156 -0.696002 -0.415236 -0.000572 0.144388 2.214656 -1.303693 -0.394255 0.391585 0.024605
-0.371366 -0.283627 0.474365 2.142939 -1.014153 -0.400359 0.808156 -0.695621 -0.415236 -0.000572 0.144388 2.214656 -1.303311 -0.394255 0.391585 0.024605
-0.371366 -0.283627 0.474365 2.142939 -1.013771 -0.400359 0.808156 -0.696002 -0.415236 -0.000572 0.144388 2.214656 -1.303311 -0.394255 0.391585 0.024605
-0.371366 -0.283627 0.474365 2.142939 -1.013771 -0.400359 0.808156 -0.695621 -0.415236 -0.000572 0.144388 2.214656 -1.303311 -0.394255 0.391585 0.024605
-0.371366 -0.283627 0.474365 2.142939 -1.013390 -0.400359 0.808156 -0.696002 -0.415236 -0.000572 0.144388 2.214656 -1.303693 -0.394255 0.391585 0.024605
-0.371366 -0.283627 0.474365 2.142939 -1.013008 -0.400359 0.807774 -0.695621 -0.415236 -0.000572 0.144388 2.214656 -1.303693 -0.394255 0.391585 0.024605
-0.371366 -0.283627 0.473983 2.142939 -1.011864 -0.399977 0.807774 -0.696002 -0.415236 -0.000572 0.144388 2.214656 -1.303693 -0.394255 0.391585 0.024605
-0.371366 -0.283627 0.473983 2.142939 -1.011101 -0.399977 0.808156 -0.696002 -0.415236 -0.000572 0.144388 2.214656 -1.303311 -0.394255 0.391585 0.024605
-0.371366 -0.283627 0.473602 2.142939 -1.011101 -0.400359 0.808156 -0.696002 -0.415236 -0.000572 0.144388 2.214656 -1.303693 -0.394255 0.391585 0.024605
-0.371366 -0.283627 0.473220 2.142939 -1.011101 -0.399977 0.807774 -0.696002 -0.415236 -0.000572 0.144388 2.214656 -1.303693 -0.394636 0.391585 0.024605
-0.371366 -0.283627 0.473220 2.142939 -1.011101 -0.399977 0.808156 -0.695621 -0.415236 -0.000572 0.144388 2.214656 -1.303693 -0.394255 0.391585 0.024605
-0.371366 -0.283627 0.473220 2.142939 -1.011101 -0.399977 0.808156 -0.695621 -0.415236 -0.000572 0.144388 2.214656 -1.303311 -0.394255 0.391585 0.024605
-0.371366 -0.283627 0.473220 2.142939 -1.011101 -0.399977 0.808156 -0.695621 -0.415236 -0.000572 0.144388 2.214656 -1.303693 -0.394255 0.391585 0.024605
-0.371366 -0.283627 0.473220 2.142939 -1.011101 -0.399977 0.808156 -0.695621 -0.415236 -0.000572 0.144388 2.214656 -1.303693 -0.394255 0.391585 0.024605
-0.371366 -0.283627 0.473220 2.142939 -1.011101 -0.399977 0.807774 -0.695621 -0.415236 -0.000572 0.144388 2.214656 -1.303693 -0.394255 0.391585 0.024605
-0.371366 -0.283627 0.473220 2.142939 -1.011101 -0.399977 0.807774 -0.695621 -0.415236 -0.000572 0.144388 2.214656 -1.303693 -0.394255 0.391585 0.024605
-0.371366 -0.283627 0.473220 2.142939 -1.011101 -0.399977 0.807774 -0.695621 -0.415236 -0.000572 0.144388 2.214656 -1.303693 -0.394255 0.391585 0.024605
-0.371366 -0.283627 0.473220 2.142939 -1.011101 -0.399977 0.807774 -0.695621 -0.415236 -0.000572 0.144388 2.214656 -1.303693 -0.394255 0.391585 0.024605
-0.371366 -0.283627 0.473220 2.142939 -1.011101 -0.399977 0.807393 -0.695621 -0.415236 -0.000572 0.144388 2.214656 -1.303311 -0.394255 0.391585 0.024605
-0.371366 -0.283627 0.473220 2.142939 -1.011482 -0.400359 0.807393 -0.695239 -0.415236 -0.000572 0.144388 2.214656 -1.303311 -0.394255 0.391585 0.024605
-0.371366 -0.283627 0.473220 2.142939 -1.011482 -0.400359 0.807012 -0.694858 -0.415236 -0.000572 0.144388 2.214656 -1.303311 -0.394255 0.391585 0.024605
-0.371366 -0.283627 0.473220 2.142939 -1.011482 -0.400359 0.807012 -0.693713 -0.415236 -0.000572 0.144388 2.214656 -1.303693 -0.394255 0.391585 0.024605
-0.371366 -0.283627 0.473220 2.142939 -1.011482 -0.400359 0.806630 -0.691043 -0.415236 -0.000572 0.144388 2.214656 -1.303311 -0.394255 0.391585 0.024605
-0.371366 -0.283627 0.473220 2.142939 -1.011864 -0.400359 0.806630 -0.687610 -0.415236 -0.000572 0.144388 2.214656 -1.303693 -0.394255 0.391585 0.024605
-0.371366 -0.283627 0.473220 2.142939 -1.012245 -0.400359 0.806249 -0.681888 -0.415236 -0.000572 0.144388 2.214656 -1.303693 -0.394255 0.391585 0.024987
-0.371366 -0.283627 0.473220 2.142939 -1.012245 -0.400359 0.806249 -0.673877 -0.415236 -0.000572 0.144388 2.214656 -1.303693 -0.394255 0.391585 0.024605
-0.371366 -0.283627 0.473220 2.142939 -1.012627 -0.400359 0.805867 -0.665484 -0.415236 -0.000572 0.144388 2.214656 -1.303311 -0.394255 0.391585 0.024605
-0.371366 -0.283627 0.473220 2.142939 -1.013390 -0.400359 0.805486 -0.656329 -0.415236 -0.000572 0.144388 2.214656 -1.303693 -0.394255 0.391585 0.024605
-0.371366 -0.283627 0.473220 2.142939 -1.013771 -0.400359 0.805104 -0.645266 -0.415236 -0.000572 0.144388 2.214656 -1.303693 -0.394255 0.391585 0.024605
-0.371366 -0.283627 0.473220 2.142939 -1.014153 -0.400359 0.804723 -0.634966 -0.415236 -0.000572 0.144388 2.214656 -1.303311 -0.394255 0.391585 0.024605
-0.371366 -0.283627 0.473220 2.142939 -1.014916 -0.400359 0.804723 -0.623522 -0.415236 -0.000572 0.144388 2.214656 -1.303311 -0.394255 0.391585 0.024605
-0.371366 -0.283627 0.473220 2.142939 -1.014916 -0.400740 0.804723 -0.612840 -0.415236 -0.000572 0.144388 2.214656 -1.303693 -0.394255 0.391585 0.024605
-0.371366 -0.283627 0.473220 2.142939 -1.014916 -0.400740 0.804723 -0.602159 -0.415236 -0.000572 0.144388 2.214656 -1.303311 -0.394255 0.391585 0.024605
-0.371366 -0.283627 0.473220 2.142939 -1.014916 -0.400740 0.804723 -0.593004 -0.415236 -0.000572 0.144388 2.214656 -1.303693 -0.394255 0.391585 0.024605
-0.371366 -0.283627 0.473220 2.142939 -1.014916 -0.400740 0.804723 -0.581559 -0.415236 -0.000572 0.144388 2.214656 -1.303311 -0.394255 0.391585 0.024605
-0.371366 -0.283627 0.473220 2.142939 -1.014916 -0.400740 0.805104 -0.575074 -0.415236 -0.000572 0.144388 2.214656 -1.303311 -0.394255 0.391585 0.024605
-0.371366 -0.283627 0.473220 2.142939 -1.014916 -0.400740 0.805104 -0.569352 -0.415236 -0.000572 0.144388 2.214656 -1.303311 -0.394255 0.391585 0.024605
-0.371366 -0.283627 0.473220 2.142939 -1.014916 -0.400740 0.805104 -0.564012 -0.415236 -0.000572 0.144388 2.214656 -1.303693 -0.394255 0.391585 0.024605
-0.371366 -0.283627 0.473220 2.142939 -1.014916 -0.400740 0.805104 -0.560578 -0.415236 -0.000572 0.144388 2.214656 -1.303311 -0.394255 0.391585 0.024605
-0.371366 -0.283627 0.473220 2.142939 -1.014534 -0.400740 0.805104 -0.559815 -0.415236 -0.000572 0.144388 2.214656 -1.303693 -0.394255 0.391585 0.024605
-0.371366 -0.283627 0.473220 2.142939 -1.014916 -0.400740 0.805104 -0.560578 -0.415236 -0.000572 0.144388 2.214656 -1.303311 -0.394255 0.391585 0.024605
-0.371366 -0.283627 0.473220 2.142939 -1.014534 -0.400359 0.804723 -0.560578 -0.415236 -0.000572 0.144388 2.214656 -1.303693 -0.394255 0.391585 0.024605
-0.371366 -0.283627 0.473220 2.142939 -1.014534 -0.400740 0.804723 -0.560578 -0.415236 -0.000572 0.144388 2.214656 -1.303693 -0.394255 0.391585 0.024605
-0.371366 -0.283627 0.473220 2.142939 -1.014534 -0.400359 0.804723 -0.560578 -0.415236 -0.000572 0.144388 2.214656 -1.303693 -0.394255 0.391585 0.024605
-0.371366 -0.283627 0.473220 2.143320 -1.014534 -0.400359 0.804723 -0.560578 -0.415236 -0.000572 0.144388 2.214656 -1.303311 -0.394255 0.391585 0.024605
-0.371366 -0.283627 0.473220 2.143320 -1.014534 -0.400359 0.804723 -0.560578 -0.415236 -0.000572 0.144388 2.214656 -1.303693 -0.394255 0.391585 0.024605
-0.371366 -0.283627 0.473220 2.143320 -1.014534 -0.400359 0.804723 -0.560197 -0.415236 -0.000572 0.144388 2.214656 -1.303693 -0.394255 0.391585 0.024605
-0.371366 -0.283627 0.473220 2.143320 -1.014534 -0.400359 0.804723 -0.560578 -0.415236 -0.000572 0.144388 2.214656 -1.303311 -0.394255 0.391585 0.024605
-0.371366 -0.283627 0.473220 2.143702 -1.014153 -0.400359 0.804723 -0.560197 -0.415236 -0.000572 0.144388 2.214656 -1.303693 -0.394255 0.391585 0.024605
-0.371366 -0.283627 0.473220 2.144083 -1.014153 -0.400359 0.804723 -0.560578 -0.415236 -0.000572 0.144388 2.214656 -1.303693 -0.394255 0.391585 0.024605
-0.371366 -0.283627 0.473220 2.144083 -1.014534 -0.400740 0.804723 -0.560197 -0.415236 -0.000572 0.144388 2.214656 -1.303693 -0.394255 0.391585 0.024605
-0.371366 -0.283627 0.473220 2.144083 -1.014153 -0.400359 0.805104 -0.560578 -0.415236 -0.000572 0.144388 2.214656 -1.303693 -0.394255 0.391585 0.024605
-0.371366 -0.283627 0.473220 2.144083 -1.014153 -0.400359 0.805104 -0.560578 -0.415236 -0.000572 0.144388 2.214656 -1.303693 -0.394255 0.391585 0.024605
-0.371366 -0.283627 0.473220 2.144083 -1.014153 -0.400359 0.805104 -0.560197 -0.415236 -0.000572 0.144388 2.214656 -1.303693 -0.394255 0.391585 0.024605
-0.371366 -0.283627 0.473220 2.144083 -1.014153 -0.400359 0.805104 -0.560197 -0.415236 -0.000572 0.144388 2.214656 -1.303693 -0.394255 0.391585 0.024605
-0.371366 -0.283627 0.473220 2.144083 -1.014153 -0.400359 0.805486 -0.560197 -0.415236 -0.000572 0.144388 2.214656 -1.303311 -0.394255 0.391585 0.024605
-0.371366 -0.283627 0.473220 2.144083 -1.014153 -0.400359 0.805104 -0.560197 -0.415236 -0.000572 0.144388 2.214656 -1.303693 -0.394255 0.391585 0.024605
-0.371366 -0.283627 0.473220 2.144083 -1.014153 -0.400359 0.805104 -0.560197 -0.415236 -0.000572 0.144388 2.214656 -1.303693 -0.394255 0.391585 0.024605
-0.371366 -0.283627 0.473220 2.144083 -1.014153 -0.400359 0.805104 -0.560197 -0.415236 -0.000572 0.144388 2.214656 -1.303693 -0.394636 0.391585 0.024605
-0.371366 -0.283627 0.473220 2.144083 -1.014153 -0.400359 0.805486 -0.559815 -0.415236 -0.000572 0.144388 2.214656 -1.303693 -0.394255 0.391585 0.024605
-0.371366 -0.283627 0.473220 2.144083 -1.014153 -0.400359 0.805104 -0.559434 -0.415236 -0.000572 0.144388 2.214656 -1.303693 -0.394255 0.391585 0.024605
-0.371366 -0.283627 0.473220 2.144083 -1.013771 -0.400359 0.805104 -0.558289 -0.415236 -0.000572 0.144388 2.214656 -1.303693 -0.394255 0.391585 0.024605
-0.371366 -0.283627 0.473220 2.144083 -1.013771 -0.400359 0.805104 -0.554856 -0.415236 -0.000572 0.144388 2.214656 -1.303693 -0.394255 0.391585 0.024605
-0.371366 -0.283627 0.473220 2.144083 -1.013390 -0.400359 0.805104 -0.549516 -0.415236 -0.000572 0.144388 2.214656 -1.303311 -0.394255 0.391585 0.024605
-0.371366 -0.283627 0.473220 2.144083 -1.013008 -0.400359 0.805104 -0.542267 -0.415236 -0.000572 0.144388 2.214656 -1.303693 -0.394255 0.391585 0.024605
-0.371366 -0.283627 0.473220 2.144083 -1.012245 -0.400359 0.805104 -0.535019 -0.415236 -0.000572 0.144388 2.214656 -1.303693 -0.394255 0.391585 0.024605
-0.371366 -0.283627 0.473220 2.144083 -1.011101 -0.400359 0.805104 -0.529679 -0.415236 -0.000572 0.144388 2.214656 -1.303693 -0.394255 0.391585 0.024605
-0.371366 -0.283627 0.473220 2.144083 -1.011101 -0.400359 0.805104 -0.523957 -0.415236 -0.000572 0.144388 2.214656 -1.303693 -0.394255 0.391585 0.024605
-0.371366 -0.283627 0.473220 2.144083 -1.011101 -0.400359 0.805104 -0.517853 -0.415236 -0.000572 0.144388 2.214656 -1.303693 -0.394255 0.391585 0.024605
-0.371366 -0.283627 0.473220 2.144083 -1.011101 -0.400359 0.805104 -0.512512 -0.415236 -0.000572 0.144388 2.214656 -1.303311 -0.394255 0.391585 0.024605
-0.371366 -0.283627 0.473220 2.144083 -1.011101 -0.399977 0.805104 -0.509079 -0.415236 -0.000572 0.144388 2.214656 -1.303693 -0.394255 0.391585 0.024605
-0.371748 -0.283627 0.473220 2.144083 -1.011101 -0.399977 0.805104 -0.506790 -0.415236 -0.000572 0.144388 2.214656 -1.303693 -0.394255 0.391585 0.024605
-0.371748 -0.283627 0.473220 2.144083 -1.011101 -0.399977 0.805104 -0.506409 -0.415236 -0.000572 0.144388 2.214656 -1.303311 -0.394255 0.391585 0.024605
-0.371748 -0.283627 0.473220 2.144083 -1.011101 -0.399596 0.805104 -0.506409 -0.415236 -0.000572 0.144388 2.214656 -1.303311 -0.394255 0.391585 0.024605
-0.371748 -0.283627 0.473220 2.144083 -1.011101 -0.399596 0.805104 -0.506409 -0.415236 -0.000572 0.144388 2.214656 -1.303311 -0.394255 0.391585 0.024605
-0.371748 -0.283627 0.473220 2.144083 -1.011101 -0.399214 0.805104 -0.506409 -0.415236 -0.000572 0.144388 2.214656 -1.303693 -0.394255 0.391585 0.024605
-0.371748 -0.283627 0.473220 2.144083 -1.011101 -0.398833 0.805104 -0.506409 -0.415236 -0.000572 0.144388 2.214656 -1.303693 -0.394255 0.391585 0.024605
-0.371748 -0.283627 0.473220 2.144083 -1.011101 -0.398070 0.805104 -0.506790 -0.415236 -0.000572 0.144388 2.214656 -1.303693 -0.394255 0.391585 0.024605
-0.371366 -0.283627 0.473220 2.144083 -1.011101 -0.396544 0.805104 -0.506790 -0.415236 -0.000572 0.144388 2.214656 -1.303311 -0.394255 0.391585 0.024605
-0.371366 -0.283627 0.473220 2.144083 -1.011101 -0.395018 0.805104 -0.507553 -0.415236 -0.000572 0.144388 2.214656 -1.303311 -0.394255 0.391585 0.024605
-0.371366 -0.283627 0.473220 2.144083 -1.011101 -0.394255 0.805104 -0.508316 -0.415236 -0.000572 0.144388 2.214656 -1.303693 -0.394255 0.391585 0.024605
-0.371366 -0.283627 0.473220 2.144083 -1.011101 -0.392729 0.805486 -0.508316 -0.415236 -0.000572 0.144388 2.214656 -1.303311 -0.394255 0.391585 0.024605
-0.371366 -0.283627 0.473220 2.144083 -1.011101 -0.391966 0.805867 -0.508316 -0.415236 -0.000572 0.144388 2.214656 -1.303311 -0.394255 0.391585 0.024605
-0.371366 -0.283627 0.473220 2.144083 -1.011101 -0.391966 0.806249 -0.508316 -0.415236 -0.000572 0.144388 2.214656 -1.303693 -0.394255 0.391585 0.024605
-0.371748 -0.283627 0.473220 2.144083 -1.011101 -0.391966 0.807012 -0.508316 -0.415236 -0.000572 0.144388 2.214656 -1.303693 -0.394255 0.391585 0.024605
-0.371366 -0.283627 0.473220 2.144083 -1.011101 -0.391966 0.807774 -0.508316 -0.415236 -0.000572 0.144388 2.214656 -1.303311 -0.394255 0.391585 0.024605
-0.371748 -0.283627 0.473220 2.144083 -1.011101 -0.391585 0.808156 -0.508316 -0.415236 -0.000572 0.144388 2.214656 -1.303693 -0.394255 0.391585 0.024605
-0.371748 -0.283627 0.473220 2.144083 -1.011101 -0.391203 0.808156 -0.508316 -0.415236 -0.000572 0.144388 2.214656 -1.303693 -0.394255 0.391585 0.024605
-0.371748 -0.283627 0.473220 2.144083 -1.011101 -0.390059 0.807774 -0.508316 -0.415236 -0.000572 0.144388 2.214656 -1.303693 -0.394255 0.391585 0.024605
-0.371748 -0.283627 0.473220 2.144083 -1.011101 -0.388533 0.807774 -0.508316 -0.415236 -0.000572 0.144388 2.214656 -1.303311 -0.394255 0.391585 0.024605
-0.371366 -0.283627 0.473220 2.144083 -1.011101 -0.387770 0.808156 -0.508316 -0.415236 -0.000572 0.144388 2.214656 -1.303693 -0.394255 0.391585 0.024605
-0.371748 -0.283627 0.473220 2.144083 -1.011101 -0.387007 0.808156 -0.508316 -0.415236 -0.000572 0.144388 2.214656 -1.303693 -0.394255 0.391585 0.024605
-0.371748 -0.283627 0.473220 2.144083 -1.011101 -0.386244 0.808156 -0.508316 -0.415236 -0.000572 0.144388 2.214656 -1.303311 -0.394255 0.391585 0.024605
-0.371748 -0.283627 0.473220 2.144083 -1.011101 -0.384337 0.808156 -0.508698 -0.415236 -0.000572 0.144388 2.214656 -1.303311 -0.394255 0.391585 0.024605
-0.371748 -0.283627 0.473220 2.144083 -1.011101 -0.383955 0.807774 -0.508316 -0.415236 -0.000572 0.144388 2.214656 -1.303693 -0.394255 0.391585 0.024605
-0.371748 -0.283627 0.473220 2.144465 -1.011101 -0.382811 0.808156 -0.508316 -0.415236 -0.000572 0.144388 2.214656 -1.303693 -0.394255 0.391585 0.024605
-0.371366 -0.283627 0.473220 2.144846 -1.011101 -0.380140 0.808156 -0.508698 -0.415236 -0.000572 0.144388 2.214656 -1.303693 -0.394255 0.391585 0.024605
-0.371748 -0.283627 0.473220 2.144846 -1.011101 -0.378233 0.808156 -0.508316 -0.415236 -0.000572 0.144388 2.214656 -1.303311 -0.394255 0.391585 0.024605
-0.371748 -0.283627 0.473220 2.145228 -1.011101 -0.375181 0.808156 -0.508316 -0.415236 -0.000572 0.144388 2.214656 -1.303693 -0.394255 0.391585 0.024605
-0.371748 -0.283627 0.473220 2.145991 -1.011101 -0.372129 0.808156 -0.508698 -0.415236 -0.000572 0.144388 2.214656 -1.303311 -0.394255 0.391585 0.024605
-0.371748 -0.283627 0.473220 2.146372 -1.011482 -0.369841 0.808537 -0.508316 -0.415236 -0.000572 0.144388 2.214656 -1.303693 -0.394255 0.391585 0.024605
-0.372129 -0.283627 0.473220 2.147135 -1.011482 -0.367552 0.808537 -0.508698 -0.415236 -0.000572 0.144388 2.214656 -1.303311 -0.394255 0.391585 0.024605
-0.372511 -0.283627 0.473220 2.147517 -1.011482 -0.365644 0.808537 -0.508698 -0.415236 -0.000572 0.144388 2.214656 -1.303693 -0.394255 0.391585 0.024605
-0.372892 -0.283627 0.473220 2.148661 -1.011482 -0.365644 0.808919 -0.508698 -0.415236 -0.000572 0.144388 2.214656 -1.303693 -0.394255 0.391585 0.024605
-0.373655 -0.283627 0.473220 2.149042 -1.011482 -0.365263 0.809300 -0.508698 -0.415236 -0.000572 0.144388 2.214656 -1.303311 -0.394255 0.391585 0.024605
-0.374037 -0.283627 0.473220 2.149805 -1.011864 -0.364881 0.809682 -0.508698 -0.415236 -0.000572 0.144388 2.214656 -1.303311 -0.394255 0.391585 0.024605
-0.374037 -0.283627 0.473220 2.150568 -1.012245 -0.364500 0.810063 -0.508698 -0.415236 -0.000572 0.144388 2.214656 -1.303693 -0.394255 0.391585 0.024605
-0.374418 -0.283627 0.473220 2.150950 -1.012627 -0.363737 0.810063 -0.508698 -0.415236 -0.000572 0.144388 2.214656 -1.303311 -0.394255 0.391585 0.024605
-0.374418 -0.283627 0.473220 2.151713 -1.013771 -0.362974 0.810063 -0.508698 -0.415236 -0.000572 0.144388 2.214656 -1.303693 -0.394255 0.391585 0.024605
-0.374418 -0.283627 0.473220 2.152476 -1.014916 -0.362593 0.810063 -0.508698 -0.415236 -0.000572 0.144388 2.214656 -1.303693 -0.394255 0.391585 0.024605
-0.374418 -0.283627 0.473220 2.153239 -1.015297 -0.362593 0.810445 -0.508698 -0.415236 -0.000572 0.144388 2.214656 -1.303311 -0.394255 0.391585 0.024605
-0.374418 -0.283627 0.473220 2.154383 -1.015297 -0.362593 0.810445 -0.508698 -0.415236 -0.000572 0.144388 2.214656 -1.303693 -0.394255 0.391585 0.024605
-0.374418 -0.283627 0.473220 2.155146 -1.015679 -0.362593 0.810445 -0.508698 -0.415236 -0.000572 0.144388 2.214656 -1.303693 -0.394255 0.391585 0.024605
-0.374037 -0.283627 0.473220 2.155909 -1.016060 -0.362593 0.810445 -0.508698 -0.415236 -0.000572 0.144388 2.214656 -1.303311 -0.394255 0.391585 0.024605
-0.374037 -0.283627 0.473220 2.157435 -1.017586 -0.362593 0.811208 -0.508698 -0.415236 -0.000572 0.144388 2.214656 -1.303693 -0.394255 0.391585 0.024605
-0.374037 -0.283627 0.473220 2.158198 -1.018730 -0.362593 0.811971 -0.508698 -0.415236 -0.000572 0.144388 2.214656 -1.303311 -0.394255 0.391585 0.024605
-0.374037 -0.283627 0.473220 2.158961 -1.018730 -0.362593 0.812352 -0.508698 -0.415236 -0.000572 0.144388 2.214656 -1.303693 -0.394255 0.391585 0.024605
-0.374037 -0.283627 0.473220 2.159342 -1.018730 -0.362593 0.812352 -0.509079 -0.415236 -0.000572 0.144388 2.214656 -1.303693 -0.394255 0.391585 0.024605
-0.374037 -0.283627 0.473220 2.160105 -1.019112 -0.362593 0.812352 -0.509079 -0.415236 -0.000572 0.144388 2.214656 -1.303311 -0.394255 0.391585 0.024605
-0.374037 -0.283627 0.473220 2.160487 -1.019493 -0.362593 0.812352 -0.508698 -0.415236 -0.000572 0.144388 2.214656 -1.303693 -0.394255 0.391585 0.024605
-0.374037 -0.283627 0.473220 2.160868 -1.019493 -0.362593 0.812352 -0.508698 -0.415236 -0.000572 0.144388 2.214656 -1.303693 -0.394255 0.391585 0.024605
-0.374037 -0.283627 0.473220 2.161631 -1.019493 -0.362593 0.812352 -0.508698 -0.415236 -0.000572 0.144388 2.214656 -1.303693 -0.394255 0.391585 0.024605
-0.374037 -0.283627 0.473220 2.162013 -1.019493 -0.362593 0.812352 -0.509079 -0.415236 -0.000572 0.144388 2.214656 -1.303693 -0.394255 0.391585 0.024605
-0.374037 -0.283627 0.473220 2.162776 -1.019493 -0.362593 0.812352 -0.509079 -0.415236 -0.000572 0.144388 2.214656 -1.303311 -0.394255 0.391585 0.024605
-0.374037 -0.283627 0.473602 2.163539 -1.019493 -0.362974 0.812352 -0.509079 -0.415236 -0.000572 0.144388 2.214656 -1.303693 -0.394255 0.391585 0.024605
-0.374037 -0.283627 0.473220 2.164683 -1.019493 -0.362974 0.812352 -0.508698 -0.415236 -0.000572 0.144388 2.214656 -1.303693 -0.394255 0.391585 0.024605
-0.374037 -0.283627 0.473220 2.165446 -1.019875 -0.362593 0.812352 -0.508698 -0.415236 -0.000572 0.144388 2.214656 -1.303311 -0.394255 0.391585 0.024605
-0.374037 -0.283627 0.473220 2.166209 -1.020256 -0.362593 0.812352 -0.508698 -0.415236 -0.000572 0.144388 2.214656 -1.303311 -0.394255 0.391585 0.024605
-0.374037 -0.283627 0.473602 2.166972 -1.021401 -0.362593 0.812352 -0.508698 -0.415236 -0.000572 0.144388 2.214656 -1.303311 -0.394255 0.391585 0.024605
-0.374037 -0.283627 0.473602 2.167735 -1.024071 -0.362593 0.812352 -0.509079 -0.415236 -0.000572 0.144388 2.214656 -1.303311 -0.394255 0.391585 0.024605
-0.374037 -0.283627 0.473602 2.168116 -1.027123 -0.362593 0.812352 -0.508698 -0.415236 -0.000572 0.144388 2.214656 -1.303311 -0.394255 0.391585 0.024605
-0.374037 -0.283627 0.473602 2.168498 -1.027886 -0.362593 0.812352 -0.509079 -0.415236 -0.000572 0.144388 2.214656 -1.303693 -0.394255 0.391585 0.024605
-0.374418 -0.283627 0.473220 2.168879 -1.028649 -0.362593 0.812352 -0.509079 -0.415236 -0.000572 0.144388 2.214656 -1.303693 -0.394255 0.391585 0.024605
-0.374037 -0.283627 0.473220 2.169261 -1.029412 -0.362593 0.812352 -0.509079 -0.415236 -0.000572 0.144388 2.214656 -1.303693 -0.394255 0.391585 0.024605
-0.374037 -0.283627 0.473602 2.169642 -1.030175 -0.362593 0.812352 -0.509079 -0.415236 -0.000572 0.144388 2.214656 -1.303311 -0.394255 0.391585 0.024605
-0.374037 -0.283627 0.473602 2.170024 -1.030556 -0.362593 0.812352 -0.509079 -0.415236 -0.000572 0.144388 2.214656 -1.303311 -0.394255 0.391585 0.024605
-0.374037 -0.283627 0.473602 2.170405 -1.030556 -0.362593 0.812352 -0.509079 -0.415236 -0.000572 0.144388 2.214656 -1.303311 -0.394255 0.391585 0.024605
-0.374037 -0.283627 0.473602 2.170405 -1.030556 -0.362593 0.812734 -0.509079 -0.415236 -0.000572 0.144388 2.214656 -1.303693 -0.394255 0.391585 0.024605
-0.374037 -0.283627 0.473602 2.170405 -1.030938 -0.362593 0.813497 -0.508698 -0.415236 -0.000572 0.144388 2.214656 -1.303311 -0.394255 0.391585 0.024605
-0.374037 -0.283627 0.473602 2.170405 -1.031319 -0.362593 0.814260 -0.509079 -0.415236 -0.000572 0.144388 2.214656 -1.303693 -0.394255 0.391585 0.024605
-0.374037 -0.283627 0.473602 2.170405 -1.031319 -0.362593 0.815785 -0.508698 -0.415236 -0.000572 0.144388 2.214656 -1.303311 -0.394255 0.391585 0.024605
-0.374037 -0.283246 0.473602 2.170405 -1.032082 -0.362593 0.816930 -0.509079 -0.415236 -0.000572 0.144388 2.214656 -1.303311 -0.394255 0.391585 0.024605
-0.374037 -0.283627 0.473602 2.170405 -1.032845 -0.362593 0.817311 -0.508698 -0.415236 -0.000572 0.144388 2.214656 -1.303311 -0.394255 0.391585 0.024605
-0.374037 -0.283627 0.473602 2.170405 -1.033989 -0.362593 0.818074 -0.509079 -0.415236 -0.000572 0.144388 2.214656 -1.303311 -0.394255 0.391585 0.024605
-0.374037 -0.283627 0.473602 2.170405 -1.033989 -0.362211 0.819600 -0.509079 -0.415236 -0.000572 0.144388 2.214656 -1.303693 -0.394255 0.391585 0.024605
-0.374037 -0.283627 0.473602 2.170405 -1.033989 -0.362211 0.821889 -0.509079 -0.415236 -0.000572 0.144388 2.214656 -1.303693 -0.394255 0.391585 0.024605
-0.374037 -0.283627 0.473602 2.170405 -1.033989 -0.361830 0.823796 -0.509079 -0.415236 -0.000572 0.144388 2.214656 -1.303693 -0.394255 0.391585 0.024987
-0.374037 -0.283627 0.473602 2.170405 -1.033989 -0.361830 0.824941 -0.509079 -0.415236 -0.000572 0.144388 2.214656 -1.303693 -0.394255 0.391585 0.024605
-0.374037 -0.283627 0.473602 2.170405 -1.033989 -0.361448 0.825704 -0.509079 -0.415236 -0.000572 0.144388 2.214656 -1.303311 -0.394255 0.391585 0.024605
-0.374037 -0.283627 0.473602 2.170405 -1.033989 -0.361448 0.827230 -0.509079 -0.415236 -0.000572 0.144388 2.214656 -1.303311 -0.394255 0.391585 0.024605
-0.374037 -0.283627 0.473602 2.170405 -1.033989 -0.361448 0.827993 -0.509079 -0.415236 -0.000572 0.144388 2.214656 -1.303693 -0.394255 0.391585 0.024605
-0.374037 -0.283627 0.473602 2.170405 -1.033989 -0.361067 0.828756 -0.509079 -0.415236 -0.000572 0.144388 2.214656 -1.303693 -0.394255 0.391585 0.024605
-0.374037 -0.283627 0.473602 2.170405 -1.033989 -0.360685 0.830282 -0.509079 -0.415236 -0.000572 0.144388 2.214656 -1.303311 -0.394255 0.391585 0.024605
-0.374037 -0.283627 0.473602 2.170405 -1.033989 -0.359922 0.831426 -0.509079 -0.415236 -0.000572 0.144388 2.214656 -1.303311 -0.394255 0.391585 0.024605
-0.374037 -0.283627 0.473602 2.170405 -1.033989 -0.358015 0.831807 -0.509079 -0.415236 -0.000572 0.144388 2.214656 -1.303311 -0.394255 0.391585 0.024605
-0.374037 -0.283627 0.473602 2.170405 -1.034371 -0.357633 0.832189 -0.509079 -0.415236 -0.000572 0.144388 2.214656 -1.303311 -0.394255 0.391585 0.024605
-0.374037 -0.283627 0.473602 2.170405 -1.034752 -0.357633 0.832570 -0.509079 -0.415236 -0.000572 0.144388 2.214656 -1.303311 -0.394255 0.391585 0.024605
-0.374037 -0.283246 0.473602 2.170405 -1.034752 -0.357633 0.832952 -0.509079 -0.415236 -0.000572 0.144388 2.214656 -1.303311 -0.394255 0.391585 0.024605
-0.374037 -0.283246 0.473602 2.170405 -1.034752 -0.357633 0.834096 -0.509079 -0.415236 -0.000572 0.144388 2.214656 -1.303693 -0.394255 0.391585 0.024605
-0.374037 -0.283246 0.473602 2.170405 -1.034752 -0.357633 0.835622 -0.509079 -0.415236 -0.000572 0.144388 2.214656 -1.303311 -0.394255 0.391585 0.024605
-0.374037 -0.283246 0.473602 2.170405 -1.035134 -0.357633 0.836767 -0.509079 -0.415236 -0.000572 0.144388 2.214656 -1.303311 -0.394255 0.391585 0.024605
-0.374037 -0.283627 0.473602 2.170405 -1.035134 -0.357633 0.837530 -0.509079 -0.415236 -0.000572 0.144388 2.214656 -1.303693 -0.394255 0.391585 0.024605
-0.374037 -0.283246 0.473602 2.170405 -1.035134 -0.357633 0.838674 -0.509079 -0.415236 -0.000572 0.144388 2.214656 -1.303693 -0.394255 0.391585 0.024605
-0.374037 -0.283246 0.473602 2.170405 -1.035134 -0.357633 0.838293 -0.509079 -0.415236 -0.000572 0.144388 2.214656 -1.303311 -0.394255 0.391585 0.024605
-0.374037 -0.283246 0.473602 2.170405 -1.035134 -0.357633 0.838674 -0.509079 -0.415236 -0.000572 0.144388 2.214656 -1.303693 -0.394255 0.391585 0.024605
-0.374037 -0.283246 0.473602 2.170405 -1.035134 -0.357633 0.838293 -0.509079 -0.415236 -0.000572 0.144388 2.214656 -1.303311 -0.394255 0.391585 0.024605
-0.374037 -0.283246 0.473602 2.170405 -1.035134 -0.357633 0.838674 -0.509079 -0.415236 -0.000572 0.144388 2.214656 -1.303693 -0.394255 0.391585 0.024605
-0.374037 -0.283246 0.473602 2.170405 -1.035515 -0.357633 0.838293 -0.509079 -0.415236 -0.000572 0.144388 2.214656 -1.303693 -0.394255 0.391585 0.024605
-0.374037 -0.283246 0.473602 2.170405 -1.035897 -0.357633 0.838293 -0.509079 -0.415236 -0.000572 0.144388 2.214656 -1.303311 -0.394255 0.391585 0.024605
-0.374037 -0.283246 0.473602 2.170405 -1.036278 -0.357633 0.838293 -0.509079 -0.415236 -0.000572 0.144388 2.214656 -1.303693 -0.394255 0.391585 0.024605
-0.374037 -0.283246 0.473602 2.170405 -1.037041 -0.357633 0.838293 -0.509079 -0.415236 -0.000572 0.144388 2.214656 -1.303693 -0.394255 0.391585 0.024605
-0.374037 -0.283246 0.473602 2.170405 -1.037423 -0.357633 0.838293 -0.509079 -0.415236 -0.000572 0.144388 2.214656 -1.303311 -0.394255 0.391585 0.024605
-0.374037 -0.283246 0.473602 2.170405 -1.037423 -0.357633 0.838293 -0.509079 -0.415236 -0.000572 0.144388 2.214656 -1.303311 -0.394255 0.391585 0.024605
-0.374037 -0.283246 0.473602 2.170405 -1.037423 -0.357252 0.838293 -0.509079 -0.415236 -0.000572 0.144388 2.214656 -1.303311 -0.394255 0.391585 0.024605
-0.374037 -0.283246 0.473602 2.170405 -1.037423 -0.357252 0.837911 -0.509079 -0.415236 -0.000572 0.144388 2.214656 -1.303693 -0.394255 0.391585 0.024605
-0.374037 -0.283246 0.473602 2.170405 -1.037041 -0.357252 0.837911 -0.509079 -0.415236 -0.000572 0.144388 2.214656 -1.303693 -0.394255 0.391585 0.024605
-0.374037 -0.283246 0.473602 2.170405 -1.037423 -0.356870 0.837911 -0.509079 -0.415236 -0.000572 0.144388 2.214656 -1.303311 -0.394255 0.391585 0.024605
-0.374418 -0.283246 0.473602 2.170405 -1.037423 -0.356107 0.837911 -0.509079 -0.415236 -0.000572 0.144388 2.214656 -1.303693 -0.394255 0.391585 0.024605
-0.374418 -0.283246 0.473602 2.170405 -1.037423 -0.354582 0.837911 -0.509079 -0.415236 -0.000572 0.144388 2.214656 -1.303311 -0.394255 0.391585 0.024605
-0.374418 -0.283246 0.473602 2.170405 -1.037423 -0.353437 0.837911 -0.509079 -0.415236 -0.000572 0.144388 2.214656 -1.303693 -0.394255 0.391585 0.024605
-0.374418 -0.283246 0.473602 2.170405 -1.037423 -0.353056 0.837911 -0.509079 -0.415236 -0.000572 0.144388 2.214656 -1.303311 -0.394255 0.391585 0.024605
-0.374418 -0.283246 0.473602 2.170405 -1.037423 -0.351148 0.837911 -0.509079 -0.415236 -0.000572 0.144388 2.214656 -1.303311 -0.394255 0.391585 0.024605
-0.374418 -0.283246 0.473602 2.170405 -1.037041 -0.350004 0.837911 -0.509079 -0.415236 -0.000572 0.144388 2.214656 -1.303693 -0.394255 0.391585 0.024605
-0.374418 -0.283246 0.473602 2.170405 -1.037041 -0.349622 0.837911 -0.509079 -0.415236 -0.000572 0.144388 2.214656 -1.303693 -0.394255 0.391585 0.024987
-0.374418 -0.283246 0.473602 2.170405 -1.037041 -0.349241 0.837911 -0.509079 -0.415236 -0.000572 0.144388 2.214656 -1.303693 -0.394255 0.391585 0.024605
-0.374418 -0.283246 0.473602 2.170405 -1.037041 -0.347715 0.837911 -0.509079 -0.415236 -0.000572 0.144388 2.214656 -1.303693 -0.394255 0.391585 0.024987
-0.374418 -0.283246 0.473602 2.170405 -1.037041 -0.346189 0.837911 -0.509079 -0.415236 -0.000572 0.144388 2.214656 -1.303693 -0.394255 0.391585 0.024605
-0.374418 -0.283246 0.473602 2.170405 -1.037041 -0.345808 0.837911 -0.509079 -0.415236 -0.000572 0.144388 2.214656 -1.303693 -0.394255 0.391585 0.024605
-0.374418 -0.283246 0.473602 2.170405 -1.036660 -0.344663 0.837911 -0.509079 -0.415236 -0.000572 0.144388 2.214656 -1.303693 -0.394255 0.391585 0.024605
-0.374418 -0.283246 0.473602 2.170405 -1.036660 -0.343137 0.837911 -0.509079 -0.415236 -0.000572 0.144388 2.214656 -1.303311 -0.394255 0.391585 0.024605
-0.374418 -0.283246 0.473602 2.170405 -1.036660 -0.342756 0.837911 -0.509079 -0.415236 -0.000572 0.144388 2.214656 -1.303311 -0.394255 0.391585 0.024605
-0.374418 -0.283246 0.473602 2.170405 -1.036660 -0.342374 0.837911 -0.509079 -0.415236 -0.000572 0.144388 2.214656 -1.303693 -0.394255 0.391585 0.024605
-0.374418 -0.283246 0.473602 2.170405 -1.036660 -0.341993 0.837911 -0.509079 -0.415236 -0.000572 0.144388 2.214656 -1.303693 -0.394255 0.391585 0.024987
-0.374418 -0.283246 0.473602 2.170405 -1.036278 -0.341611 0.837530 -0.509079 -0.415236 -0.000572 0.144388 2.214656 -1.303693 -0.394255 0.391585 0.024605
-0.374418 -0.283246 0.473602 2.170405 -1.036278 -0.339704 0.837911 -0.508698 -0.415236 -0.000572 0.144388 2.214656 -1.303311 -0.394255 0.391585 0.024605
-0.374418 -0.283246 0.473602 2.170405 -1.035897 -0.338941 0.837530 -0.509079 -0.415236 -0.000572 0.144388 2.214656 -1.303311 -0.394255 0.391585 0.024605
-0.374418 -0.283246 0.473602 2.170405 -1.035515 -0.338941 0.837911 -0.509079 -0.415236 -0.000572 0.144388 2.214656 -1.303311 -0.394255 0.391585 0.024605
-0.374800 -0.283246 0.473602 2.170405 -1.034752 -0.338941 0.837911 -0.509079 -0.415236 -0.000572 0.144388 2.214656 -1.303693 -0.394255 0.391585 0.024605
-0.374800 -0.283246 0.473602 2.170405 -1.033989 -0.338941 0.837911 -0.509079 -0.415236 -0.000572 0.144388 2.214656 -1.303693 -0.394255 0.391585 0.024605
-0.374800 -0.283246 0.473602 2.170405 -1.033989 -0.338941 0.837911 -0.509079 -0.415236 -0.000572 0.144388 2.214656 -1.303311 -0.394255 0.391585 0.024605
-0.374800 -0.283246 0.473602 2.170405 -1.033989 -0.338941 0.837911 -0.509079 -0.415236 -0.000572 0.144388 2.214656 -1.303693 -0.394255 0.391585 0.024605
-0.374800 -0.283246 0.473602 2.170405 -1.033989 -0.338941 0.837911 -0.509079 -0.415236 -0.000572 0.144388 2.214656 -1.303693 -0.394255 0.391585 0.024605
-0.374800 -0.283246 0.473602 2.170405 -1.033608 -0.338941 0.837911 -0.509079 -0.415236 -0.000572 0.144388 2.214656 -1.303311 -0.394255 0.391585 0.024605
-0.374800 -0.283246 0.473602 2.170405 -1.033608 -0.338941 0.837911 -0.509079 -0.415236 -0.000572 0.144388 2.214656 -1.303693 -0.394255 0.391585 0.024605
-0.374800 -0.283246 0.473602 2.170405 -1.033608 -0.338941 0.837911 -0.509079 -0.415236 -0.000572 0.144388 2.214656 -1.303311 -0.394255 0.391585 0.024605
-0.374800 -0.283246 0.473602 2.170405 -1.033608 -0.338941 0.837911 -0.509079 -0.415236 -0.000572 0.144388 2.214656 -1.303311 -0.394255 0.391585 0.024605
-0.374800 -0.283246 0.473602 2.170405 -1.033608 -0.338941 0.837911 -0.509079 -0.415236 -0.000572 0.144388 2.214656 -1.303693 -0.394255 0.391585 0.024605
-0.374800 -0.283246 0.473602 2.170405 -1.033608 -0.338941 0.837911 -0.509079 -0.415236 -0.000572 0.144388 2.214656 -1.303693 -0.394255 0.391585 0.024605
-0.374800 -0.283246 0.473602 2.170405 -1.033608 -0.338941 0.837911 -0.509079 -0.415236 -0.000572 0.144388 2.214656 -1.303693 -0.394255 0.391585 0.024605
-0.374800 -0.283246 0.473602 2.170405 -1.033989 -0.338941 0.837911 -0.509079 -0.415236 -0.000572 0.144388 2.214656 -1.303311 -0.394255 0.391585 0.024605
-0.375181 -0.283246 0.473602 2.170405 -1.033989 -0.338941 0.837911 -0.509079 -0.415236 -0.000572 0.144388 2.214656 -1.303693 -0.394255 0.391585 0.024605
-0.375181 -0.283246 0.473602 2.170405 -1.033989 -0.338941 0.837530 -0.509079 -0.415236 -0.000572 0.144388 2.214656 -1.303311 -0.394255 0.391585 0.024605
-0.375563 -0.283246 0.473602 2.170405 -1.034371 -0.338941 0.837530 -0.509079 -0.415236 -0.000572 0.144388 2.214656 -1.303693 -0.394255 0.391585 0.024605
-0.376326 -0.283246 0.473602 2.170405 -1.034752 -0.338941 0.837911 -0.509079 -0.415236 -0.000572 0.144388 2.214656 -1.303311 -0.394255 0.391585 0.024605
-0.376707 -0.283246 0.473602 2.170405 -1.035134 -0.338941 0.837911 -0.509079 -0.415236 -0.000572 0.144388 2.214656 -1.303693 -0.394255 0.391585 0.024605
-0.377089 -0.283246 0.473602 2.170405 -1.035515 -0.338941 0.837911 -0.509079 -0.415236 -0.000572 0.144388 2.214656 -1.303693 -0.394255 0.391585 0.024605
-0.377852 -0.283246 0.473602 2.170405 -1.037041 -0.338941 0.837530 -0.509079 -0.415236 -0.000572 0.144388 2.214656 -1.303693 -0.394255 0.391585 0.024605
-0.378996 -0.283246 0.473602 2.170405 -1.037804 -0.338941 0.837911 -0.509079 -0.415236 -0.000572 0.144388 2.214656 -1.303311 -0.394636 0.391585 0.024605
-0.379759 -0.283246 0.473602 2.170405 -1.037804 -0.338941 0.837911 -0.509079 -0.415236 -0.000572 0.144388 2.214656 -1.303693 -0.394255 0.391585 0.024605
-0.380140 -0.283246 0.473602 2.170405 -1.038186 -0.338941 0.837911 -0.509079 -0.415236 -0.000572 0.144388 2.214656 -1.303693 -0.394255 0.391585 0.024605
-0.382048 -0.283246 0.473602 2.170405 -1.039330 -0.338941 0.837911 -0.509079 -0.415236 -0.000572 0.144388 2.214656 -1.303693 -0.394255 0.391585 0.024605
-0.382811 -0.283246 0.473602 2.170405 -1.040475 -0.338941 0.837911 -0.509079 -0.415236 -0.000572 0.144388 2.214656 -1.303311 -0.394636 0.391585 0.024605
-0.383574 -0.283246 0.473602 2.170405 -1.041238 -0.338560 0.837911 -0.509079 -0.415236 -0.000572 0.144388 2.214656 -1.303693 -0.394255 0.391585 0.024605
-0.385100 -0.283246 0.473602 2.170405 -1.041619 -0.337797 0.837911 -0.509079 -0.415236 -0.000572 0.144388 2.214656 -1.303693 -0.394255 0.391585 0.024605
-0.385863 -0.283246 0.473602 2.170405 -1.042000 -0.336652 0.838293 -0.509079 -0.415236 -0.000572 0.144388 2.214656 -1.303311 -0.394255 0.391203 0.024605
-0.386244 -0.283246 0.473602 2.170405 -1.042000 -0.335508 0.838293 -0.509079 -0.415236 -0.000572 0.144388 2.214656 -1.303693 -0.394636 0.391966 0.024605
-0.387388 -0.283246 0.473602 2.170405 -1.042382 -0.334745 0.838293 -0.509079 -0.415236 -0.000572 0.144388 2.214656 -1.303693 -0.394255 0.391585 0.024605
-0.387770 -0.283246 0.473602 2.170405 -1.042763 -0.333982 0.837911 -0.509079 -0.415236 -0.000572 0.144388 2.214656 -1.303311 -0.394255 0.391203 0.024605
-0.387770 -0.283246 0.473602 2.170405 -1.042382 -0.332456 0.838293 -0.509079 -0.415236 -0.000572 0.144388 2.214656 -1.303311 -0.394255 0.391585 0.024605
-0.388151 -0.283246 0.473602 2.170405 -1.042382 -0.330930 0.838293 -0.509079 -0.415236 -0.000572 0.144388 2.214656 -1.303693 -0.394255 0.391966 0.024605
-0.388151 -0.283246 0.473602 2.170405 -1.042382 -0.329404 0.837911 -0.509079 -0.415236 -0.000572 0.144388 2.214656 -1.303311 -0.394255 0.391585 0.024605
-0.388151 -0.283246 0.473602 2.170405 -1.042382 -0.327497 0.838293 -0.509079 -0.415236 -0.000572 0.144388 2.214656 -1.303693 -0.394255 0.391585 0.024605
-0.388151 -0.283246 0.473602 2.170405 -1.042000 -0.327878 0.838293 -0.509079 -0.415236 -0.000572 0.144388 2.214656 -1.303693 -0.394255 0.391585 0.024605
-0.387770 -0.283246 0.473602 2.170405 -1.042000 -0.327878 0.838293 -0.509079 -0.415236 -0.000572 0.144388 2.214656 -1.303311 -0.394255 0.391585 0.024605
-0.387770 -0.283246 0.473602 2.170405 -1.041619 -0.327878 0.838674 -0.509079 -0.415236 -0.000572 0.144388 2.214656 -1.303693 -0.394255 0.391585 0.024605
-0.387770 -0.283246 0.473602 2.170405 -1.041619 -0.327878 0.839055 -0.509079 -0.415236 -0.000572 0.144388 2.214656 -1.303693 -0.394255 0.391585 0.024605
-0.387770 -0.283246 0.473602 2.170405 -1.041619 -0.327878 0.839055 -0.509079 -0.415236 -0.000572 0.144388 2.214656 -1.303311 -0.394255 0.391585 0.024605
-0.387770 -0.283246 0.473602 2.170405 -1.041238 -0.327878 0.839437 -0.509079 -0.415236 -0.000572 0.144388 2.214656 -1.303311 -0.394255 0.391585 0.024605
-0.387770 -0.283246 0.473602 2.170405 -1.041238 -0.327878 0.839437 -0.509079 -0.415236 -0.000572 0.144388 2.214656 -1.303311 -0.394255 0.391585 0.024605
-0.387770 -0.283246 0.473602 2.170405 -1.041238 -0.327878 0.839818 -0.509079 -0.415236 -0.000572 0.144388 2.214656 -1.303311 -0.394255 0.391585 0.024605
-0.387770 -0.283246 0.473602 2.170405 -1.041619 -0.327878 0.839818 -0.509079 -0.415236 -0.000572 0.144388 2.214656 -1.303311 -0.394255 0.391585 0.024605
-0.387770 -0.283246 0.473602 2.170405 -1.041619 -0.327878 0.839818 -0.509079 -0.415236 -0.000572 0.144388 2.214656 -1.303693 -0.394255 0.391585 0.024605
-0.387770 -0.283246 0.473602 2.170405 -1.041238 -0.327878 0.839818 -0.508698 -0.415236 -0.000572 0.144388 2.214656 -1.303693 -0.394255 0.391585 0.024605
-0.387770 -0.283246 0.473602 2.170405 -1.041619 -0.327878 0.839818 -0.508698 -0.415236 -0.000572 0.144388 2.214656 -1.303693 -0.394255 0.391585 0.024605
-0.387770 -0.283246 0.473602 2.170405 -1.041619 -0.327878 0.839818 -0.508698 -0.415236 -0.000572 0.144388 2.214656 -1.303311 -0.394255 0.391585 0.024605
-0.387770 -0.283246 0.473602 2.170405 -1.041619 -0.327878 0.839818 -0.508698 -0.415236 -0.000572 0.144388 2.214656 -1.303311 -0.394255 0.391585 0.024605
-0.387770 -0.283246 0.473602 2.170405 -1.041619 -0.327878 0.839818 -0.508698 -0.415236 -0.000572 0.144388 2.214656 -1.303693 -0.394255 0.391585 0.024605
-0.387770 -0.283246 0.473602 2.170405 -1.041238 -0.327878 0.839818 -0.508698 -0.415236 -0.000572 0.144388 2.214656 -1.303693 -0.394255 0.391585 0.024605
-0.387770 -0.283246 0.473602 2.170405 -1.041619 -0.327878 0.839818 -0.508698 -0.415236 -0.000572 0.144388 2.214656 -1.303311 -0.394255 0.391585 0.024605
-0.387770 -0.283246 0.473602 2.170405 -1.041238 -0.327878 0.839818 -0.508698 -0.415236 -0.000572 0.144388 2.214656 -1.303693 -0.394255 0.391585 0.024605
-0.387770 -0.283246 0.473602 2.170405 -1.041238 -0.327878 0.839818 -0.508698 -0.415236 -0.000572 0.144388 2.214656 -1.303311 -0.394255 0.391585 0.024605
-0.387770 -0.283246 0.473602 2.170405 -1.041238 -0.327878 0.839818 -0.508698 -0.415236 -0.000572 0.144388 2.214656 -1.303693 -0.394255 0.391585 0.024605
-0.387770 -0.283246 0.473602 2.170405 -1.041238 -0.327878 0.839818 -0.508698 -0.415236 -0.000572 0.144388 2.214656 -1.303693 -0.394255 0.391585 0.024605
-0.387770 -0.283246 0.473602 2.170405 -1.040856 -0.327878 0.839818 -0.508698 -0.415236 -0.000572 0.144388 2.214656 -1.303693 -0.394636 0.391585 0.024605
-0.387770 -0.283246 0.473602 2.170405 -1.040856 -0.327878 0.839818 -0.508698 -0.415236 -0.000572 0.144388 2.214656 -1.303311 -0.394255 0.391585 0.024605
-0.387770 -0.283246 0.473602 2.170405 -1.040856 -0.327878 0.839818 -0.508698 -0.415236 -0.000572 0.144388 2.214656 -1.303693 -0.394255 0.391585 0.024605
-0.387770 -0.283246 0.473602 2.170405 -1.040856 -0.327878 0.839818 -0.508698 -0.415236 -0.000572 0.144388 2.214656 -1.303693 -0.394255 0.391585 0.024605
-0.387770 -0.283246 0.473602 2.170405 -1.040856 -0.327878 0.839818 -0.508698 -0.415236 -0.000572 0.144388 2.214656 -1.303693 -0.394255 0.391585 0.024605
-0.387770 -0.283246 0.473602 2.170405 -1.040856 -0.327878 0.839818 -0.508316 -0.415236 -0.000572 0.144388 2.214656 -1.303311 -0.394255 0.391585 0.024605
-0.387770 -0.283246 0.473602 2.170405 -1.040856 -0.327878 0.839818 -0.508316 -0.415236 -0.000572 0.144388 2.214656 -1.303311 -0.394255 0.391585 0.024605
-0.387770 -0.283246 0.473602 2.170405 -1.040856 -0.327878 0.839818 -0.508316 -0.415236 -0.000572 0.144388 2.214656 -1.303311 -0.394255 0.391585 0.024605
-0.387770 -0.283246 0.473602 2.170405 -1.040475 -0.327878 0.839818 -0.508316 -0.415236 -0.000572 0.144388 2.214656 -1.303693 -0.394255 0.391585 0.024605
-0.387770 -0.283246 0.473602 2.170405 -1.040856 -0.327878 0.839818 -0.508316 -0.415236 -0.000572 0.144388 2.214656 -1.303311 -0.394255 0.391585 0.024605
-0.387770 -0.283246 0.473602 2.170405 -1.040856 -0.327878 0.839818 -0.508316 -0.415236 -0.000572 0.144388 2.214656 -1.303693 -0.394255 0.391585 0.024605
-0.387770 -0.283246 0.473602 2.170405 -1.040856 -0.327878 0.839818 -0.508316 -0.415236 -0.000572 0.144388 2.214656 -1.303311 -0.394255 0.391585 0.024987
-0.387770 -0.283246 0.473602 2.170405 -1.040856 -0.327878 0.839818 -0.508316 -0.415236 -0.000572 0.144388 2.214656 -1.303693 -0.394255 0.391585 0.024605
-0.387770 -0.283246 0.473602 2.170405 -1.040856 -0.327878 0.840200 -0.508316 -0.415236 -0.000572 0.144388 2.214656 -1.303311 -0.394255 0.391585 0.024605
-0.387770 -0.283246 0.473602 2.170405 -1.040856 -0.327878 0.839818 -0.507935 -0.415236 -0.000572 0.144388 2.214656 -1.303311 -0.394255 0.391585 0.024605
-0.387770 -0.283246 0.473602 2.170405 -1.040856 -0.327878 0.839818 -0.507935 -0.415236 -0.000572 0.144388 2.214656 -1.303693 -0.394255 0.391585 0.024605
-0.387770 -0.283246 0.473602 2.170405 -1.040856 -0.327497 0.839818 -0.508316 -0.415236 -0.000572 0.144388 2.214656 -1.303693 -0.394255 0.391585 0.024605
-0.387770 -0.283246 0.473602 2.170405 -1.040856 -0.327878 0.839818 -0.507935 -0.415236 -0.000572 0.144388 2.214656 -1.303311 -0.394255 0.391585 0.024605
-0.387770 -0.283246 0.473602 2.170405 -1.040856 -0.327878 0.839818 -0.507935 -0.415236 -0.000572 0.144388 2.214656 -1.303311 -0.394255 0.391585 0.024605
-0.387770 -0.283246 0.473602 2.170405 -1.040475 -0.327878 0.839818 -0.507935 -0.415236 -0.000572 0.144388 2.214656 -1.303693 -0.394255 0.391585 0.024605
-0.387770 -0.283246 0.473602 2.170405 -1.040856 -0.327497 0.839818 -0.507935 -0.415236 -0.000572 0.144388 2.214656 -1.303311 -0.394255 0.391585 0.024605
-0.387770 -0.283246 0.473602 2.170405 -1.040856 -0.327497 0.839818 -0.507935 -0.415236 -0.000572 0.144388 2.214656 -1.303693 -0.394255 0.391585 0.024605
-0.387770 -0.283246 0.473602 2.170405 -1.040856 -0.327878 0.839818 -0.507935 -0.415236 -0.000572 0.144388 2.214656 -1.303693 -0.394255 0.391585 0.024605
-0.387770 -0.283246 0.473602 2.170405 -1.040856 -0.327878 0.840200 -0.507172 -0.415236 -0.000572 0.144388 2.214656 -1.303693 -0.394255 0.391585 0.024605
-0.387770 -0.283246 0.473602 2.170405 -1.040856 -0.327497 0.839818 -0.506409 -0.415236 -0.000572 0.144388 2.214656 -1.303693 -0.394255 0.391585 0.024605
-0.387770 -0.283246 0.473602 2.170405 -1.040856 -0.327878 0.839818 -0.502976 -0.415236 -0.000572 0.144388 2.214656 -1.303693 -0.394255 0.391585 0.024605
-0.387770 -0.283246 0.473602 2.170405 -1.040856 -0.327878 0.840200 -0.498016 -0.415236 -0.000572 0.144388 2.214656 -1.303311 -0.394255 0.391585 0.024605
-0.387770 -0.283246 0.473602 2.170405 -1.040856 -0.327878 0.839818 -0.491531 -0.415236 -0.000572 0.144388 2.214656 -1.303693 -0.394255 0.391585 0.024605
-0.387770 -0.283246 0.473602 2.170405 -1.040856 -0.327497 0.840200 -0.485428 -0.415236 -0.000572 0.144388 2.214656 -1.303693 -0.394255 0.391585 0.024605
-0.387770 -0.283246 0.473602 2.170405 -1.040856 -0.327878 0.840200 -0.479324 -0.415236 -0.000572 0.144388 2.214656 -1.303693 -0.394255 0.391585 0.024605
-0.387770 -0.283246 0.473602 2.170405 -1.040856 -0.327878 0.840581 -0.473220 -0.415236 -0.000572 0.144388 2.214656 -1.303311 -0.394255 0.391585 0.024605
-0.387770 -0.283246 0.473602 2.170405 -1.040856 -0.327878 0.841344 -0.467117 -0.415236 -0.000572 0.144388 2.214656 -1.303311 -0.394255 0.391585 0.024605
-0.387770 -0.283246 0.473602 2.170405 -1.040856 -0.327497 0.842489 -0.461776 -0.415236 -0.000572 0.144388 2.214656 -1.303693 -0.394255 0.391585 0.024987
-0.387770 -0.283246 0.473602 2.170405 -1.040856 -0.327878 0.843633 -0.457198 -0.415236 -0.000572 0.144388 2.214656 -1.303693 -0.394255 0.391585 0.024605
-0.387770 -0.283246 0.473602 2.170405 -1.040856 -0.327878 0.844778 -0.454147 -0.415236 -0.000572 0.144388 2.214656 -1.303311 -0.394255 0.391585 0.024605
-0.387770 -0.283246 0.473602 2.170405 -1.041238 -0.327497 0.846304 -0.452621 -0.415236 -0.000572 0.144388 2.214656 -1.303693 -0.394255 0.391585 0.024605
-0.387770 -0.283246 0.473602 2.170405 -1.040856 -0.327497 0.847066 -0.451476 -0.415236 -0.000572 0.144388 2.214656 -1.303693 -0.394255 0.391585 0.024605
-0.387770 -0.283246 0.473602 2.170405 -1.041238 -0.327497 0.847066 -0.451858 -0.415236 -0.000572 0.144388 2.214656 -1.303693 -0.394255 0.391585 0.024605
-0.387770 -0.283246 0.473602 2.170405 -1.041238 -0.327497 0.847066 -0.451858 -0.415236 -0.000572 0.144388 2.214656 -1.303693 -0.394255 0.391585 0.024605
-0.387770 -0.283246 0.473602 2.170405 -1.041238 -0.327878 0.847448 -0.451858 -0.415236 -0.000572 0.144388 2.214656 -1.303311 -0.394255 0.391585 0.024605
-0.387770 -0.283246 0.473602 2.170405 -1.041238 -0.327878 0.847448 -0.451858 -0.415236 -0.000572 0.144388 2.214656 -1.303311 -0.394255 0.391585 0.024605
-0.387770 -0.283246 0.473602 2.170405 -1.040856 -0.327878 0.848211 -0.451858 -0.415236 -0.000572 0.144388 2.214656 -1.303693 -0.394255 0.391585 0.024605
-0.387770 -0.283246 0.473602 2.170405 -1.041238 -0.327497 0.848974 -0.451858 -0.415236 -0.000572 0.144388 2.214656 -1.303693 -0.394255 0.391585 0.024605
-0.387770 -0.283246 0.473602 2.170405 -1.041238 -0.327878 0.850118 -0.451858 -0.415236 -0.000572 0.144388 2.214656 -1.303693 -0.394255 0.391585 0.024605
-0.387770 -0.283246 0.473602 2.170405 -1.041238 -0.327497 0.850500 -0.451858 -0.415236 -0.000572 0.144388 2.214656 -1.303693 -0.394255 0.391585 0.024605
-0.387770 -0.283246 0.473602 2.170405 -1.041238 -0.327878 0.850500 -0.451858 -0.415236 -0.000572 0.144388 2.214656 -1.303693 -0.394255 0.391585 0.024605
-0.387770 -0.283246 0.473602 2.170405 -1.040856 -0.327878 0.850881 -0.451858 -0.415236 -0.000572 0.144388 2.214656 -1.303311 -0.394255 0.391585 0.024605
-0.387770 -0.283246 0.473602 2.170405 -1.040856 -0.327497 0.850881 -0.451858 -0.415236 -0.000572 0.144388 2.214656 -1.303311 -0.394255 0.391585 0.024605
-0.387770 -0.283246 0.473602 2.170405 -1.040856 -0.327878 0.851644 -0.451858 -0.415236 -0.000572 0.144388 2.214656 -1.303311 -0.394255 0.391585 0.024605
-0.387770 -0.283246 0.473602 2.170405 -1.040856 -0.327878 0.853170 -0.451858 -0.415236 -0.000572 0.144388 2.214656 -1.303693 -0.394255 0.391585 0.024605
-0.387770 -0.283246 0.473602 2.170405 -1.040856 -0.327878 0.854314 -0.451858 -0.415236 -0.000572 0.144388 2.214656 -1.303693 -0.394255 0.391585 0.024605
-0.387770 -0.283246 0.473602 2.170405 -1.040856 -0.327878 0.853933 -0.451858 -0.415236 -0.000572 0.144388 2.214656 -1.303311 -0.394255 0.391585 0.024605
-0.387770 -0.283246 0.473602 2.170405 -1.040856 -0.327878 0.853933 -0.451476 -0.415236 -0.000572 0.144388 2.214656 -1.303693 -0.394255 0.391585 0.024605
-0.387770 -0.283246 0.473602 2.170405 -1.040856 -0.327878 0.853933 -0.451858 -0.415236 -0.000572 0.144388 2.214656 -1.303693 -0.394255 0.391585 0.024605
-0.387770 -0.283246 0.473602 2.170405 -1.040856 -0.327878 0.853933 -0.451476 -0.415236 -0.000572 0.144388 2.214656 -1.303693 -0.394255 0.391585 0.024605
-0.387770 -0.283246 0.473602 2.170405 -1.040856 -0.327878 0.853933 -0.451476 -0.415236 -0.000572 0.144388 2.214656 -1.303693 -0.394255 0.391585 0.024605
-0.387770 -0.283246 0.473602 2.170405 -1.040856 -0.327878 0.853933 -0.451476 -0.415236 -0.000572 0.144388 2.214656 -1.303311 -0.394255 0.391585 0.024605
-0.387770 -0.283246 0.473602 2.170405 -1.040856 -0.327878 0.853933 -0.451476 -0.415236 -0.000572 0.144388 2.214656 -1.303693 -0.394255 0.391585 0.024987
-0.387770 -0.283246 0.473602 2.170405 -1.040475 -0.327878 0.853552 -0.451858 -0.415236 -0.000572 0.144388 2.214656 -1.303311 -0.394255 0.391585 0.024605
-0.387770 -0.283246 0.473602 2.170405 -1.040856 -0.327878 0.853552 -0.451858 -0.415236 -0.000572 0.144388 2.214656 -1.303693 -0.394255 0.391585 0.024605
-0.387770 -0.283246 0.473602 2.170405 -1.040475 -0.327878 0.853552 -0.451858 -0.415236 -0.000572 0.144388 2.214656 -1.303693 -0.394255 0.391585 0.024605
-0.387770 -0.283246 0.473602 2.170405 -1.040856 -0.327878 0.853552 -0.451476 -0.415236 -0.000572 0.144388 2.214656 -1.303693 -0.394255 0.391585 0.024605
-0.387770 -0.283246 0.473602 2.170405 -1.040475 -0.327878 0.853552 -0.451858 -0.415236 -0.000572 0.144388 2.214656 -1.303311 -0.394255 0.391585 0.024605
-0.387770 -0.283246 0.473602 2.170405 -1.040475 -0.327878 0.853552 -0.451476 -0.415236 -0.000572 0.144388 2.214656 -1.303311 -0.394255 0.391585 0.024605
-0.387770 -0.283246 0.473602 2.170405 -1.040475 -0.327878 0.853552 -0.451858 -0.415236 -0.000572 0.144388 2.214656 -1.303693 -0.394255 0.391585 0.024605
-0.387770 -0.283246 0.473602 2.170405 -1.040475 -0.327878 0.853552 -0.451858 -0.415236 -0.000572 0.144388 2.214656 -1.303693 -0.394255 0.391585 0.024987
-0.387770 -0.283246 0.473602 2.170405 -1.040475 -0.328260 0.853170 -0.451476 -0.415236 -0.000572 0.144388 2.214656 -1.303693 -0.394255 0.391585 0.024605
-0.387770 -0.283246 0.473602 2.170405 -1.040475 -0.327878 0.853170 -0.451476 -0.415236 -0.000572 0.144388 2.214656 -1.303693 -0.394255 0.391585 0.024605
-0.387770 -0.283246 0.473602 2.170405 -1.040475 -0.328260 0.853170 -0.451476 -0.415236 -0.000572 0.144388 2.214656 -1.303311 -0.394255 0.391585 0.024605
-0.387770 -0.283246 0.473602 2.170405 -1.040475 -0.328260 0.853170 -0.451476 -0.415236 -0.000572 0.144388 2.214656 -1.303693 -0.394255 0.391585 0.024605
-0.388151 -0.283246 0.473602 2.170405 -1.040475 -0.328260 0.853170 -0.451476 -0.415236 -0.000572 0.144388 2.214656 -1.303311 -0.394255 0.391585 0.024605
-0.388151 -0.283246 0.473602 2.170405 -1.040475 -0.328260 0.853170 -0.451476 -0.415236 -0.000572 0.144388 2.214656 -1.303693 -0.394255 0.391585 0.024605
-0.387770 -0.283246 0.473602 2.170405 -1.040475 -0.328260 0.853170 -0.451476 -0.415236 -0.000572 0.144388 2.214656 -1.303311 -0.394255 0.391585 0.024605
-0.387770 -0.283246 0.473602 2.170405 -1.040475 -0.328260 0.853170 -0.451476 -0.415236 -0.000572 0.144388 2.214656 -1.303311 -0.394255 0.391585 0.024605
-0.387770 -0.283246 0.473602 2.170405 -1.040475 -0.328260 0.853170 -0.451476 -0.415236 -0.000572 0.144388 2.214656 -1.303693 -0.394255 0.391585 0.024605
-0.387770 -0.283246 0.473602 2.170405 -1.040475 -0.328260 0.853170 -0.451476 -0.415236 -0.000572 0.144388 2.214656 -1.303693 -0.394255 0.391585 0.024605
-0.388151 -0.283246 0.473602 2.170405 -1.040475 -0.328260 0.853170 -0.451476 -0.415236 -0.000572 0.144388 2.214656 -1.303693 -0.394255 0.391585 0.024605
-0.388151 -0.283246 0.473602 2.170405 -1.040475 -0.328260 0.853170 -0.451476 -0.415236 -0.000572 0.144388 2.214656 -1.303311 -0.394255 0.391585 0.024605
-0.388151 -0.283246 0.473602 2.170405 -1.040475 -0.328260 0.853170 -0.451476 -0.415236 -0.000572 0.144388 2.214656 -1.303693 -0.394255 0.391585 0.024605
-0.387770 -0.283246 0.473602 2.170405 -1.040475 -0.328260 0.853170 -0.451858 -0.415236 -0.000572 0.144388 2.214656 -1.303693 -0.394255 0.391585 0.024605
-0.388151 -0.283246 0.473602 2.170405 -1.040475 -0.328260 0.853170 -0.451858 -0.415236 -0.000572 0.144388 2.214656 -1.303693 -0.394255 0.391585 0.024605
-0.388151 -0.283246 0.473602 2.170405 -1.040475 -0.328260 0.853170 -0.451476 -0.415236 -0.000572 0.144388 2.214656 -1.303311 -0.394255 0.391585 0.024605
-0.387770 -0.283246 0.473602 2.170405 -1.040475 -0.328260 0.853170 -0.451858 -0.415236 -0.000572 0.144388 2.214656 -1.303693 -0.394255 0.391585 0.024605
-0.388151 -0.283246 0.473602 2.170405 -1.040093 -0.328260 0.853170 -0.451476 -0.415236 -0.000572 0.144388 2.214656 -1.303311 -0.394255 0.391585 0.024605
-0.388151 -0.283246 0.473602 2.170405 -1.039712 -0.328260 0.853170 -0.451476 -0.415236 -0.000572 0.144388 2.214656 -1.303693 -0.394255 0.391585 0.024605
-0.388151 -0.283246 0.473602 2.170405 -1.039330 -0.328260 0.853170 -0.451476 -0.415236 -0.000572 0.144388 2.214656 -1.303693 -0.394255 0.391585 0.024987
-0.388151 -0.283246 0.473602 2.170405 -1.038567 -0.328260 0.853170 -0.451476 -0.415236 -0.000572 0.144388 2.214656 -1.303311 -0.394255 0.391585 0.024605
-0.388151 -0.283246 0.473602 2.170405 -1.037804 -0.328260 0.853170 -0.451858 -0.415236 -0.000572 0.144388 2.214656 -1.303693 -0.394255 0.391585 0.024605
-0.388151 -0.283246 0.473602 2.170405 -1.037423 -0.328260 0.853170 -0.451858 -0.415236 -0.000572 0.144388 2.214656 -1.303311 -0.394255 0.391585 0.024605
-0.388151 -0.283246 0.473602 2.170405 -1.037423 -0.328641 0.853170 -0.451858 -0.415236 -0.000572 0.144388 2.214656 -1.303693 -0.394255 0.391585 0.024605
-0.388151 -0.283246 0.473602 2.170405 -1.037423 -0.328260 0.853170 -0.451476 -0.415236 -0.000572 0.144388 2.214656 -1.303311 -0.394255 0.391585 0.024605
-0.388151 -0.283246 0.473602 2.170405 -1.037423 -0.328641 0.853170 -0.451476 -0.415236 -0.000572 0.144388 2.214656 -1.303311 -0.394255 0.391585 0.024987
-0.388151 -0.283246 0.473602 2.170405 -1.037423 -0.328641 0.853170 -0.451476 -0.415236 -0.000572 0.144388 2.214656 -1.303693 -0.394255 0.391585 0.024605
-0.388151 -0.283246 0.473602 2.170405 -1.037041 -0.328641 0.853170 -0.451476 -0.415236 -0.000572 0.144388 2.214656 -1.303693 -0.394255 0.391585 0.024605
-0.388151 -0.283246 0.473602 2.170405 -1.037041 -0.328641 0.853170 -0.451476 -0.415236 -0.000572 0.144388 2.214656 -1.303693 -0.394255 0.391585 0.024605
-0.388151 -0.283246 0.473602 2.170405 -1.037041 -0.328641 0.853170 -0.451476 -0.415236 -0.000572 0.144388 2.214656 -1.303693 -0.394255 0.391585 0.024605
-0.388151 -0.283246 0.473602 2.170405 -1.037041 -0.328641 0.853170 -0.451476 -0.415236 -0.000572 0.144388 2.214656 -1.303693 -0.394255 0.391585 0.024605
-0.388151 -0.283246 0.473602 2.170405 -1.037041 -0.328641 0.853170 -0.451476 -0.415236 -0.000572 0.144388 2.214656 -1.303693 -0.394255 0.391585 0.024605
-0.388151 -0.283246 0.473602 2.170405 -1.037041 -0.328641 0.853170 -0.451476 -0.415236 -0.000572 0.144388 2.214656 -1.303311 -0.394255 0.391585 0.024605
-0.388151 -0.283246 0.473602 2.170405 -1.037423 -0.328641 0.853170 -0.450713 -0.415236 -0.000572 0.144388 2.214656 -1.303693 -0.394255 0.391585 0.024605
-0.388151 -0.283246 0.473602 2.170405 -1.037041 -0.328641 0.853170 -0.448043 -0.415236 -0.000572 0.144388 2.214656 -1.303311 -0.394255 0.391585 0.024605
-0.388151 -0.283246 0.473602 2.170405 -1.037041 -0.328641 0.853170 -0.444991 -0.415236 -0.000572 0.144388 2.214656 -1.303311 -0.394255 0.391585 0.024605
-0.388151 -0.283246 0.473602 2.170405 -1.037041 -0.328641 0.853170 -0.440414 -0.415236 -0.000572 0.144388 2.214656 -1.303311 -0.394255 0.391585 0.024605
-0.388151 -0.283246 0.473602 2.170405 -1.037041 -0.328641 0.853170 -0.436217 -0.415236 -0.000572 0.144388 2.214656 -1.303693 -0.394255 0.391585 0.024605
-0.388151 -0.283246 0.473602 2.170405 -1.037041 -0.328641 0.853170 -0.432021 -0.415236 -0.000572 0.144388 2.214656 -1.303693 -0.394255 0.391585 0.024605
-0.388151 -0.283246 0.473602 2.170405 -1.037041 -0.328641 0.853170 -0.427825 -0.415236 -0.000572 0.144388 2.214656 -1.303311 -0.394255 0.391585 0.024987
-0.388151 -0.283246 0.473602 2.170405 -1.037041 -0.328641 0.853170 -0.424773 -0.415236 -0.000572 0.144388 2.214656 -1.303693 -0.394255 0.391585 0.024605
-0.388151 -0.283246 0.473602 2.170405 -1.037041 -0.328641 0.853170 -0.421340 -0.415236 -0.000572 0.144388 2.214656 -1.303693 -0.394255 0.391585 0.024605
-0.388151 -0.283246 0.473602 2.170405 -1.037041 -0.328260 0.853170 -0.417906 -0.415236 -0.000572 0.144388 2.214656 -1.303311 -0.394255 0.391585 0.024605
-0.388151 -0.283246 0.473602 2.170405 -1.037041 -0.328641 0.853170 -0.414092 -0.415236 -0.000572 0.144388 2.214656 -1.303693 -0.394255 0.391585 0.024605
-0.388151 -0.283246 0.473602 2.170405 -1.037041 -0.328641 0.853170 -0.410658 -0.415236 -0.000572 0.144388 2.214656 -1.303693 -0.394255 0.391585 0.024605
-0.388151 -0.283246 0.473602 2.170405 -1.037041 -0.328641 0.853170 -0.408751 -0.415236 -0.000572 0.144388 2.214656 -1.303693 -0.394255 0.391585 0.024605
-0.388151 -0.283246 0.473602 2.170405 -1.037041 -0.328641 0.853170 -0.406844 -0.415236 -0.000572 0.144388 2.214656 -1.303311 -0.394255 0.391585 0.024605
-0.388151 -0.283246 0.473602 2.170405 -1.037041 -0.328641 0.853170 -0.407225 -0.415236 -0.000572 0.144388 2.214656 -1.303693 -0.394255 0.391585 0.024605
-0.388151 -0.283246 0.473602 2.170405 -1.037041 -0.328641 0.853170 -0.407225 -0.415236 -0.000572 0.144388 2.214656 -1.303693 -0.394255 0.391585 0.024605
-0.388151 -0.283246 0.473602 2.170405 -1.037041 -0.328641 0.853170 -0.407225 -0.415236 -0.000572 0.144388 2.214656 -1.303693 -0.394255 0.391585 0.024605
-0.388151 -0.283246 0.473602 2.170405 -1.037041 -0.328641 0.853170 -0.407225 -0.415236 -0.000572 0.144388 2.214656 -1.303311 -0.394255 0.391585 0.024605
-0.388151 -0.283246 0.473602 2.170405 -1.037423 -0.328641 0.853170 -0.407225 -0.415236 -0.000572 0.144388 2.214656 -1.303311 -0.394255 0.391585 0.024605
-0.388151 -0.283246 0.473602 2.170405 -1.037423 -0.328641 0.853170 -0.407225 -0.415236 -0.000572 0.144388 2.214656 -1.303693 -0.394255 0.391585 0.024605
-0.388151 -0.283246 0.473602 2.170405 -1.037423 -0.328641 0.853170 -0.407225 -0.415236 -0.000572 0.144388 2.214656 -1.303311 -0.394255 0.391585 0.024987
-0.388151 -0.283246 0.473602 2.170405 -1.037423 -0.328641 0.853170 -0.407225 -0.415236 -0.000572 0.144388 2.214656 -1.303311 -0.394255 0.391585 0.024605
-0.388151 -0.283246 0.473602 2.170405 -1.037423 -0.328641 0.853170 -0.407225 -0.415236 -0.000572 0.144388 2.214656 -1.303311 -0.394255 0.391585 0.024605
-0.388151 -0.283246 0.473602 2.170405 -1.037423 -0.328641 0.853170 -0.407225 -0.415236 -0.000572 0.144388 2.214656 -1.303311 -0.394255 0.391585 0.024605
-0.388151 -0.283246 0.473602 2.170405 -1.037423 -0.328641 0.853170 -0.407225 -0.415236 -0.000572 0.144388 2.214656 -1.303693 -0.394255 0.391585 0.024605
-0.388151 -0.283246 0.473602 2.170405 -1.037423 -0.328641 0.853170 -0.407225 -0.415236 -0.000572 0.144388 2.214656 -1.303311 -0.394255 0.391585 0.024605
-0.388151 -0.283246 0.473602 2.170405 -1.037423 -0.328641 0.853170 -0.407225 -0.415236 -0.000572 0.144388 2.214656 -1.303311 -0.394255 0.391585 0.024605
-0.388151 -0.283246 0.473602 2.170405 -1.037423 -0.328641 0.853170 -0.407225 -0.415236 -0.000572 0.144388 2.214656 -1.303311 -0.394255 0.391585 0.024605
-0.387770 -0.283246 0.473602 2.170405 -1.037423 -0.328641 0.853170 -0.407225 -0.415236 -0.000572 0.144388 2.214656 -1.303311 -0.394255 0.391585 0.024605
-0.388151 -0.283246 0.473602 2.170405 -1.037423 -0.328641 0.853170 -0.407225 -0.415236 -0.000572 0.144388 2.214656 -1.303311 -0.394255 0.391585 0.024605
-0.388151 -0.283246 0.473602 2.170405 -1.037423 -0.328641 0.853170 -0.407225 -0.415236 -0.000572 0.144388 2.214656 -1.303693 -0.394255 0.391585 0.024605
-0.388151 -0.283246 0.473602 2.170405 -1.037423 -0.328641 0.853170 -0.407225 -0.415236 -0.000572 0.144388 2.214656 -1.303311 -0.394255 0.391585 0.024605
-0.388151 -0.282864 0.473602 2.170405 -1.037423 -0.328641 0.853170 -0.407225 -0.415236 -0.000572 0.144388 2.214656 -1.303311 -0.394636 0.391585 0.024605
-0.388151 -0.283246 0.473602 2.170405 -1.037423 -0.328641 0.853170 -0.407225 -0.415236 -0.000572 0.144388 2.214656 -1.303693 -0.394255 0.391585 0.024605
-0.388151 -0.283246 0.473602 2.170405 -1.037423 -0.328641 0.853170 -0.407225 -0.415236 -0.000572 0.144388 2.214656 -1.303693 -0.394255 0.391585 0.024605
-0.388151 -0.282864 0.473602 2.170405 -1.037423 -0.328641 0.853170 -0.407225 -0.415236 -0.000572 0.144388 2.214656 -1.303693 -0.394255 0.391585 0.024605
-0.388151 -0.282864 0.473602 2.170405 -1.037423 -0.328641 0.853170 -0.407225 -0.415236 -0.000572 0.144388 2.214656 -1.303693 -0.394255 0.391585 0.024605
-0.388151 -0.282864 0.473602 2.170405 -1.037423 -0.328641 0.853170 -0.407225 -0.415236 -0.000572 0.144388 2.214656 -1.303693 -0.394255 0.391585 0.024605
-0.388151 -0.282864 0.473983 2.170405 -1.037423 -0.328641 0.853170 -0.407225 -0.415236 -0.000572 0.144388 2.214656 -1.303693 -0.394255 0.391585 0.024605
-0.388151 -0.282864 0.473983 2.170405 -1.037423 -0.328641 0.853170 -0.407225 -0.415236 -0.000572 0.144388 2.214656 -1.303311 -0.394255 0.391585 0.024605
-0.388151 -0.282864 0.473983 2.170405 -1.037423 -0.328641 0.853170 -0.407225 -0.415236 -0.000572 0.144388 2.214656 -1.303693 -0.394255 0.391585 0.024605
-0.388151 -0.282864 0.473983 2.170405 -1.037423 -0.328641 0.853170 -0.407225 -0.415236 -0.000572 0.144388 2.214656 -1.303693 -0.394255 0.391585 0.024605
-0.388151 -0.282864 0.474746 2.170405 -1.037423 -0.328641 0.853170 -0.407225 -0.415236 -0.000572 0.144388 2.214656 -1.303693 -0.394255 0.391585 0.024605
-0.388151 -0.282864 0.474746 2.170405 -1.037423 -0.328641 0.853170 -0.407225 -0.415236 -0.000572 0.144388 2.214656 -1.303311 -0.394255 0.391585 0.024605
-0.388151 -0.282864 0.474746 2.170405 -1.037423 -0.328641 0.853170 -0.407225 -0.415236 -0.000572 0.144388 2.214656 -1.303311 -0.394255 0.391585 0.024605
-0.388151 -0.282864 0.474746 2.170405 -1.037423 -0.328641 0.853170 -0.407225 -0.415236 -0.000572 0.144388 2.214656 -1.303693 -0.394255 0.391585 0.024605
-0.388151 -0.282864 0.474746 2.170405 -1.037423 -0.328641 0.853170 -0.407225 -0.415236 -0.000572 0.144388 2.214656 -1.303693 -0.394255 0.391585 0.024605
-0.388151 -0.282864 0.474746 2.170405 -1.037423 -0.328641 0.853170 -0.407225 -0.415236 -0.000572 0.144388 2.214656 -1.303311 -0.394255 0.391585 0.024605
-0.387770 -0.282864 0.474746 2.170405 -1.037423 -0.328641 0.853170 -0.407225 -0.415236 -0.000572 0.144388 2.214656 -1.303311 -0.394255 0.391585 0.024605
-0.387770 -0.282864 0.475128 2.170405 -1.037423 -0.328641 0.853170 -0.407225 -0.415236 -0.000572 0.144388 2.214656 -1.303693 -0.394255 0.391585 0.024605
-0.387770 -0.282864 0.475128 2.170405 -1.037423 -0.328641 0.853170 -0.407225 -0.415236 -0.000572 0.144388 2.214656 -1.303693 -0.394255 0.391585 0.024605
-0.388151 -0.282864 0.475509 2.170405 -1.037423 -0.328641 0.853170 -0.407225 -0.415236 -0.000572 0.144388 2.214656 -1.303693 -0.394255 0.391585 0.024605
-0.388151 -0.282864 0.475891 2.170405 -1.037423 -0.328641 0.853170 -0.407225 -0.415236 -0.000572 0.144388 2.214656 -1.303693 -0.394255 0.391585 0.024987
-0.388151 -0.282864 0.476272 2.170405 -1.037423 -0.328641 0.853170 -0.407225 -0.415236 -0.000572 0.144388 2.214656 -1.303311 -0.394255 0.391585 0.024605
-0.387770 -0.282864 0.477035 2.170405 -1.037423 -0.328641 0.853170 -0.407225 -0.415236 -0.000572 0.144388 2.214656 -1.303311 -0.394255 0.391585 0.024605
-0.388151 -0.282864 0.477417 2.170405 -1.037423 -0.328641 0.853170 -0.407225 -0.415236 -0.000572 0.144388 2.214656 -1.303693 -0.394255 0.391585 0.024605
-0.388151 -0.283246 0.478180 2.170405 -1.037041 -0.328641 0.853170 -0.407225 -0.415236 -0.000572 0.144388 2.214656 -1.303693 -0.394255 0.391585 0.024605
-0.387770 -0.282864 0.478943 2.170405 -1.037041 -0.328641 0.853170 -0.407225 -0.415236 -0.000572 0.144388 2.214656 -1.303693 -0.394255 0.391585 0.024605
-0.387770 -0.283246 0.479324 2.170405 -1.037041 -0.328641 0.853170 -0.407225 -0.415236 -0.000572 0.144388 2.214656 -1.303693 -0.394255 0.391585 0.024605
-0.387770 -0.282864 0.479706 2.170405 -1.037041 -0.328641 0.853170 -0.407225 -0.415236 -0.000572 0.144388 2.214656 -1.303311 -0.394255 0.391585 0.024605
-0.387770 -0.282864 0.480468 2.170405 -1.037041 -0.328641 0.853170 -0.407225 -0.415236 -0.000572 0.144388 2.214656 -1.303693 -0.394255 0.391585 0.024605
-0.387770 -0.282864 0.481231 2.170405 -1.037041 -0.328641 0.853170 -0.407225 -0.415236 -0.000572 0.144388 2.214656 -1.303311 -0.394255 0.391585 0.024605
-0.387770 -0.282864 0.481613 2.170405 -1.036660 -0.328641 0.853170 -0.407225 -0.415236 -0.000572 0.144388 2.214656 -1.303693 -0.394255 0.391585 0.024605
-0.387770 -0.282864 0.482376 2.170405 -1.036278 -0.328641 0.853170 -0.407225 -0.415236 -0.000572 0.144388 2.214656 -1.303693 -0.394255 0.391585 0.024605
-0.388151 -0.282864 0.482376 2.170405 -1.036278 -0.328641 0.853552 -0.407225 -0.415236 -0.000572 0.144388 2.214656 -1.303693 -0.394255 0.391585 0.024605
-0.388151 -0.282864 0.482376 2.170405 -1.036660 -0.328641 0.853552 -0.407225 -0.415236 -0.000572 0.144388 2.214656 -1.303693 -0.394255 0.391585 0.024605
-0.387770 -0.282864 0.482757 2.170405 -1.036660 -0.328641 0.853552 -0.407225 -0.415236 -0.000572 0.144388 2.214656 -1.303311 -0.394255 0.391585 0.024605
-0.387770 -0.282864 0.483139 2.170405 -1.036660 -0.328641 0.853170 -0.407225 -0.415236 -0.000572 0.144388 2.214656 -1.303693 -0.394255 0.391585 0.024605
-0.387770 -0.282864 0.483520 2.170405 -1.036660 -0.328641 0.853552 -0.407225 -0.415236 -0.000572 0.144388 2.214656 -1.303311 -0.394255 0.391585 0.024605
-0.387770 -0.282864 0.483902 2.170405 -1.036278 -0.328641 0.853170 -0.407225 -0.415236 -0.000572 0.144388 2.214656 -1.303311 -0.394255 0.391585 0.024987
-0.388151 -0.282864 0.484283 2.170405 -1.036278 -0.328641 0.853552 -0.407225 -0.415236 -0.000572 0.144388 2.214656 -1.303693 -0.394255 0.391585 0.024605
-0.387770 -0.282864 0.484283 2.170405 -1.035897 -0.328641 0.853170 -0.407225 -0.415236 -0.000572 0.144388 2.214656 -1.303693 -0.394255 0.391585 0.024605
-0.388151 -0.282864 0.484665 2.170405 -1.035515 -0.328641 0.853170 -0.407225 -0.415236 -0.000572 0.144388 2.214656 -1.303311 -0.394255 0.391585 0.024605
-0.387770 -0.282864 0.484665 2.170405 -1.035134 -0.328641 0.853170 -0.407225 -0.415236 -0.000572 0.144388 2.214656 -1.303311 -0.394255 0.391585 0.024605
-0.387770 -0.282864 0.484665 2.170405 -1.034752 -0.328641 0.853170 -0.407225 -0.415236 -0.000572 0.144388 2.214656 -1.303693 -0.394255 0.391585 0.024605
-0.387770 -0.282864 0.484665 2.170405 -1.034752 -0.328641 0.853170 -0.407225 -0.415236 -0.000572 0.144388 2.214656 -1.303693 -0.394255 0.391585 0.024605
-0.387770 -0.282864 0.485046 2.170405 -1.034371 -0.328641 0.853170 -0.407225 -0.415236 -0.000572 0.144388 2.214656 -1.303693 -0.394255 0.391585 0.024605
-0.387770 -0.282864 0.485046 2.170405 -1.034371 -0.328641 0.853170 -0.407225 -0.415236 -0.000572 0.144388 2.214656 -1.303693 -0.394255 0.391585 0.024605
-0.387770 -0.282864 0.485046 2.170405 -1.033989 -0.328641 0.853552 -0.407225 -0.415236 -0.000572 0.144388 2.214656 -1.303693 -0.394255 0.391585 0.024605
-0.388151 -0.282864 0.485046 2.170405 -1.033989 -0.328641 0.853170 -0.407225 -0.415236 -0.000572 0.144388 2.214656 -1.303693 -0.394255 0.391585 0.024605
-0.388151 -0.282864 0.485428 2.170405 -1.033989 -0.328641 0.853552 -0.407225 -0.415236 -0.000572 0.144388 2.214656 -1.303311 -0.394255 0.391585 0.024605
-0.388151 -0.282864 0.485809 2.170405 -1.033608 -0.328641 0.853552 -0.407225 -0.415236 -0.000572 0.144388 2.214656 -1.303693 -0.394255 0.391585 0.024605
-0.387770 -0.282864 0.486191 2.170405 -1.033608 -0.328641 0.853170 -0.407225 -0.415236 -0.000572 0.144388 2.214656 -1.303693 -0.394255 0.391585 0.024605
-0.388151 -0.282864 0.486191 2.170405 -1.033608 -0.328641 0.853170 -0.407225 -0.415236 -0.000572 0.144388 2.214656 -1.303311 -0.394255 0.391585 0.024605
-0.387770 -0.282864 0.486191 2.170405 -1.033608 -0.328641 0.853170 -0.407225 -0.415236 -0.000572 0.144388 2.214656 -1.303311 -0.394255 0.391585 0.024605
-0.388151 -0.282864 0.486191 2.170405 -1.033608 -0.328641 0.853552 -0.407225 -0.415236 -0.000572 0.144388 2.214656 -1.303693 -0.394255 0.391585 0.024605
-0.388151 -0.282864 0.486191 2.170405 -1.033608 -0.328641 0.853552 -0.407225 -0.415236 -0.000572 0.144388 2.214656 -1.303311 -0.394255 0.391585 0.024605
-0.388151 -0.282864 0.486191 2.170405 -1.033608 -0.328641 0.853552 -0.407225 -0.415236 -0.000572 0.144388 2.214656 -1.303693 -0.394255 0.391585 0.024605
-0.388151 -0.282864 0.486191 2.170405 -1.033608 -0.328641 0.853552 -0.407225 -0.415236 -0.000572 0.144388 2.214656 -1.303693 -0.394255 0.391585 0.024605
-0.388151 -0.282864 0.486191 2.170405 -1.033608 -0.328641 0.853552 -0.407225 -0.415236 -0.000572 0.144388 2.214656 -1.303693 -0.394255 0.391585 0.024605
-0.388151 -0.282864 0.486191 2.170405 -1.033608 -0.328641 0.853552 -0.407225 -0.415236 -0.000572 0.144388 2.214656 -1.303693 -0.394255 0.391585 0.024605
-0.388151 -0.282864 0.486191 2.170405 -1.033608 -0.328641 0.853552 -0.407225 -0.415236 -0.000572 0.144388 2.214656 -1.303693 -0.394255 0.391585 0.024987
-0.388151 -0.282864 0.486191 2.170405 -1.033608 -0.328641 0.853552 -0.407225 -0.415236 -0.000572 0.144388 2.214656 -1.303311 -0.394255 0.391585 0.024605
-0.388151 -0.282864 0.486191 2.170405 -1.033608 -0.328641 0.853170 -0.407225 -0.415236 -0.000572 0.144388 2.214656 -1.303311 -0.394255 0.391585 0.024605
-0.388151 -0.282864 0.486191 2.170405 -1.033608 -0.328641 0.853552 -0.406844 -0.415236 -0.000572 0.144388 2.214656 -1.303311 -0.394255 0.391585 0.024605
-0.387770 -0.282864 0.486191 2.170405 -1.033608 -0.328641 0.853170 -0.406844 -0.415236 -0.000572 0.144388 2.214656 -1.303311 -0.394255 0.391585 0.024605
-0.388151 -0.282864 0.486191 2.170405 -1.033608 -0.328641 0.853552 -0.406844 -0.415236 -0.000572 0.144388 2.214656 -1.303693 -0.394255 0.391585 0.024605
-0.388151 -0.282864 0.486191 2.170405 -1.033608 -0.328641 0.853552 -0.406844 -0.415236 -0.000572 0.144388 2.214656 -1.303693 -0.394255 0.391585 0.024605
-0.387770 -0.282864 0.486191 2.170405 -1.033608 -0.328641 0.853552 -0.406844 -0.415236 -0.000572 0.144388 2.214656 -1.303693 -0.394255 0.391585 0.024605
-0.387770 -0.282864 0.486191 2.170405 -1.033608 -0.328641 0.853552 -0.406844 -0.415236 -0.000572 0.144388 2.214656 -1.303693 -0.394255 0.391585 0.024605
-0.388151 -0.282864 0.486191 2.170405 -1.033608 -0.328641 0.853170 -0.406844 -0.415236 -0.000572 0.144388 2.214656 -1.303693 -0.394255 0.391585 0.024605
-0.388151 -0.282864 0.486191 2.170405 -1.033608 -0.328641 0.853170 -0.406462 -0.415236 -0.000572 0.144388 2.214656 -1.303311 -0.394255 0.391585 0.024605
-0.388151 -0.282864 0.486191 2.170405 -1.033608 -0.328641 0.853170 -0.406462 -0.415236 -0.000572 0.144388 2.214656 -1.303693 -0.394255 0.391585 0.024987
-0.388151 -0.282864 0.486191 2.170405 -1.033608 -0.328641 0.853170 -0.406081 -0.415236 -0.000572 0.144388 2.214656 -1.303693 -0.394255 0.391585 0.024605
-0.388151 -0.282864 0.486191 2.170405 -1.033608 -0.328641 0.853170 -0.404936 -0.415236 -0.000572 0.144388 2.214656 -1.303311 -0.394255 0.391585 0.024605
-0.388151 -0.282864 0.486191 2.170405 -1.033608 -0.328641 0.853170 -0.403410 -0.415236 -0.000572 0.144388 2.214656 -1.303693 -0.394255 0.391585 0.024605
-0.388151 -0.282864 0.486191 2.170405 -1.033608 -0.328641 0.853170 -0.403029 -0.415236 -0.000572 0.144388 2.214656 -1.303693 -0.394255 0.391585 0.024605
-0.388151 -0.282864 0.486191 2.170405 -1.033989 -0.328641 0.853170 -0.403410 -0.415236 -0.000572 0.144388 2.214656 -1.303311 -0.394255 0.391585 0.024605
-0.388151 -0.282864 0.486191 2.170405 -1.033608 -0.328641 0.853170 -0.403029 -0.415236 -0.000572 0.144388 2.214656 -1.303693 -0.394255 0.391585 0.024605
-0.387770 -0.282864 0.486191 2.170405 -1.033608 -0.328260 0.853170 -0.403410 -0.415236 -0.000572 0.144388 2.214656 -1.303693 -0.394255 0.391585 0.024605
-0.387770 -0.282864 0.486191 2.170405 -1.033608 -0.328260 0.853170 -0.403029 -0.415236 -0.000572 0.144388 2.214656 -1.303693 -0.394255 0.391585 0.024605
-0.388151 -0.282864 0.486191 2.170405 -1.033608 -0.328260 0.853552 -0.403029 -0.415236 -0.000572 0.144388 2.214656 -1.303311 -0.394255 0.391585 0.024605
-0.388151 -0.282864 0.486191 2.170405 -1.033608 -0.328260 0.853552 -0.403029 -0.415236 -0.000572 0.144388 2.214656 -1.303693 -0.394255 0.391585 0.024605
-0.387770 -0.282864 0.486191 2.170405 -1.033608 -0.328260 0.853552 -0.403029 -0.415236 -0.000572 0.144388 2.214656 -1.303693 -0.394255 0.391585 0.024605
-0.387770 -0.282864 0.486191 2.170405 -1.033608 -0.328260 0.853552 -0.402647 -0.415236 -0.000572 0.144388 2.214656 -1.303693 -0.394255 0.391585 0.024605
-0.387770 -0.282864 0.486191 2.170405 -1.033227 -0.328260 0.853552 -0.401884 -0.415236 -0.000572 0.144388 2.214656 -1.303693 -0.394255 0.391585 0.024605
-0.387770 -0.283246 0.486191 2.170405 -1.033608 -0.328260 0.853552 -0.399214 -0.415236 -0.000572 0.144388 2.214656 -1.303693 -0.394255 0.391585 0.024605
-0.387770 -0.283246 0.486191 2.170405 -1.033227 -0.328260 0.853552 -0.395018 -0.415236 -0.000572 0.144388 2.214656 -1.303693 -0.394255 0.391585 0.024605
-0.387770 -0.282864 0.486191 2.170405 -1.033608 -0.328260 0.853552 -0.389296 -0.415236 -0.000572 0.144388 2.214656 -1.303693 -0.394255 0.391585 0.024605
-0.387770 -0.282864 0.486191 2.170405 -1.033608 -0.328260 0.853552 -0.380903 -0.415236 -0.000572 0.144388 2.214656 -1.303693 -0.394255 0.391585 0.024605
-0.387770 -0.282864 0.486191 2.170405 -1.033608 -0.328260 0.853552 -0.374418 -0.415236 -0.000572 0.144388 2.214656 -1.303693 -0.394255 0.391585 0.024605
-0.387770 -0.282864 0.486191 2.170405 -1.033608 -0.328260 0.853552 -0.368696 -0.415236 -0.000572 0.144388 2.214656 -1.303311 -0.394255 0.391585 0.024605
-0.387770 -0.282864 0.486191 2.170405 -1.033608 -0.328260 0.853552 -0.361448 -0.415236 -0.000572 0.144388 2.214656 -1.303693 -0.394255 0.391585 0.024605
-0.388151 -0.282864 0.486191 2.170405 -1.033608 -0.328260 0.853552 -0.355344 -0.415236 -0.000572 0.144388 2.214656 -1.303693 -0.394255 0.391585 0.024605
-0.387770 -0.282864 0.486191 2.170405 -1.033608 -0.328260 0.853552 -0.350385 -0.415236 -0.000572 0.144388 2.214656 -1.303693 -0.394255 0.391585 0.024987
-0.387770 -0.282864 0.486191 2.170405 -1.033608 -0.328260 0.853552 -0.348478 -0.415236 -0.000572 0.144388 2.214656 -1.303693 -0.394255 0.391585 0.024605
-0.388151 -0.282864 0.486191 2.170405 -1.033608 -0.328260 0.853552 -0.346571 -0.415236 -0.000572 0.144388 2.214656 -1.303693 -0.394255 0.391585 0.024605
-0.387770 -0.283246 0.486191 2.170405 -1.033608 -0.328260 0.853552 -0.346571 -0.415236 -0.000572 0.144388 2.214656 -1.303693 -0.394255 0.391585 0.024605
-0.387770 -0.282864 0.486191 2.170405 -1.033989 -0.328260 0.853170 -0.346952 -0.415236 -0.000572 0.144388 2.214656 -1.303693 -0.394255 0.391585 0.024605
-0.387770 -0.282864 0.486191 2.170405 -1.033989 -0.328260 0.853170 -0.346952 -0.415236 -0.000572 0.144388 2.214656 -1.303693 -0.394255 0.391585 0.024605
-0.387770 -0.282864 0.486191 2.170405 -1.033608 -0.328260 0.853170 -0.346952 -0.415236 -0.000572 0.144388 2.214656 -1.303693 -0.394255 0.391585 0.024605
-0.387770 -0.282864 0.486191 2.170405 -1.033989 -0.328260 0.853170 -0.346952 -0.415236 -0.000572 0.144388 2.214656 -1.303693 -0.394255 0.391585 0.024605
-0.387770 -0.282864 0.486191 2.170405 -1.033989 -0.328260 0.853170 -0.346952 -0.415236 -0.000572 0.144388 2.214656 -1.303693 -0.394255 0.391585 0.024605
-0.388151 -0.282864 0.486191 2.170405 -1.033989 -0.328260 0.853170 -0.346952 -0.415236 -0.000572 0.144388 2.214656 -1.303693 -0.394255 0.391585 0.024987
-0.387770 -0.282864 0.486191 2.170405 -1.033989 -0.328260 0.853170 -0.347333 -0.415236 -0.000572 0.144388 2.214656 -1.303693 -0.394255 0.391585 0.024605
-0.387770 -0.282864 0.486191 2.170405 -1.033608 -0.328260 0.853170 -0.347333 -0.415236 -0.000572 0.144388 2.214656 -1.303693 -0.394255 0.391585 0.024605
-0.387770 -0.282864 0.486191 2.170405 -1.033989 -0.328260 0.853170 -0.347333 -0.415236 -0.000572 0.144388 2.214656 -1.303693 -0.394636 0.391585 0.024605
-0.387770 -0.283246 0.486191 2.170405 -1.033608 -0.328260 0.853170 -0.347333 -0.415236 -0.000572 0.144388 2.214656 -1.303693 -0.394255 0.391585 0.024605
-0.387770 -0.282864 0.486191 2.170405 -1.033608 -0.328260 0.853552 -0.347333 -0.415236 -0.000572 0.144388 2.214656 -1.303311 -0.394255 0.391585 0.024605
-0.387770 -0.282864 0.486191 2.170405 -1.033989 -0.328260 0.853170 -0.347715 -0.415236 -0.000572 0.144388 2.214656 -1.303693 -0.394255 0.391585 0.024605
-0.387770 -0.282864 0.486191 2.170405 -1.033989 -0.328260 0.853170 -0.347333 -0.415236 -0.000572 0.144388 2.214656 -1.303693 -0.394255 0.391585 0.024605
-0.387770 -0.282864 0.486191 2.170405 -1.033989 -0.328260 0.853170 -0.347333 -0.415236 -0.000572 0.144388 2.214656 -1.303311 -0.394255 0.391585 0.024605
-0.387770 -0.282864 0.486191 2.170405 -1.033608 -0.328260 0.853170 -0.347333 -0.415236 -0.000572 0.144388 2.214656 -1.303693 -0.394255 0.391585 0.024605
-0.387770 -0.282864 0.486191 2.170405 -1.033989 -0.328260 0.853170 -0.347715 -0.415236 -0.000572 0.144388 2.214656 -1.303311 -0.394255 0.391585 0.024605
-0.387770 -0.282864 0.486191 2.170405 -1.033989 -0.328260 0.853170 -0.347715 -0.415236 -0.000572 0.144388 2.214656 -1.303311 -0.394255 0.391585 0.024605
-0.387770 -0.282864 0.486191 2.170405 -1.033989 -0.328260 0.853170 -0.347715 -0.415236 -0.000572 0.144388 2.214656 -1.303693 -0.394255 0.391585 0.024605
-0.387770 -0.282864 0.486191 2.170405 -1.033989 -0.328260 0.853170 -0.347715 -0.415236 -0.000572 0.144388 2.214656 -1.303311 -0.394255 0.391585 0.024605
-0.387770 -0.282864 0.486191 2.170405 -1.033989 -0.328260 0.852789 -0.347715 -0.415236 -0.000572 0.144388 2.214656 -1.303311 -0.394255 0.391585 0.024605
-0.387770 -0.282864 0.486191 2.170405 -1.033989 -0.328260 0.852789 -0.347715 -0.415236 -0.000572 0.144388 2.214656 -1.303693 -0.394255 0.391585 0.024605
-0.387770 -0.282864 0.486191 2.170405 -1.033989 -0.327878 0.852789 -0.348096 -0.415236 -0.000572 0.144388 2.214656 -1.303693 -0.394255 0.391585 0.024605
-0.388151 -0.282864 0.486191 2.170405 -1.033608 -0.327878 0.852789 -0.348096 -0.415236 -0.000572 0.144388 2.214656 -1.303693 -0.394255 0.391585 0.024605
-0.387770 -0.282864 0.486191 2.170405 -1.033989 -0.327878 0.852789 -0.348096 -0.415236 -0.000572 0.144388 2.214656 -1.303311 -0.394255 0.391585 0.024605
-0.387770 -0.282864 0.486191 2.170405 -1.033989 -0.327878 0.852789 -0.348478 -0.415236 -0.000572 0.144388 2.214656 -1.303693 -0.394255 0.391585 0.024605
-0.387770 -0.282864 0.486191 2.170405 -1.033989 -0.327878 0.853170 -0.348478 -0.415236 -0.000572 0.144388 2.214656 -1.303693 -0.394255 0.391585 0.024605
-0.387770 -0.282864 0.486191 2.170405 -1.033989 -0.327878 0.852789 -0.348478 -0.415236 -0.000572 0.144388 2.214656 -1.303693 -0.394255 0.391585 0.024605
-0.387770 -0.282864 0.486191 2.170405 -1.033989 -0.327878 0.853170 -0.348478 -0.415236 -0.000572 0.144388 2.214656 -1.303693 -0.394255 0.391585 0.024605
-0.387770 -0.282864 0.486191 2.170405 -1.033989 -0.327878 0.853170 -0.348478 -0.415236 -0.000572 0.144388 2.214656 -1.303311 -0.394255 0.391585 0.024605
-0.387770 -0.282864 0.486191 2.170405 -1.033989 -0.327878 0.853170 -0.348478 -0.415236 -0.000572 0.144388 2.214656 -1.303693 -0.394255 0.391585 0.024605
-0.387770 -0.282864 0.486191 2.170405 -1.033989 -0.327878 0.853170 -0.348478 -0.415236 -0.000572 0.144388 2.214656 -1.303311 -0.394255 0.391585 0.024987
-0.387770 -0.282864 0.486191 2.170405 -1.033989 -0.327878 0.853170 -0.348478 -0.415236 -0.000572 0.144388 2.214656 -1.303693 -0.394255 0.391585 0.024605
-0.387770 -0.282864 0.486191 2.170405 -1.033989 -0.327878 0.853170 -0.348478 -0.415236 -0.000572 0.144388 2.214656 -1.303693 -0.394255 0.391585 0.024605
-0.387770 -0.282864 0.486191 2.170405 -1.033989 -0.327878 0.853170 -0.348478 -0.415236 -0.000572 0.144388 2.214656 -1.303311 -0.394255 0.391585 0.024605
-0.387770 -0.282864 0.486191 2.170405 -1.033989 -0.327878 0.853170 -0.348478 -0.415236 -0.000572 0.144388 2.214656 -1.303311 -0.394255 0.391585 0.024987
-0.387770 -0.282864 0.486191 2.170405 -1.033989 -0.327878 0.853170 -0.348096 -0.415236 -0.000572 0.144388 2.214656 -1.303693 -0.394255 0.391585 0.024605
-0.387770 -0.282864 0.486191 2.170405 -1.033989 -0.328260 0.853170 -0.348096 -0.415236 -0.000572 0.144388 2.214656 -1.303693 -0.394255 0.391585 0.024605
-0.387770 -0.282864 0.486191 2.170405 -1.034371 -0.328260 0.853170 -0.348096 -0.415236 -0.000572 0.144388 2.214656 -1.303311 -0.394255 0.391585 0.024987
-0.387770 -0.282864 0.486191 2.170405 -1.034371 -0.327878 0.853170 -0.348478 -0.415236 -0.000572 0.144388 2.214656 -1.303693 -0.394255 0.391585 0.024605
-0.387770 -0.282864 0.486191 2.170405 -1.034371 -0.328260 0.853552 -0.348478 -0.415236 -0.000572 0.144388 2.214656 -1.303693 -0.394255 0.391585 0.024605
-0.387770 -0.282864 0.486191 2.170405 -1.034371 -0.328260 0.853170 -0.348096 -0.415236 -0.000572 0.144388 2.214656 -1.303693 -0.394255 0.391585 0.024605
-0.387770 -0.282864 0.486191 2.170405 -1.034752 -0.328260 0.853170 -0.348096 -0.415236 -0.000572 0.144388 2.214656 -1.303311 -0.394255 0.391585 0.024605
-0.387770 -0.282864 0.486191 2.170405 -1.034752 -0.328260 0.853170 -0.348478 -0.415236 -0.000572 0.144388 2.214656 -1.303693 -0.394255 0.391585 0.024605
-0.387770 -0.282864 0.486191 2.170405 -1.035134 -0.328260 0.853170 -0.348096 -0.415236 -0.000572 0.144388 2.214656 -1.303693 -0.394255 0.391585 0.024605
-0.387770 -0.282864 0.486191 2.170405 -1.035515 -0.328260 0.853170 -0.348096 -0.415236 -0.000572 0.144388 2.214656 -1.303693 -0.394255 0.391585 0.024605
-0.387770 -0.282864 0.486191 2.170405 -1.035897 -0.328260 0.853170 -0.348096 -0.415236 -0.000572 0.144388 2.214656 -1.303693 -0.394255 0.391585 0.024605
-0.387770 -0.282864 0.486572 2.170405 -1.036660 -0.328260 0.853170 -0.348096 -0.415236 -0.000572 0.144388 2.214656 -1.303311 -0.394255 0.391585 0.024605
-0.387770 -0.282864 0.486954 2.170405 -1.037041 -0.328260 0.853170 -0.348096 -0.415236 -0.000572 0.144388 2.214656 -1.303693 -0.394255 0.391585 0.024605
-0.388151 -0.282864 0.487335 2.170405 -1.037041 -0.328260 0.853170 -0.348096 -0.415236 -0.000572 0.144388 2.214656 -1.303693 -0.394255 0.391585 0.024605
-0.388151 -0.282864 0.487716 2.170405 -1.037041 -0.328260 0.853170 -0.348096 -0.415236 -0.000572 0.144388 2.214656 -1.303311 -0.394255 0.391585 0.024605
-0.388151 -0.282864 0.488479 2.170405 -1.037041 -0.328260 0.853170 -0.348096 -0.415236 -0.000572 0.144388 2.214656 -1.303693 -0.394255 0.391585 0.024605
-0.388151 -0.282864 0.488861 2.170405 -1.037041 -0.328260 0.853170 -0.348096 -0.415236 -0.000572 0.144388 2.214656 -1.303311 -0.394255 0.391585 0.024605
-0.387770 -0.282864 0.489242 2.170405 -1.037041 -0.328260 0.853170 -0.348096 -0.415236 -0.000572 0.144388 2.214656 -1.303693 -0.394255 0.391585 0.024605
-0.387770 -0.282864 0.490387 2.170405 -1.037041 -0.328260 0.853170 -0.348096 -0.415236 -0.000572 0.144388 2.214656 -1.303693 -0.394255 0.391585 0.024605
-0.388151 -0.282864 0.491150 2.170405 -1.036660 -0.328260 0.853170 -0.348096 -0.415236 -0.000572 0.144388 2.214656 -1.303693 -0.394255 0.391585 0.024605
-0.388151 -0.282864 0.492294 2.170405 -1.036278 -0.328260 0.853170 -0.348096 -0.415236 -0.000572 0.144388 2.214656 -1.303693 -0.394255 0.391585 0.024605
-0.387770 -0.282864 0.493057 2.170405 -1.035897 -0.328260 0.853170 -0.348096 -0.415236 -0.000572 0.144388 2.214656 -1.303693 -0.394255 0.391585 0.024605
-0.387770 -0.282864 0.493820 2.170405 -1.035134 -0.327878 0.853170 -0.348096 -0.415236 -0.000572 0.144388 2.214656 -1.303693 -0.394255 0.391585 0.024605
-0.387770 -0.282864 0.494583 2.170405 -1.034371 -0.328260 0.853170 -0.348096 -0.415236 -0.000572 0.144388 2.214656 -1.303311 -0.394255 0.391585 0.024605
-0.387770 -0.282864 0.495346 2.170405 -1.033989 -0.328260 0.853170 -0.348096 -0.415236 -0.000572 0.144388 2.214656 -1.303693 -0.394255 0.391585 0.024605
-0.387770 -0.282864 0.496109 2.170405 -1.033989 -0.328260 0.853170 -0.348096 -0.415236 -0.000572 0.144388 2.214656 -1.303693 -0.394255 0.391585 0.024605
-0.387770 -0.282864 0.496872 2.170405 -1.033989 -0.328260 0.853170 -0.348096 -0.415236 -0.000572 0.144388 2.214656 -1.303693 -0.394255 0.391585 0.024605
-0.387770 -0.282864 0.497635 2.170405 -1.033989 -0.328260 0.853170 -0.348096 -0.415236 -0.000572 0.144388 2.214656 -1.303693 -0.394255 0.391585 0.024605
-0.388151 -0.282864 0.498016 2.170405 -1.033989 -0.328260 0.853170 -0.348096 -0.415236 -0.000572 0.144388 2.214656 -1.303693 -0.394255 0.391585 0.024605
-0.387770 -0.282864 0.498016 2.170405 -1.033608 -0.327878 0.853170 -0.348096 -0.415236 -0.000572 0.144388 2.214656 -1.303311 -0.394255 0.391585 0.024605
-0.387770 -0.282864 0.498016 2.170405 -1.033989 -0.328260 0.853170 -0.348096 -0.415236 -0.000572 0.144388 2.214656 -1.303693 -0.394255 0.391585 0.024605
-0.387770 -0.282864 0.498016 2.170405 -1.033989 -0.328260 0.853170 -0.348096 -0.415236 -0.000572 0.144388 2.214656 -1.303311 -0.394255 0.391585 0.024605
-0.387770 -0.282864 0.498016 2.170405 -1.033989 -0.328260 0.853170 -0.348096 -0.415236 -0.000572 0.144388 2.214656 -1.303311 -0.394255 0.391585 0.024987
-0.387770 -0.282864 0.498016 2.170405 -1.033989 -0.327878 0.853170 -0.348096 -0.415236 -0.000572 0.144388 2.214656 -1.303693 -0.394255 0.391585 0.024605
-0.388151 -0.282864 0.498016 2.170405 -1.033989 -0.328260 0.853170 -0.348096 -0.415236 -0.000572 0.144388 2.214656 -1.303311 -0.394255 0.391585 0.024605
-0.388151 -0.282864 0.498016 2.170405 -1.033989 -0.328260 0.853170 -0.348096 -0.415236 -0.000572 0.144388 2.214656 -1.303693 -0.394255 0.391585 0.024605
-0.388151 -0.282864 0.498016 2.170405 -1.033989 -0.328260 0.852789 -0.348096 -0.415236 -0.000572 0.144388 2.214656 -1.303311 -0.394255 0.391585 0.024605
-0.388151 -0.282864 0.498016 2.170405 -1.033989 -0.328260 0.853170 -0.348096 -0.415236 -0.000572 0.144388 2.214656 -1.303311 -0.394255 0.391585 0.024605
-0.388151 -0.282864 0.498016 2.170405 -1.033989 -0.328260 0.852789 -0.348096 -0.415236 -0.000572 0.144388 2.214656 -1.303693 -0.394255 0.391585 0.024605
-0.388151 -0.282864 0.498016 2.170405 -1.033989 -0.328260 0.852789 -0.348096 -0.415236 -0.000572 0.144388 2.214656 -1.303693 -0.394255 0.391585 0.024605
-0.388151 -0.282864 0.498016 2.170405 -1.034371 -0.328260 0.852789 -0.348478 -0.415236 -0.000572 0.144388 2.214656 -1.303693 -0.394255 0.391585 0.024605
-0.387770 -0.282864 0.498016 2.170405 -1.033989 -0.328260 0.852789 -0.348096 -0.415236 -0.000572 0.144388 2.214656 -1.303311 -0.394255 0.391585 0.024605
-0.388151 -0.282864 0.498016 2.170405 -1.034371 -0.328260 0.852789 -0.348096 -0.415236 -0.000572 0.144388 2.214656 -1.303311 -0.394255 0.391585 0.024605
-0.387770 -0.282864 0.498016 2.170405 -1.034371 -0.328260 0.852789 -0.348096 -0.415236 -0.000572 0.144388 2.214656 -1.303311 -0.394255 0.391585 0.024605
-0.388151 -0.282483 0.498016 2.170405 -1.034371 -0.328260 0.852789 -0.348096 -0.415236 -0.000572 0.144388 2.214656 -1.303693 -0.394255 0.391585 0.024605
-0.388151 -0.282483 0.498016 2.170405 -1.034371 -0.328260 0.852407 -0.348096 -0.415236 -0.000572 0.144388 2.214656 -1.303693 -0.394255 0.391585 0.024605
-0.388151 -0.282483 0.498016 2.170405 -1.034371 -0.328260 0.852407 -0.348096 -0.415236 -0.000572 0.144388 2.214656 -1.303311 -0.394255 0.391585 0.024605
-0.388151 -0.282101 0.498016 2.170405 -1.033989 -0.328260 0.852026 -0.348096 -0.415236 -0.000572 0.144388 2.214656 -1.303693 -0.394255 0.391585 0.024605
-0.388151 -0.281338 0.498016 2.170405 -1.033989 -0.328260 0.852026 -0.348096 -0.415236 -0.000572 0.144388 2.214656 -1.303693 -0.394255 0.391585 0.024605
-0.388151 -0.280194 0.498016 2.170405 -1.033989 -0.328260 0.852407 -0.348096 -0.415236 -0.000572 0.144388 2.214656 -1.303693 -0.394255 0.391585 0.024605
-0.388151 -0.279431 0.498016 2.170405 -1.033608 -0.328260 0.852026 -0.348096 -0.415236 -0.000572 0.144388 2.214656 -1.303693 -0.394255 0.391585 0.024605
-0.388151 -0.277142 0.498016 2.170405 -1.033227 -0.327878 0.852026 -0.348478 -0.415236 -0.000572 0.144388 2.214656 -1.303693 -0.394255 0.391585 0.024605
-0.388151 -0.275998 0.498016 2.170405 -1.032845 -0.327878 0.852789 -0.348096 -0.415236 -0.000572 0.144388 2.214656 -1.303311 -0.394255 0.391585 0.024605
-0.388151 -0.274472 0.498016 2.170405 -1.031701 -0.327878 0.852789 -0.348478 -0.415236 -0.000572 0.144388 2.214656 -1.303311 -0.394255 0.391585 0.024605
-0.388151 -0.272564 0.498016 2.170405 -1.029793 -0.327878 0.852789 -0.348478 -0.415236 -0.000572 0.144388 2.214656 -1.303693 -0.394255 0.391585 0.024605
-0.388151 -0.270275 0.498016 2.170405 -1.026360 -0.327878 0.852789 -0.348478 -0.415236 -0.000572 0.144388 2.214656 -1.303311 -0.394255 0.391585 0.024987
-0.388151 -0.268368 0.498016 2.170405 -1.023690 -0.327878 0.853170 -0.348478 -0.415236 -0.000572 0.144388 2.214656 -1.303693 -0.394255 0.391585 0.024605
-0.387770 -0.266461 0.498016 2.170405 -1.021019 -0.327878 0.853170 -0.348478 -0.415236 -0.000572 0.144388 2.214656 -1.303693 -0.394255 0.391585 0.024605
-0.387770 -0.264935 0.498016 2.170405 -1.018730 -0.327497 0.853170 -0.348478 -0.415236 -0.000572 0.144388 2.214656 -1.303693 -0.394255 0.391585 0.024605
-0.387770 -0.261883 0.498016 2.170405 -1.017205 -0.327497 0.853170 -0.348478 -0.415236 -0.000572 0.144388 2.214656 -1.303693 -0.394255 0.391585 0.024605
-0.387770 -0.259213 0.498016 2.170405 -1.016442 -0.327497 0.853933 -0.348478 -0.415236 -0.000572 0.144388 2.214656 -1.303311 -0.394255 0.391585 0.024605
-0.387770 -0.256161 0.498016 2.170405 -1.015297 -0.327115 0.853552 -0.348478 -0.415236 -0.000572 0.144388 2.214656 -1.303693 -0.394255 0.391585 0.024605
-0.387770 -0.252728 0.498016 2.170405 -1.014153 -0.326734 0.853933 -0.348478 -0.415236 -0.000572 0.144388 2.214656 -1.303311 -0.394255 0.391585 0.024605
-0.387770 -0.250820 0.498016 2.170405 -1.013390 -0.325589 0.854696 -0.348478 -0.415236 -0.000572 0.144388 2.214656 -1.303311 -0.394255 0.391585 0.024605
-0.387770 -0.248531 0.498016 2.170405 -1.011864 -0.322919 0.855459 -0.348478 -0.415236 -0.000572 0.144388 2.214656 -1.303311 -0.394255 0.391585 0.024605
-0.387770 -0.246624 0.498016 2.170405 -1.010719 -0.319867 0.856985 -0.348096 -0.415236 -0.000572 0.144388 2.214656 -1.303311 -0.394255 0.391585 0.024605
-0.387770 -0.244717 0.498016 2.170405 -1.010719 -0.318723 0.860037 -0.348096 -0.415236 -0.000572 0.144388 2.214656 -1.303693 -0.394255 0.391585 0.024605
-0.388151 -0.240902 0.498016 2.170405 -1.010719 -0.316434 0.863088 -0.348096 -0.415236 -0.000572 0.144388 2.214656 -1.303693 -0.394255 0.391585 0.024605
-0.388151 -0.238613 0.498016 2.170405 -1.010338 -0.316052 0.865759 -0.348096 -0.415236 -0.000572 0.144388 2.214656 -1.303693 -0.394255 0.391585 0.024605
-0.387770 -0.237850 0.498016 2.170405 -1.009957 -0.314908 0.868048 -0.348478 -0.415236 -0.000572 0.144388 2.214656 -1.303311 -0.394255 0.391585 0.024605
-0.387770 -0.238231 0.498016 2.170405 -1.008431 -0.312619 0.869192 -0.348478 -0.415236 -0.000572 0.144388 2.214656 -1.303311 -0.394255 0.391585 0.024987
-0.387770 -0.237469 0.498016 2.170405 -1.006905 -0.312619 0.868811 -0.348096 -0.415236 -0.000572 0.144388 2.214656 -1.303693 -0.394255 0.391585 0.024605
-0.387770 -0.237087 0.498016 2.170405 -1.006905 -0.312619 0.869192 -0.348096 -0.415236 -0.000572 0.144388 2.214656 -1.303693 -0.394255 0.391585 0.024605
-0.387770 -0.235561 0.498016 2.170405 -1.007286 -0.313001 0.869574 -0.348478 -0.415236 -0.000572 0.144388 2.214656 -1.303693 -0.394255 0.391585 0.024605
-0.387770 -0.235180 0.498016 2.170405 -1.007286 -0.313001 0.870718 -0.348096 -0.415236 -0.000572 0.144388 2.214656 -1.303693 -0.394255 0.391585 0.024605
-0.387770 -0.235943 0.498016 2.170405 -1.006905 -0.313001 0.872625 -0.348096 -0.415236 -0.000572 0.144388 2.214656 -1.303693 -0.394255 0.391585 0.024605
-0.387770 -0.235943 0.498016 2.170405 -1.007286 -0.313001 0.875677 -0.348478 -0.415236 -0.000572 0.144388 2.214656 -1.303693 -0.394255 0.391585 0.024605
-0.387770 -0.235943 0.498016 2.170405 -1.007286 -0.312619 0.877966 -0.348096 -0.415236 -0.000572 0.144388 2.214656 -1.303311 -0.394255 0.391585 0.024605
-0.387770 -0.235943 0.498016 2.170405 -1.007286 -0.313001 0.880255 -0.348478 -0.415236 -0.000572 0.144388 2.214656 -1.303693 -0.394255 0.391585 0.024605
-0.387770 -0.235943 0.498016 2.170405 -1.007286 -0.312619 0.882162 -0.348478 -0.415236 -0.000572 0.144388 2.214656 -1.303311 -0.394255 0.391585 0.024605
-0.387770 -0.235943 0.498016 2.170405 -1.007286 -0.312619 0.883307 -0.348478 -0.415236 -0.000572 0.144388 2.214656 -1.303693 -0.394255 0.391585 0.024605
-0.387770 -0.235943 0.498016 2.170405 -1.007286 -0.312619 0.883688 -0.348096 -0.415236 -0.000572 0.144388 2.214656 -1.303693 -0.394255 0.391585 0.024605
-0.387770 -0.235943 0.498016 2.170405 -1.007286 -0.312619 0.883688 -0.348096 -0.415236 -0.000572 0.144388 2.214656 -1.303693 -0.394255 0.391585 0.024987
-0.387770 -0.235943 0.498016 2.170405 -1.007286 -0.312619 0.883688 -0.348096 -0.415236 -0.000572 0.144388 2.214656 -1.303693 -0.394255 0.391585 0.024605
-0.387770 -0.235943 0.498016 2.170405 -1.007286 -0.312619 0.884070 -0.348096 -0.415236 -0.000572 0.144388 2.214656 -1.303693 -0.394255 0.391585 0.024605
-0.387770 -0.235943 0.498016 2.170405 -1.007286 -0.312619 0.884451 -0.348096 -0.415236 -0.000572 0.144388 2.214656 -1.303693 -0.394255 0.391585 0.024605
-0.387770 -0.235943 0.498016 2.170405 -1.006905 -0.313001 0.884833 -0.348096 -0.415236 -0.000572 0.144388 2.214656 -1.303693 -0.394255 0.391585 0.024605
-0.387388 -0.235943 0.498016 2.170405 -1.006905 -0.312619 0.885595 -0.348096 -0.415236 -0.000572 0.144388 2.214656 -1.303693 -0.394255 0.391585 0.024605
-0.387770 -0.235943 0.498016 2.170405 -1.006905 -0.312619 0.887121 -0.348096 -0.415236 -0.000572 0.144388 2.214656 -1.303693 -0.394255 0.391585 0.024605
-0.387770 -0.235943 0.498016 2.170405 -1.006905 -0.312619 0.888266 -0.348096 -0.415236 -0.000572 0.144388 2.214656 -1.303693 -0.394255 0.391585 0.024605
-0.387770 -0.235943 0.498016 2.170405 -1.006905 -0.312619 0.888647 -0.348096 -0.415236 -0.000572 0.144388 2.214656 -1.303693 -0.394255 0.391585 0.024605
-0.387770 -0.235943 0.498016 2.170405 -1.006905 -0.312619 0.889410 -0.348096 -0.415236 -0.000572 0.144388 2.214656 -1.303693 -0.394255 0.391585 0.024605
-0.387770 -0.235943 0.498016 2.170405 -1.006905 -0.312619 0.890173 -0.348096 -0.415236 -0.000572 0.144388 2.214656 -1.303693 -0.394255 0.391585 0.024605
-0.387770 -0.235943 0.498016 2.170405 -1.007286 -0.312619 0.890555 -0.348096 -0.415236 -0.000572 0.144388 2.214656 -1.303693 -0.394255 0.391585 0.024605
-0.387770 -0.235943 0.498016 2.170405 -1.007286 -0.312619 0.890555 -0.348096 -0.415236 -0.000572 0.144388 2.214656 -1.303311 -0.394255 0.391585 0.024605
-0.387770 -0.236324 0.498016 2.170405 -1.007286 -0.312619 0.890555 -0.348096 -0.415236 -0.000572 0.144388 2.214656 -1.303693 -0.394255 0.391585 0.024605
-0.387770 -0.235943 0.498016 2.170405 -1.007286 -0.312619 0.890555 -0.348096 -0.415236 -0.000572 0.144388 2.214656 -1.303693 -0.394255 0.391585 0.024605
-0.387388 -0.235943 0.498016 2.170405 -1.007286 -0.312619 0.890555 -0.348096 -0.415236 -0.000572 0.144388 2.214656 -1.303311 -0.394255 0.391585 0.024987
-0.387770 -0.235943 0.498016 2.170405 -1.007286 -0.312619 0.890555 -0.348096 -0.415236 -0.000572 0.144388 2.214656 -1.303693 -0.394255 0.391585 0.024605
-0.387770 -0.235943 0.498016 2.170405 -1.007286 -0.312619 0.890555 -0.348096 -0.415236 -0.000572 0.144388 2.214656 -1.303311 -0.394255 0.391585 0.024605
-0.387770 -0.235943 0.498016 2.170405 -1.007286 -0.312619 0.890555 -0.348096 -0.415236 -0.000572 0.144388 2.214656 -1.303693 -0.394255 0.391585 0.024605
-0.387770 -0.235943 0.498016 2.170405 -1.007286 -0.312619 0.890555 -0.348096 -0.415236 -0.000572 0.144388 2.214656 -1.303693 -0.394255 0.391585 0.024987
-0.387770 -0.235943 0.498016 2.170405 -1.007286 -0.312619 0.890555 -0.348096 -0.415236 -0.000572 0.144388 2.214656 -1.303693 -0.394255 0.391585 0.024605
-0.387388 -0.235943 0.498016 2.170405 -1.007286 -0.312619 0.890555 -0.348096 -0.415236 -0.000572 0.144388 2.214656 -1.303693 -0.394255 0.391585 0.024605
-0.387770 -0.235943 0.498016 2.170405 -1.007286 -0.312619 0.890555 -0.348096 -0.415236 -0.000572 0.144388 2.214656 -1.303693 -0.394255 0.391585 0.024605
-0.387770 -0.235943 0.498016 2.170405 -1.007286 -0.312238 0.890555 -0.348096 -0.415236 -0.000572 0.144388 2.214656 -1.303311 -0.394255 0.391585 0.024605
-0.387770 -0.235943 0.498016 2.170405 -1.006905 -0.312238 0.890936 -0.348096 -0.415236 -0.000572 0.144388 2.214656 -1.303311 -0.394255 0.391585 0.024605
-0.387770 -0.235943 0.498016 2.170405 -1.006905 -0.311856 0.890936 -0.347715 -0.415236 -0.000572 0.144388 2.214656 -1.303311 -0.394255 0.391585 0.024605
-0.387770 -0.235943 0.498016 2.170405 -1.006905 -0.311475 0.890936 -0.347715 -0.415236 -0.000572 0.144388 2.214656 -1.303311 -0.394255 0.391585 0.024605
-0.387770 -0.235943 0.498016 2.170405 -1.006905 -0.310712 0.890936 -0.347715 -0.415236 -0.000572 0.144388 2.214656 -1.303311 -0.394255 0.391585 0.024605
-0.387770 -0.235943 0.498016 2.170405 -1.006905 -0.309567 0.890936 -0.347715 -0.415236 -0.000572 0.144388 2.214656 -1.303311 -0.394255 0.391585 0.024605
-0.387770 -0.235943 0.498016 2.170405 -1.006905 -0.309186 0.890936 -0.347715 -0.415236 -0.000572 0.144388 2.214656 -1.303693 -0.394255 0.391585 0.024605
-0.387770 -0.235943 0.498016 2.170405 -1.006905 -0.309186 0.890936 -0.347715 -0.415236 -0.000572 0.144388 2.214656 -1.303693 -0.394255 0.391585 0.024605
-0.387770 -0.235943 0.498016 2.170405 -1.006905 -0.309186 0.890936 -0.347715 -0.415236 -0.000572 0.144388 2.214656 -1.303311 -0.394255 0.391585 0.024605
-0.387770 -0.235943 0.498016 2.170405 -1.006523 -0.309186 0.890936 -0.347715 -0.415236 -0.000572 0.144388 2.214656 -1.303693 -0.394255 0.391585 0.024605
-0.387770 -0.235943 0.498016 2.170405 -1.006523 -0.309186 0.890936 -0.347715 -0.415236 -0.000572 0.144388 2.214656 -1.303693 -0.394255 0.391585 0.024605
-0.387770 -0.235943 0.498016 2.170405 -1.006523 -0.309186 0.890936 -0.347715 -0.415236 -0.000572 0.144388 2.214656 -1.303693 -0.394255 0.391585 0.024605
-0.387770 -0.235943 0.498016 2.170405 -1.006523 -0.309186 0.890936 -0.347715 -0.415236 -0.000572 0.144388 2.214656 -1.303693 -0.394255 0.391585 0.024605
-0.387770 -0.235943 0.498016 2.170405 -1.006523 -0.309186 0.890936 -0.347715 -0.415236 -0.000572 0.144388 2.214656 -1.303311 -0.394255 0.391585 0.024605
-0.387770 -0.235943 0.498016 2.170405 -1.006523 -0.309186 0.890936 -0.347333 -0.415236 -0.000572 0.144388 2.214656 -1.303311 -0.394255 0.391585 0.024605
-0.387770 -0.235943 0.498016 2.170405 -1.006142 -0.309186 0.890936 -0.347333 -0.415236 -0.000572 0.144388 2.214656 -1.303311 -0.394255 0.391585 0.024605
-0.387770 -0.235943 0.498016 2.170405 -1.006142 -0.309186 0.890936 -0.347333 -0.415236 -0.000572 0.144388 2.214656 -1.303311 -0.394255 0.391585 0.024605
-0.387770 -0.235943 0.498016 2.170405 -1.006142 -0.309186 0.890936 -0.347333 -0.415236 -0.000572 0.144388 2.214656 -1.303693 -0.394255 0.391585 0.024605
-0.387770 -0.235943 0.498016 2.170405 -1.006142 -0.309186 0.890936 -0.347333 -0.415236 -0.000572 0.144388 2.214656 -1.303311 -0.394255 0.391585 0.024605
-0.387770 -0.236324 0.498016 2.170405 -1.006142 -0.309186 0.890936 -0.347333 -0.415236 -0.000572 0.144388 2.214656 -1.303311 -0.394255 0.391585 0.024605
-0.387770 -0.236324 0.498016 2.170405 -1.006142 -0.309186 0.890936 -0.347333 -0.415236 -0.000572 0.144388 2.214656 -1.303693 -0.394255 0.391585 0.024605
-0.387770 -0.235943 0.498016 2.170405 -1.005760 -0.309186 0.890936 -0.347333 -0.415236 -0.000572 0.144388 2.214656 -1.303693 -0.394255 0.391585 0.024605
-0.387770 -0.236324 0.498016 2.170405 -1.006142 -0.309186 0.890936 -0.346952 -0.415236 -0.000572 0.144388 2.214656 -1.303693 -0.394255 0.391585 0.024605
-0.387770 -0.235943 0.498016 2.170405 -1.005760 -0.309186 0.890936 -0.346952 -0.415236 -0.000572 0.144388 2.214656 -1.303693 -0.394255 0.391585 0.024605
-0.387770 -0.235943 0.498016 2.170405 -1.005760 -0.309186 0.890936 -0.346952 -0.415236 -0.000572 0.144388 2.214656 -1.303693 -0.394255 0.391585 0.024605
-0.387770 -0.235943 0.498016 2.170405 -1.005760 -0.309186 0.890936 -0.346571 -0.415236 -0.000572 0.144388 2.214656 -1.303693 -0.394255 0.391585 0.024605
-0.387770 -0.235943 0.498016 2.170405 -1.005379 -0.309186 0.890936 -0.345808 -0.415236 -0.000572 0.144388 2.214656 -1.303693 -0.394255 0.391585 0.024605
-0.387770 -0.235943 0.498016 2.170405 -1.004997 -0.309186 0.890936 -0.343519 -0.415236 -0.000572 0.144388 2.214656 -1.303693 -0.394255 0.391585 0.024605
-0.387770 -0.235943 0.498016 2.170405 -1.003853 -0.309186 0.890936 -0.338560 -0.415236 -0.000572 0.144388 2.214656 -1.303693 -0.394255 0.391585 0.024605
-0.387770 -0.235943 0.498016 2.170405 -1.003090 -0.309186 0.890936 -0.333219 -0.415236 -0.000572 0.144388 2.214656 -1.303311 -0.394255 0.391585 0.024605
-0.387770 -0.235943 0.498016 2.170405 -1.003090 -0.309186 0.890936 -0.327878 -0.415236 -0.000572 0.144388 2.214656 -1.303311 -0.394255 0.391585 0.024605
-0.387770 -0.235943 0.498016 2.170405 -1.002708 -0.309186 0.890936 -0.323682 -0.415236 -0.000572 0.144388 2.214656 -1.303693 -0.394255 0.391585 0.024605
-0.387770 -0.235943 0.498016 2.170405 -1.002327 -0.309186 0.890936 -0.319867 -0.415236 -0.000572 0.144388 2.214656 -1.303311 -0.394255 0.391585 0.024605
-0.387770 -0.235943 0.498016 2.170405 -1.001946 -0.309186 0.890936 -0.315671 -0.415236 -0.000572 0.144388 2.214656 -1.303311 -0.394255 0.391585 0.024605
-0.387770 -0.235943 0.498016 2.170405 -1.000420 -0.308804 0.890936 -0.311475 -0.415236 -0.000572 0.144388 2.214656 -1.303693 -0.394255 0.391585 0.024605
-0.387770 -0.235943 0.498016 2.170405 -0.998894 -0.308804 0.890936 -0.307660 -0.415236 -0.000572 0.144388 2.214656 -1.303693 -0.394255 0.391585 0.024605
-0.387770 -0.235943 0.498016 2.170405 -0.998131 -0.308804 0.890936 -0.304608 -0.415236 -0.000572 0.144388 2.214656 -1.303693 -0.394255 0.391585 0.024605
-0.387770 -0.235943 0.498016 2.170405 -0.997368 -0.308804 0.890936 -0.301556 -0.415236 -0.000572 0.144388 2.214656 -1.303311 -0.394255 0.391585 0.024605
-0.387770 -0.235943 0.498016 2.170405 -0.996605 -0.308423 0.890936 -0.299268 -0.415236 -0.000572 0.144388 2.214656 -1.303693 -0.394255 0.391585 0.024605
-0.387770 -0.235943 0.498016 2.170405 -0.995842 -0.308423 0.890936 -0.297742 -0.415236 -0.000572 0.144388 2.214656 -1.303693 -0.394255 0.391585 0.024605
-0.387770 -0.235943 0.498016 2.170405 -0.995842 -0.308042 0.890936 -0.296597 -0.415236 -0.000572 0.144388 2.214656 -1.303693 -0.394255 0.391585 0.024605
-0.387770 -0.235943 0.498016 2.170405 -0.995842 -0.307279 0.890936 -0.294690 -0.415236 -0.000572 0.144388 2.214656 -1.303693 -0.394255 0.391585 0.024605
-0.387770 -0.235943 0.498016 2.170405 -0.995460 -0.305753 0.890936 -0.293927 -0.415236 -0.000572 0.144388 2.214656 -1.303311 -0.394255 0.391585 0.024605
-0.387770 -0.236324 0.498016 2.170405 -0.995460 -0.304990 0.890936 -0.293164 -0.415236 -0.000572 0.144388 2.214656 -1.303693 -0.394255 0.391585 0.024605
-0.387770 -0.236324 0.498016 2.170405 -0.995460 -0.304608 0.890936 -0.291638 -0.415236 -0.000572 0.144388 2.214656 -1.303693 -0.394255 0.391585 0.024605
-0.387770 -0.236324 0.498016 2.170405 -0.995079 -0.303845 0.890936 -0.290875 -0.415236 -0.000572 0.144388 2.214656 -1.303311 -0.394255 0.391585 0.024605
-0.387770 -0.235943 0.498016 2.170405 -0.995079 -0.303082 0.890936 -0.290875 -0.415236 -0.000572 0.144388 2.214656 -1.303311 -0.394255 0.391585 0.024605
-0.387770 -0.236324 0.498016 2.170405 -0.995079 -0.301938 0.890936 -0.290875 -0.415236 -0.000572 0.144388 2.214656 -1.303311 -0.394255 0.391585 0.024605
-0.387770 -0.236324 0.498016 2.170405 -0.995079 -0.301556 0.890936 -0.290875 -0.415236 -0.000572 0.144388 2.214656 -1.303693 -0.394255 0.391585 0.024605
-0.387770 -0.236324 0.498016 2.170405 -0.994697 -0.301556 0.890936 -0.290875 -0.415236 -0.000572 0.144388 2.214656 -1.303693 -0.394255 0.391585 0.024605
-0.387770 -0.236324 0.498016 2.170405 -0.994697 -0.301556 0.890936 -0.290875 -0.415236 -0.000572 0.144388 2.214656 -1.303311 -0.394255 0.391585 0.024605
-0.387770 -0.236324 0.498016 2.170405 -0.994697 -0.301556 0.890936 -0.290875 -0.415236 -0.000572 0.144388 2.214656 -1.303311 -0.394255 0.391585 0.024605
-0.387770 -0.236324 0.498016 2.170405 -0.994316 -0.301556 0.890936 -0.290875 -0.415236 -0.000572 0.144388 2.214656 -1.303693 -0.394255 0.391585 0.024605
-0.387770 -0.236324 0.498016 2.170405 -0.993935 -0.301556 0.890936 -0.290875 -0.415236 -0.000572 0.144388 2.214656 -1.303693 -0.394255 0.391585 0.024605
-0.387770 -0.236324 0.498016 2.170405 -0.993172 -0.301556 0.890936 -0.290875 -0.415236 -0.000572 0.144388 2.214656 -1.303693 -0.394255 0.391585 0.024605
-0.387770 -0.236324 0.498016 2.170405 -0.992027 -0.301556 0.890936 -0.290875 -0.415236 -0.000572 0.144388 2.214656 -1.303693 -0.394255 0.391585 0.024605
-0.387770 -0.236324 0.498016 2.170405 -0.991646 -0.301556 0.890936 -0.290875 -0.415236 -0.000572 0.144388 2.214656 -1.303311 -0.394255 0.391585 0.024605
-0.387770 -0.236324 0.498016 2.170405 -0.991646 -0.301556 0.890936 -0.290875 -0.415236 -0.000572 0.144388 2.214656 -1.303693 -0.394255 0.391585 0.024605
-0.387388 -0.236324 0.498016 2.170405 -0.991646 -0.301556 0.890936 -0.290875 -0.415236 -0.000572 0.144388 2.214656 -1.303693 -0.394255 0.391585 0.024605
-0.387770 -0.236324 0.498016 2.170405 -0.991646 -0.301938 0.890936 -0.290875 -0.415236 -0.000572 0.144388 2.214656 -1.303693 -0.394255 0.391585 0.024605
-0.387770 -0.236324 0.498016 2.170405 -0.991646 -0.301556 0.890936 -0.290875 -0.415236 -0.000572 0.144388 2.214656 -1.303311 -0.394255 0.391585 0.024605
-0.387770 -0.236324 0.498016 2.170405 -0.991646 -0.301556 0.890936 -0.290875 -0.415236 -0.000572 0.144388 2.214656 -1.303311 -0.394255 0.391585 0.024605
-0.387388 -0.236324 0.498016 2.170405 -0.991646 -0.301556 0.890936 -0.290875 -0.415236 -0.000572 0.144388 2.214656 -1.303693 -0.394255 0.391585 0.024605
-0.387388 -0.236324 0.498016 2.170405 -0.991264 -0.301175 0.890936 -0.290875 -0.415236 -0.000572 0.144388 2.214656 -1.303693 -0.394255 0.391585 0.024605
-0.387770 -0.236324 0.498016 2.170405 -0.991264 -0.301175 0.890936 -0.290875 -0.415236 -0.000572 0.144388 2.214656 -1.303311 -0.394255 0.391585 0.024605
-0.387770 -0.236324 0.498016 2.170405 -0.990883 -0.300412 0.890936 -0.290875 -0.415236 -0.000572 0.144388 2.214656 -1.303693 -0.394255 0.391585 0.024605
-0.387388 -0.236324 0.498016 2.170405 -0.990883 -0.299649 0.890936 -0.290875 -0.415236 -0.000572 0.144388 2.214656 -1.303693 -0.394255 0.391585 0.024605
-0.387770 -0.236324 0.498016 2.170405 -0.990501 -0.297742 0.890936 -0.290875 -0.415236 -0.000572 0.144388 2.214656 -1.303693 -0.394255 0.391585 0.024605
-0.387770 -0.236324 0.498016 2.170405 -0.990120 -0.297360 0.890936 -0.290494 -0.415236 -0.000572 0.144388 2.214656 -1.303311 -0.394255 0.391585 0.024605
-0.387388 -0.236324 0.498016 2.170405 -0.989357 -0.297360 0.890936 -0.288586 -0.415236 -0.000572 0.144388 2.214656 -1.303311 -0.394255 0.391585 0.024605
-0.387770 -0.236324 0.498016 2.170405 -0.988975 -0.296979 0.890936 -0.284390 -0.415236 -0.000572 0.144388 2.214656 -1.303693 -0.394255 0.391585 0.024605
-0.387388 -0.236324 0.498016 2.170405 -0.988975 -0.296979 0.890936 -0.278668 -0.415236 -0.000572 0.144388 2.214656 -1.303693 -0.394255 0.391585 0.024605
-0.387770 -0.236324 0.498016 2.170405 -0.988594 -0.296216 0.890936 -0.274090 -0.415236 -0.000572 0.144388 2.214656 -1.303693 -0.394255 0.391585 0.024987
-0.387388 -0.236324 0.498016 2.170405 -0.988594 -0.295071 0.890936 -0.270275 -0.415236 -0.000572 0.144388 2.214656 -1.303693 -0.394255 0.391585 0.024605
-0.387388 -0.236324 0.498016 2.170405 -0.988594 -0.293927 0.890936 -0.267605 -0.415236 -0.000572 0.144388 2.214656 -1.303693 -0.394255 0.391585 0.024605
-0.387388 -0.236324 0.498016 2.170405 -0.988594 -0.293927 0.890936 -0.265316 -0.415236 -0.000572 0.144388 2.214656 -1.303311 -0.394255 0.391585 0.024605
-0.387388 -0.236324 0.498016 2.170405 -0.988594 -0.293164 0.890936 -0.264553 -0.415236 -0.000572 0.144388 2.214656 -1.303311 -0.394255 0.391585 0.024605
-0.387388 -0.236324 0.498016 2.170405 -0.988594 -0.292401 0.890936 -0.264935 -0.415236 -0.000572 0.144388 2.214656 -1.303693 -0.394636 0.391585 0.024605
-0.387388 -0.236324 0.498016 2.170405 -0.988594 -0.291257 0.890936 -0.264935 -0.415236 -0.000572 0.144388 2.214656 -1.303311 -0.394255 0.391585 0.024605
-0.387388 -0.236324 0.498016 2.170405 -0.988594 -0.290112 0.890936 -0.264935 -0.415236 -0.000572 0.144388 2.214656 -1.303693 -0.394255 0.391585 0.024605
-0.387388 -0.236706 0.498016 2.170405 -0.988594 -0.290112 0.890936 -0.264935 -0.415236 -0.000572 0.144388 2.214656 -1.303311 -0.394255 0.391585 0.024605
-0.387770 -0.236324 0.498016 2.170405 -0.988594 -0.289731 0.890936 -0.264935 -0.415236 -0.000572 0.144388 2.214656 -1.303311 -0.394255 0.391585 0.024605
-0.387388 -0.236324 0.498016 2.170405 -0.988212 -0.289731 0.890936 -0.264935 -0.415236 -0.000572 0.144388 2.214656 -1.303693 -0.394255 0.391585 0.024987
-0.387388 -0.236324 0.498016 2.170405 -0.988212 -0.289349 0.890936 -0.264553 -0.415236 -0.000572 0.144388 2.214656 -1.303311 -0.394255 0.391585 0.024605
-0.387770 -0.236324 0.498016 2.170405 -0.988212 -0.289349 0.890936 -0.264935 -0.415236 -0.000572 0.144388 2.214656 -1.303311 -0.394255 0.391585 0.024605
-0.387770 -0.236706 0.498016 2.170405 -0.988212 -0.288968 0.890936 -0.264935 -0.415236 -0.000572 0.144388 2.214656 -1.303311 -0.394255 0.391585 0.024605
-0.387770 -0.236324 0.498016 2.170405 -0.988212 -0.288586 0.890936 -0.264935 -0.415236 -0.000572 0.144388 2.214656 -1.303693 -0.394255 0.391585 0.024605
-0.387770 -0.236324 0.498016 2.170405 -0.988212 -0.287442 0.890936 -0.264935 -0.415236 -0.000572 0.144388 2.214656 -1.303311 -0.394255 0.391585 0.024605
-0.387770 -0.236324 0.498016 2.170405 -0.988212 -0.287060 0.890936 -0.264935 -0.415236 -0.000572 0.144388 2.214656 -1.303693 -0.394255 0.391585 0.024605
-0.387770 -0.236324 0.498016 2.170405 -0.988212 -0.287442 0.890936 -0.264935 -0.415236 -0.000572 0.144388 2.214656 -1.303693 -0.394255 0.391585 0.024605
-0.387770 -0.236324 0.498016 2.170405 -0.988212 -0.287442 0.890936 -0.264935 -0.415236 -0.000572 0.144388 2.214656 -1.303311 -0.394255 0.391585 0.024605
-0.387770 -0.236324 0.498016 2.170405 -0.987831 -0.287442 0.890936 -0.264553 -0.415236 -0.000572 0.144388 2.214656 -1.303693 -0.394255 0.391585 0.024605
-0.387770 -0.236324 0.498016 2.170405 -0.987831 -0.287442 0.890936 -0.264553 -0.415236 -0.000572 0.144388 2.214656 -1.303311 -0.394255 0.391585 0.024605
-0.387388 -0.236324 0.498016 2.170405 -0.987831 -0.287060 0.890936 -0.264553 -0.415236 -0.000572 0.144388 2.214656 -1.303311 -0.394255 0.391585 0.024605
-0.387770 -0.236324 0.498016 2.170405 -0.987831 -0.287060 0.890936 -0.264553 -0.415236 -0.000572 0.144388 2.214656 -1.303693 -0.394255 0.391585 0.024605
-0.387770 -0.236324 0.498016 2.170405 -0.987449 -0.287060 0.890936 -0.264553 -0.415236 -0.000572 0.144388 2.214656 -1.303311 -0.394255 0.391585 0.024605
-0.387770 -0.236324 0.498016 2.170405 -0.987449 -0.287060 0.890936 -0.264553 -0.415236 -0.000572 0.144388 2.214656 -1.303693 -0.394255 0.391585 0.024605
-0.387770 -0.236324 0.498016 2.170405 -0.987449 -0.286679 0.890936 -0.264553 -0.415236 -0.000572 0.144388 2.214656 -1.303693 -0.394255 0.391585 0.024605
-0.387770 -0.236324 0.498016 2.170405 -0.987449 -0.286679 0.890936 -0.264553 -0.415236 -0.000572 0.144388 2.214656 -1.303311 -0.394255 0.391585 0.024605
-0.387770 -0.236324 0.498016 2.170405 -0.987068 -0.286679 0.890936 -0.264553 -0.415236 -0.000572 0.144388 2.214656 -1.303311 -0.394255 0.391585 0.024987
-0.387770 -0.236324 0.498016 2.170405 -0.987068 -0.286679 0.890936 -0.264553 -0.415236 -0.000572 0.144388 2.214656 -1.303693 -0.394255 0.391585 0.024605
-0.387388 -0.236324 0.498016 2.170405 -0.987068 -0.286297 0.890936 -0.264553 -0.415236 -0.000572 0.144388 2.214656 -1.303693 -0.394255 0.391585 0.024987
-0.387770 -0.236324 0.498016 2.170405 -0.987068 -0.286297 0.890936 -0.264172 -0.415236 -0.000572 0.144388 2.214656 -1.303693 -0.394255 0.391585 0.024605
-0.387770 -0.236324 0.498016 2.170405 -0.987068 -0.285916 0.890936 -0.263409 -0.415236 -0.000572 0.144388 2.214656 -1.303311 -0.394255 0.391585 0.024605
-0.387388 -0.236324 0.498016 2.170405 -0.987068 -0.285534 0.890936 -0.261501 -0.415236 -0.000572 0.144388 2.214656 -1.303693 -0.394255 0.391585 0.024605
-0.387770 -0.236324 0.498016 2.170405 -0.986687 -0.284390 0.890936 -0.258068 -0.415236 -0.000572 0.144388 2.214656 -1.303311 -0.394255 0.391585 0.024605
-0.387770 -0.236324 0.498016 2.170405 -0.986687 -0.282864 0.890936 -0.253872 -0.415236 -0.000572 0.144388 2.214656 -1.303693 -0.394255 0.391585 0.024605
-0.387388 -0.236324 0.498016 2.170405 -0.986687 -0.282483 0.890936 -0.250057 -0.415236 -0.000572 0.144388 2.214656 -1.303693 -0.394255 0.391585 0.024605
-0.387388 -0.236324 0.498016 2.170405 -0.986687 -0.282101 0.890936 -0.247387 -0.415236 -0.000572 0.144388 2.214656 -1.303311 -0.394255 0.391585 0.024605
-0.387770 -0.236706 0.498016 2.170405 -0.985924 -0.281338 0.890936 -0.247005 -0.415236 -0.000572 0.144388 2.214656 -1.303693 -0.394255 0.391585 0.024605
-0.387388 -0.236706 0.498016 2.170405 -0.985161 -0.279812 0.890936 -0.246624 -0.415236 -0.000572 0.144388 2.214656 -1.303693 -0.394255 0.391585 0.024605
-0.387388 -0.236324 0.498016 2.170405 -0.984779 -0.278668 0.890936 -0.247005 -0.415236 -0.000572 0.144388 2.214656 -1.303693 -0.394255 0.391585 0.024605
-0.387388 -0.236706 0.498016 2.170405 -0.984779 -0.277523 0.890936 -0.247005 -0.415236 -0.000572 0.144388 2.214656 -1.303693 -0.394255 0.391585 0.024605
-0.387770 -0.236324 0.498016 2.170405 -0.984779 -0.273709 0.890936 -0.246624 -0.415236 -0.000572 0.144388 2.214656 -1.303693 -0.394255 0.391585 0.024605
-0.387770 -0.236324 0.498016 2.170405 -0.984779 -0.270275 0.890936 -0.247005 -0.415236 -0.000572 0.144388 2.214656 -1.303693 -0.394255 0.391585 0.024605
-0.387770 -0.236324 0.498016 2.170405 -0.984779 -0.266079 0.890936 -0.247005 -0.415236 -0.000572 0.144388 2.214656 -1.303311 -0.394255 0.391585 0.024605
-0.387770 -0.236324 0.498016 2.170405 -0.984779 -0.261883 0.890936 -0.247005 -0.415236 -0.000572 0.144388 2.214656 -1.303693 -0.394255 0.391585 0.024605
-0.387770 -0.236324 0.498016 2.170405 -0.984779 -0.258831 0.890936 -0.247005 -0.415236 -0.000572 0.144388 2.214656 -1.303693 -0.394255 0.391585 0.024605
-0.387770 -0.236324 0.498016 2.170405 -0.984779 -0.256924 0.890936 -0.247005 -0.415236 -0.000572 0.144388 2.214656 -1.303693 -0.394255 0.391585 0.024605
-0.387770 -0.236324 0.498016 2.170405 -0.984779 -0.255779 0.890936 -0.247005 -0.415236 -0.000572 0.144388 2.214656 -1.303693 -0.394255 0.391585 0.024605
-0.387770 -0.236324 0.498016 2.170405 -0.984398 -0.254253 0.890936 -0.247005 -0.415236 -0.000572 0.144388 2.214656 -1.303693 -0.394255 0.391585 0.024605
-0.387770 -0.236324 0.498016 2.170405 -0.984016 -0.252728 0.890936 -0.247387 -0.415236 -0.000572 0.144388 2.214656 -1.303311 -0.394255 0.391585 0.024605
-0.387770 -0.236324 0.498016 2.170405 -0.984016 -0.251965 0.890936 -0.247005 -0.415236 -0.000572 0.144388 2.214656 -1.303311 -0.394255 0.391585 0.024605
-0.387770 -0.236706 0.498016 2.170405 -0.983635 -0.250057 0.890936 -0.247387 -0.415236 -0.000572 0.144388 2.214656 -1.303693 -0.394255 0.391585 0.024605
-0.387770 -0.236324 0.498016 2.170405 -0.983253 -0.247768 0.890936 -0.247387 -0.415236 -0.000572 0.144388 2.214656 -1.303311 -0.394255 0.391585 0.024605
-0.387388 -0.236324 0.498016 2.170405 -0.982872 -0.245480 0.890936 -0.247387 -0.415236 -0.000572 0.144388 2.214656 -1.303693 -0.394255 0.391585 0.024605
-0.387770 -0.236324 0.498016 2.170405 -0.982872 -0.243572 0.890936 -0.247387 -0.415236 -0.000572 0.144388 2.214656 -1.303311 -0.394255 0.391585 0.024605
-0.387770 -0.236324 0.498016 2.170405 -0.982872 -0.241283 0.890936 -0.247387 -0.415236 -0.000572 0.144388 2.214656 -1.303311 -0.394255 0.391585 0.024605
-0.387770 -0.236324 0.498016 2.170405 -0.982490 -0.241283 0.890936 -0.247387 -0.415236 -0.000572 0.144388 2.214656 -1.303693 -0.394255 0.391585 0.024605
-0.387770 -0.236324 0.498016 2.170405 -0.982490 -0.241283 0.890936 -0.247387 -0.415236 -0.000572 0.144388 2.214656 -1.303311 -0.394255 0.391585 0.024605
-0.387770 -0.236324 0.498016 2.170405 -0.982109 -0.241283 0.890936 -0.247387 -0.415236 -0.000572 0.144388 2.214656 -1.303311 -0.394255 0.391585 0.024605
-0.387770 -0.236324 0.498016 2.170405 -0.981727 -0.241283 0.890936 -0.247387 -0.415236 -0.000572 0.144388 2.214656 -1.303693 -0.394255 0.391585 0.024987
-0.387770 -0.236706 0.498016 2.170405 -0.981727 -0.241283 0.890936 -0.247387 -0.415236 -0.000572 0.144388 2.214656 -1.303693 -0.394255 0.391585 0.024605
-0.387770 -0.236324 0.498016 2.170405 -0.981727 -0.241283 0.890936 -0.247387 -0.415236 -0.000572 0.144388 2.214656 -1.303693 -0.394255 0.391585 0.024605
-0.387770 -0.236324 0.498016 2.170405 -0.981727 -0.241283 0.890936 -0.247387 -0.415236 -0.000572 0.144388 2.214656 -1.303693 -0.394255 0.391585 0.024605
-0.387770 -0.236324 0.498016 2.170405 -0.981727 -0.241283 0.890936 -0.247387 -0.415236 -0.000572 0.144388 2.214656 -1.303693 -0.394255 0.391585 0.024605
-0.387770 -0.236324 0.498016 2.170405 -0.981727 -0.241283 0.890936 -0.247387 -0.415236 -0.000572 0.144388 2.214656 -1.303693 -0.394255 0.391585 0.024605
-0.387770 -0.236324 0.498016 2.170405 -0.981727 -0.241283 0.890936 -0.247387 -0.415236 -0.000572 0.144388 2.214656 -1.303693 -0.394255 0.391585 0.024605
-0.387770 -0.236324 0.498016 2.170405 -0.981727 -0.241283 0.890936 -0.247387 -0.415236 -0.000572 0.144388 2.214656 -1.303693 -0.394255 0.391585 0.024605
-0.387770 -0.236324 0.498016 2.170405 -0.981727 -0.241665 0.890936 -0.247387 -0.415236 -0.000572 0.144388 2.214656 -1.303311 -0.394255 0.391585 0.024605
-0.387770 -0.236324 0.498016 2.170405 -0.981727 -0.241665 0.890936 -0.247387 -0.415236 -0.000572 0.144388 2.214656 -1.303693 -0.394255 0.391585 0.024605
-0.387770 -0.236324 0.498016 2.170405 -0.981727 -0.241665 0.890936 -0.247387 -0.415236 -0.000572 0.144388 2.214656 -1.303693 -0.394255 0.391585 0.024605
-0.387770 -0.236324 0.498016 2.170405 -0.981727 -0.241665 0.890936 -0.247387 -0.415236 -0.000572 0.144388 2.214656 -1.303693 -0.394255 0.391585 0.024987
-0.387770 -0.236324 0.498016 2.170405 -0.981727 -0.241665 0.890936 -0.247387 -0.415236 -0.000572 0.144388 2.214656 -1.303693 -0.394255 0.391585 0.024605
-0.387770 -0.236324 0.498016 2.170405 -0.981346 -0.242046 0.890936 -0.247387 -0.415236 -0.000572 0.144388 2.214656 -1.303693 -0.394255 0.391585 0.024605
-0.387770 -0.236324 0.498016 2.170405 -0.981346 -0.242046 0.890936 -0.247387 -0.415236 -0.000572 0.144388 2.214656 -1.303693 -0.394255 0.391585 0.024605
-0.387770 -0.236324 0.498016 2.170405 -0.981346 -0.242428 0.890936 -0.247387 -0.415236 -0.000572 0.144388 2.214656 -1.303693 -0.394255 0.391585 0.024605
-0.387770 -0.236324 0.498016 2.170405 -0.981346 -0.242428 0.890936 -0.247387 -0.415236 -0.000572 0.144388 2.214656 -1.303311 -0.394255 0.391585 0.024605
-0.387770 -0.236324 0.498016 2.170405 -0.981727 -0.242428 0.890936 -0.247387 -0.415236 -0.000572 0.144388 2.214656 -1.303311 -0.394255 0.391585 0.024605
-0.387770 -0.236324 0.498016 2.170405 -0.981727 -0.242428 0.890936 -0.247387 -0.415236 -0.000572 0.144388 2.214656 -1.303693 -0.394255 0.391585 0.024605
-0.387770 -0.236324 0.498016 2.170405 -0.981727 -0.242428 0.890936 -0.247387 -0.415236 -0.000572 0.144388 2.214656 -1.303311 -0.394255 0.391585 0.024605
-0.387770 -0.236324 0.498016 2.170405 -0.981727 -0.242428 0.890936 -0.247387 -0.415236 -0.000572 0.144388 2.214656 -1.303311 -0.394255 0.391585 0.024605
-0.387770 -0.236324 0.498016 2.170405 -0.981727 -0.242428 0.890936 -0.247387 -0.415236 -0.000572 0.144388 2.214656 -1.303693 -0.394255 0.391585 0.024605
-0.387770 -0.236324 0.498016 2.170405 -0.981346 -0.242809 0.890936 -0.247387 -0.415236 -0.000572 0.144388 2.214656 -1.303693 -0.394255 0.391585 0.024605
-0.387770 -0.236324 0.498016 2.170405 -0.981727 -0.242809 0.890936 -0.247387 -0.415236 -0.000572 0.144388 2.214656 -1.303693 -0.394255 0.391585 0.024605
-0.387770 -0.236324 0.498016 2.170405 -0.981346 -0.242809 0.890936 -0.247387 -0.415236 -0.000572 0.144388 2.214656 -1.303311 -0.394255 0.391585 0.024605
-0.387770 -0.236324 0.498016 2.170405 -0.981346 -0.243191 0.890936 -0.247387 -0.415236 -0.000572 0.144388 2.214656 -1.303693 -0.394255 0.391585 0.024605
-0.387770 -0.236324 0.498016 2.170405 -0.981727 -0.243191 0.890936 -0.247005 -0.415236 -0.000572 0.144388 2.214656 -1.303693 -0.394255 0.391585 0.024987
-0.387770 -0.236324 0.498016 2.170405 -0.981727 -0.243191 0.890936 -0.247005 -0.415236 -0.000572 0.144388 2.214656 -1.303693 -0.394255 0.391585 0.024605
-0.387770 -0.236324 0.498016 2.170405 -0.981727 -0.243191 0.890936 -0.247005 -0.415236 -0.000572 0.144388 2.214656 -1.303693 -0.394255 0.391585 0.024605
-0.387770 -0.236324 0.498016 2.170405 -0.981727 -0.243191 0.890936 -0.247005 -0.415236 -0.000572 0.144388 2.214656 -1.303311 -0.394255 0.391585 0.024605
-0.387770 -0.236324 0.498016 2.170405 -0.981727 -0.243191 0.890936 -0.247005 -0.415236 -0.000572 0.144388 2.214656 -1.303693 -0.394255 0.391585 0.024605
-0.387770 -0.236324 0.498016 2.170405 -0.981727 -0.243191 0.890936 -0.247005 -0.415236 -0.000572 0.144388 2.214656 -1.303311 -0.394255 0.391585 0.024605
-0.387770 -0.236324 0.498016 2.170405 -0.981346 -0.243572 0.890936 -0.247005 -0.415236 -0.000572 0.144388 2.214656 -1.303693 -0.394255 0.391585 0.024605
-0.387770 -0.236324 0.498016 2.170405 -0.981346 -0.244335 0.890936 -0.247005 -0.415236 -0.000572 0.144388 2.214656 -1.303311 -0.394255 0.391585 0.024605
-0.387770 -0.236324 0.498016 2.170405 -0.981727 -0.247005 0.890936 -0.247005 -0.415236 -0.000572 0.144388 2.214656 -1.303693 -0.394255 0.391585 0.024605
-0.387770 -0.236324 0.498016 2.170405 -0.981346 -0.247768 0.890936 -0.247005 -0.415236 -0.000572 0.144388 2.214656 -1.303693 -0.394255 0.391585 0.024605
-0.387770 -0.236324 0.498016 2.170405 -0.981727 -0.248150 0.890936 -0.246624 -0.415236 -0.000572 0.144388 2.214656 -1.303311 -0.394255 0.391585 0.024605
-0.387770 -0.236324 0.498016 2.170405 -0.981346 -0.250057 0.890936 -0.246624 -0.415236 -0.000572 0.144388 2.214656 -1.303693 -0.394255 0.391585 0.024605
-0.387770 -0.236324 0.498016 2.170405 -0.981346 -0.250439 0.890936 -0.246624 -0.415236 -0.000572 0.144388 2.214656 -1.303311 -0.394255 0.391585 0.024605
-0.387770 -0.236324 0.498016 2.170405 -0.981346 -0.250439 0.890936 -0.246624 -0.415236 -0.000572 0.144388 2.214656 -1.303693 -0.394255 0.391585 0.024605
-0.387770 -0.236324 0.498016 2.170405 -0.981346 -0.250439 0.890936 -0.246624 -0.415236 -0.000572 0.144388 2.214656 -1.303311 -0.394255 0.391585 0.024605
-0.387770 -0.236324 0.498016 2.170405 -0.981346 -0.250439 0.890936 -0.246624 -0.415236 -0.000572 0.144388 2.214656 -1.303693 -0.394255 0.391585 0.024605
-0.387770 -0.236324 0.498016 2.170405 -0.981727 -0.250439 0.890936 -0.246242 -0.415236 -0.000572 0.144388 2.214656 -1.303693 -0.394255 0.391585 0.024605
-0.387770 -0.236324 0.498016 2.170405 -0.981727 -0.250820 0.890936 -0.246242 -0.415236 -0.000572 0.144388 2.214656 -1.303693 -0.394255 0.391585 0.024605
-0.387770 -0.236324 0.498016 2.170405 -0.981727 -0.250820 0.890936 -0.246242 -0.415236 -0.000572 0.144388 2.214656 -1.303311 -0.394255 0.391585 0.024605
-0.387770 -0.236324 0.498016 2.170405 -0.981727 -0.250820 0.890936 -0.245861 -0.415236 -0.000572 0.144388 2.214656 -1.303311 -0.394255 0.391585 0.024605
-0.387770 -0.236324 0.498016 2.170405 -0.981727 -0.250820 0.890936 -0.245480 -0.415236 -0.000572 0.144388 2.214656 -1.303311 -0.394255 0.391585 0.024605
-0.387770 -0.236324 0.498016 2.170405 -0.981727 -0.251202 0.890936 -0.243954 -0.415236 -0.000572 0.144388 2.214656 -1.303693 -0.394255 0.391585 0.024605
-0.387770 -0.236324 0.498016 2.170405 -0.981727 -0.251202 0.890936 -0.239376 -0.415236 -0.000572 0.144388 2.214656 -1.303311 -0.394255 0.391585 0.024605
-0.387770 -0.236324 0.498016 2.170405 -0.981727 -0.251583 0.890936 -0.231746 -0.415236 -0.000572 0.144388 2.214656 -1.303693 -0.394255 0.391585 0.024605
-0.387770 -0.236324 0.498016 2.170405 -0.981727 -0.251583 0.890936 -0.221447 -0.415236 -0.000572 0.144388 2.214656 -1.303311 -0.394255 0.391585 0.024605
-0.387770 -0.236324 0.498016 2.170405 -0.981727 -0.251965 0.890936 -0.209621 -0.415236 -0.000572 0.144388 2.214656 -1.303693 -0.394255 0.391585 0.024605
-0.387770 -0.236324 0.498016 2.170405 -0.981727 -0.253491 0.890936 -0.196269 -0.415236 -0.000572 0.144388 2.214656 -1.303311 -0.394255 0.391585 0.024605
-0.387770 -0.236324 0.498016 2.170405 -0.981727 -0.254253 0.890936 -0.184062 -0.415236 -0.000572 0.144388 2.214656 -1.303693 -0.394255 0.391585 0.024605
-0.387770 -0.236324 0.498016 2.170405 -0.981727 -0.254253 0.890936 -0.171855 -0.415236 -0.000572 0.144388 2.214656 -1.303693 -0.394255 0.391585 0.024605
-0.387770 -0.236324 0.498016 2.170405 -0.981727 -0.254253 0.890936 -0.161555 -0.415236 -0.000572 0.144388 2.214656 -1.303311 -0.394255 0.391585 0.024605
-0.387770 -0.236324 0.498016 2.170405 -0.981727 -0.254253 0.890936 -0.152781 -0.415236 -0.000572 0.144388 2.214656 -1.303693 -0.394255 0.391585 0.024987
-0.387770 -0.236324 0.498016 2.170405 -0.981727 -0.254253 0.890936 -0.145914 -0.415236 -0.000572 0.144388 2.214656 -1.303311 -0.394255 0.391585 0.024605
-0.387770 -0.236324 0.498016 2.170405 -0.981727 -0.254253 0.890936 -0.140192 -0.415236 -0.000572 0.144388 2.214656 -1.303311 -0.394255 0.391585 0.024605
-0.387770 -0.236324 0.498016 2.170405 -0.982109 -0.254253 0.890936 -0.136759 -0.415236 -0.000572 0.144388 2.214656 -1.303693 -0.394255 0.391585 0.024605
-0.387770 -0.236324 0.498016 2.170405 -0.982109 -0.254253 0.890936 -0.134089 -0.415236 -0.000572 0.144388 2.214656 -1.303693 -0.394255 0.391585 0.024605
-0.387770 -0.236324 0.498016 2.170405 -0.982109 -0.254253 0.890936 -0.134470 -0.415236 -0.000572 0.144388 2.214656 -1.303693 -0.394255 0.391585 0.024605
-0.387770 -0.236324 0.498016 2.170405 -0.982109 -0.254635 0.890936 -0.134470 -0.415236 -0.000572 0.144388 2.214656 -1.303693 -0.394255 0.391585 0.024605
-0.387770 -0.236324 0.498016 2.170405 -0.982109 -0.254253 0.890936 -0.134470 -0.415236 -0.000572 0.144388 2.214656 -1.303693 -0.394255 0.391585 0.024605
-0.387770 -0.236324 0.498016 2.170405 -0.981727 -0.254253 0.890936 -0.134470 -0.415236 -0.000572 0.144388 2.214656 -1.303311 -0.394255 0.391585 0.024605
-0.387770 -0.236706 0.498016 2.170405 -0.981727 -0.254253 0.890936 -0.134470 -0.415236 -0.000572 0.144388 2.214656 -1.303693 -0.394255 0.391585 0.024605
-0.387770 -0.236324 0.498016 2.170405 -0.982109 -0.254253 0.890936 -0.134470 -0.415236 -0.000572 0.144388 2.214656 -1.303693 -0.394255 0.391585 0.024605
-0.387770 -0.236324 0.498016 2.170405 -0.981727 -0.254253 0.890936 -0.134470 -0.415236 -0.000572 0.144388 2.214656 -1.303693 -0.394255 0.391585 0.024605
-0.387770 -0.236324 0.498016 2.170405 -0.981727 -0.254635 0.890936 -0.134852 -0.415236 -0.000572 0.144388 2.214656 -1.303693 -0.394255 0.391585 0.024987
-0.387770 -0.236324 0.498016 2.170405 -0.981727 -0.254253 0.890936 -0.134852 -0.415236 -0.000572 0.144388 2.214656 -1.303693 -0.394255 0.391585 0.024605
-0.387770 -0.236324 0.498016 2.170405 -0.981727 -0.254635 0.890936 -0.135233 -0.415236 -0.000572 0.144388 2.214656 -1.303693 -0.394255 0.391585 0.024605
-0.387770 -0.236324 0.498016 2.170405 -0.981727 -0.254253 0.890936 -0.135233 -0.415236 -0.000572 0.144388 2.214656 -1.303311 -0.394255 0.391585 0.024605
-0.387770 -0.236324 0.498016 2.170405 -0.981727 -0.254635 0.890936 -0.135233 -0.415236 -0.000572 0.144388 2.214656 -1.303311 -0.394255 0.391585 0.024605
-0.387770 -0.236324 0.498016 2.170405 -0.981727 -0.254635 0.890936 -0.135233 -0.415236 -0.000572 0.144388 2.214656 -1.303693 -0.394255 0.391585 0.024605
-0.387770 -0.236324 0.498016 2.170405 -0.981727 -0.254635 0.890936 -0.135233 -0.415236 -0.000572 0.144388 2.214656 -1.303693 -0.394255 0.391585 0.024605
-0.387770 -0.236324 0.498016 2.170405 -0.981727 -0.255016 0.890936 -0.135615 -0.415236 -0.000572 0.144388 2.214656 -1.303311 -0.394255 0.391585 0.024605
-0.387770 -0.236324 0.498016 2.170405 -0.981727 -0.255779 0.890936 -0.135615 -0.415236 -0.000572 0.144388 2.214656 -1.303311 -0.394255 0.391585 0.024605
-0.387770 -0.236324 0.498016 2.170405 -0.981727 -0.258068 0.890936 -0.135615 -0.415236 -0.000572 0.144388 2.214656 -1.303693 -0.394255 0.391585 0.024605
-0.387770 -0.236324 0.498016 2.170405 -0.981727 -0.259976 0.890936 -0.135615 -0.415236 -0.000572 0.144388 2.214656 -1.303311 -0.394255 0.391585 0.024605
-0.387770 -0.236324 0.498016 2.170405 -0.981727 -0.261883 0.890936 -0.135615 -0.415236 -0.000572 0.144388 2.214656 -1.303693 -0.394255 0.391585 0.024605
-0.387770 -0.236706 0.498016 2.170405 -0.981727 -0.261883 0.890936 -0.135615 -0.415236 -0.000572 0.144388 2.214656 -1.303693 -0.394255 0.391585 0.024605
-0.387770 -0.236324 0.498016 2.170405 -0.981727 -0.261883 0.890555 -0.135615 -0.415236 -0.000572 0.144388 2.214656 -1.303311 -0.394255 0.391585 0.024605
-0.387770 -0.236324 0.498016 2.170405 -0.981727 -0.261883 0.890555 -0.135996 -0.415236 -0.000572 0.144388 2.214656 -1.303693 -0.394255 0.391585 0.024605
-0.387770 -0.236324 0.498016 2.170405 -0.982109 -0.261883 0.890936 -0.136378 -0.415236 -0.000572 0.144388 2.214656 -1.303693 -0.394255 0.391585 0.024605
-0.387770 -0.236324 0.498016 2.170405 -0.981727 -0.261883 0.890555 -0.138285 -0.415236 -0.000572 0.144388 2.214656 -1.303693 -0.394255 0.391585 0.024605
-0.387770 -0.236324 0.498016 2.170405 -0.982109 -0.261883 0.890936 -0.140574 -0.415236 -0.000572 0.144388 2.214656 -1.303693 -0.394255 0.391585 0.024605
-0.387770 -0.236324 0.498016 2.170405 -0.982109 -0.261883 0.890555 -0.143244 -0.415236 -0.000572 0.144388 2.214656 -1.303693 -0.394255 0.391585 0.024605
-0.387388 -0.236324 0.498016 2.170405 -0.982109 -0.261883 0.890936 -0.146296 -0.415236 -0.000572 0.144388 2.214656 -1.303693 -0.394255 0.391585 0.024605
-0.387770 -0.236324 0.498016 2.170405 -0.982109 -0.262264 0.890555 -0.148585 -0.415236 -0.000572 0.144388 2.214656 -1.303693 -0.394255 0.391585 0.024605
-0.387770 -0.236324 0.498016 2.170405 -0.982109 -0.262264 0.890555 -0.151255 -0.415236 -0.000572 0.144388 2.214656 -1.303311 -0.394255 0.391585 0.024605
-0.387770 -0.236324 0.498016 2.170405 -0.982109 -0.262264 0.890555 -0.153162 -0.415236 -0.000572 0.144388 2.214656 -1.303693 -0.394255 0.391585 0.024605
-0.387770 -0.236324 0.498016 2.170405 -0.982109 -0.262264 0.890555 -0.154307 -0.415236 -0.000572 0.144388 2.214656 -1.303693 -0.394636 0.391585 0.024605
-0.387770 -0.236324 0.498016 2.170405 -0.982109 -0.262264 0.890555 -0.153925 -0.415236 -0.000572 0.144388 2.214656 -1.303693 -0.394255 0.391585 0.024605
-0.387770 -0.236324 0.498016 2.170405 -0.982109 -0.262264 0.890555 -0.153925 -0.415236 -0.000572 0.144388 2.214656 -1.303693 -0.394255 0.391585 0.024605
-0.387770 -0.236324 0.498016 2.170405 -0.982109 -0.262264 0.890555 -0.153925 -0.415236 -0.000572 0.144388 2.214656 -1.303693 -0.394255 0.391585 0.024605
-0.387770 -0.236706 0.498016 2.170405 -0.982109 -0.262264 0.890555 -0.153925 -0.415236 -0.000572 0.144388 2.214656 -1.303693 -0.394255 0.391585 0.024605
-0.387770 -0.236324 0.498016 2.170405 -0.982109 -0.261883 0.890555 -0.153925 -0.415236 -0.000572 0.144388 2.214656 -1.303693 -0.394255 0.391585 0.024605
-0.387770 -0.236324 0.498016 2.170405 -0.981727 -0.262264 0.890555 -0.153925 -0.415236 -0.000572 0.144388 2.214656 -1.303693 -0.394255 0.391585 0.024605
-0.387770 -0.236706 0.498016 2.170405 -0.982109 -0.261883 0.890555 -0.153925 -0.415236 -0.000572 0.144388 2.214656 -1.303693 -0.394255 0.391585 0.024605
-0.387388 -0.236324 0.498016 2.170405 -0.982109 -0.262264 0.890555 -0.153925 -0.415236 -0.000572 0.144388 2.214656 -1.303311 -0.394255 0.391585 0.024605
-0.387388 -0.236324 0.498016 2.170405 -0.982109 -0.262264 0.890555 -0.153925 -0.415236 -0.000572 0.144388 2.214656 -1.303693 -0.394255 0.391585 0.024605
-0.387388 -0.236706 0.498016 2.170405 -0.981727 -0.262264 0.890555 -0.153925 -0.415236 -0.000572 0.144388 2.214656 -1.303693 -0.394255 0.391585 0.024605
-0.387388 -0.236324 0.498016 2.170405 -0.981727 -0.262264 0.890555 -0.153925 -0.415236 -0.000572 0.144388 2.214656 -1.303311 -0.394255 0.391585 0.024605
-0.387770 -0.236324 0.498016 2.170405 -0.982109 -0.262264 0.890555 -0.153925 -0.415236 -0.000572 0.144388 2.214656 -1.303311 -0.394255 0.391585 0.024605
-0.387388 -0.236706 0.498016 2.170405 -0.981727 -0.262264 0.890555 -0.153925 -0.415236 -0.000572 0.144388 2.214656 -1.303693 -0.394255 0.391585 0.024605
-0.387770 -0.236324 0.498016 2.170405 -0.982109 -0.262264 0.890555 -0.153925 -0.415236 -0.000572 0.144388 2.214656 -1.303693 -0.394255 0.391585 0.024605
-0.387770 -0.236706 0.498016 2.170405 -0.982109 -0.262264 0.890555 -0.153925 -0.415236 -0.000572 0.144388 2.214656 -1.303693 -0.394255 0.391585 0.024605
-0.387388 -0.236324 0.498016 2.170405 -0.982109 -0.262264 0.890555 -0.153925 -0.415236 -0.000572 0.144388 2.214656 -1.303693 -0.394255 0.391585 0.024605
-0.387388 -0.236324 0.498016 2.170405 -0.982109 -0.262264 0.890555 -0.153925 -0.415236 -0.000572 0.144388 2.214656 -1.303311 -0.394255 0.391585 0.024605
-0.387388 -0.236324 0.498016 2.170405 -0.982109 -0.262264 0.890555 -0.153925 -0.415236 -0.000572 0.144388 2.214656 -1.303693 -0.394255 0.391585 0.024605
-0.387770 -0.236324 0.498016 2.170405 -0.982109 -0.262264 0.890555 -0.153925 -0.415236 -0.000572 0.144388 2.214656 -1.303311 -0.394255 0.391585 0.024605
-0.387770 -0.236324 0.498016 2.170405 -0.982109 -0.262264 0.890555 -0.153925 -0.415236 -0.000572 0.144388 2.214656 -1.303311 -0.394255 0.391585 0.024605
-0.387770 -0.236324 0.498016 2.170405 -0.982109 -0.262264 0.890555 -0.153544 -0.415236 -0.000572 0.144388 2.214656 -1.303311 -0.394255 0.391585 0.024605
-0.387770 -0.236324 0.498016 2.170405 -0.982109 -0.262264 0.890555 -0.153544 -0.415236 -0.000572 0.144388 2.214656 -1.303693 -0.394255 0.391585 0.024605
-0.387770 -0.236324 0.498016 2.170405 -0.982109 -0.262264 0.890555 -0.153544 -0.415236 -0.000572 0.144388 2.214656 -1.303693 -0.394255 0.391585 0.024987
-0.387388 -0.236324 0.498016 2.170405 -0.982109 -0.262264 0.890555 -0.153544 -0.415236 -0.000572 0.144388 2.214656 -1.303311 -0.394255 0.391585 0.024605
-0.387770 -0.236706 0.498016 2.170405 -0.982109 -0.262264 0.890555 -0.153544 -0.415236 -0.000572 0.144388 2.214656 -1.303693 -0.394255 0.391585 0.024605
-0.387770 -0.236324 0.498016 2.170405 -0.981727 -0.262264 0.890555 -0.153544 -0.415236 -0.000572 0.144388 2.214656 -1.303311 -0.394255 0.391585 0.024605
-0.387770 -0.236324 0.498016 2.170405 -0.982109 -0.262264 0.890555 -0.153544 -0.415236 -0.000572 0.144388 2.214656 -1.303693 -0.394255 0.391585 0.024605
-0.387770 -0.236324 0.498016 2.170405 -0.982109 -0.262264 0.890555 -0.153544 -0.415236 -0.000572 0.144388 2.214656 -1.303311 -0.394255 0.391585 0.024605
-0.387770 -0.236324 0.498016 2.170405 -0.981727 -0.262264 0.890555 -0.153544 -0.415236 -0.000572 0.144388 2.214656 -1.303693 -0.394636 0.391585 0.024605
-0.387388 -0.236324 0.498016 2.170405 -0.981727 -0.262264 0.890555 -0.153544 -0.415236 -0.000572 0.144388 2.214656 -1.303693 -0.394255 0.391585 0.024605
-0.387770 -0.236324 0.498016 2.170405 -0.982109 -0.262264 0.890555 -0.153544 -0.415236 -0.000572 0.144388 2.214656 -1.303311 -0.394255 0.391585 0.024605
-0.387770 -0.236324 0.498016 2.170405 -0.982109 -0.262264 0.890555 -0.153162 -0.415236 -0.000572 0.144388 2.214656 -1.303693 -0.394255 0.391585 0.024605
-0.387388 -0.236324 0.498016 2.170405 -0.982109 -0.262264 0.890555 -0.153544 -0.415236 -0.000572 0.144388 2.214656 -1.303693 -0.394255 0.391585 0.024605
-0.387770 -0.236324 0.498016 2.170405 -0.982109 -0.262264 0.890555 -0.153162 -0.415236 -0.000572 0.144388 2.214656 -1.303311 -0.394255 0.391585 0.024605
-0.387770 -0.236324 0.498016 2.170405 -0.982109 -0.262264 0.890555 -0.153544 -0.415236 -0.000572 0.144388 2.214656 -1.303693 -0.394255 0.391585 0.024605
-0.387770 -0.236324 0.498016 2.170405 -0.982109 -0.262264 0.890555 -0.153544 -0.415236 -0.000572 0.144388 2.214656 -1.303693 -0.394255 0.391585 0.024605
-0.387770 -0.236706 0.498016 2.170405 -0.982109 -0.262264 0.890555 -0.153544 -0.415236 -0.000572 0.144388 2.214656 -1.303311 -0.394255 0.391585 0.024605
-0.387770 -0.236324 0.498016 2.170405 -0.982109 -0.262264 0.890555 -0.153162 -0.415236 -0.000572 0.144388 2.214656 -1.303693 -0.394255 0.391585 0.024605
-0.387388 -0.236324 0.498016 2.170405 -0.982109 -0.262264 0.890555 -0.153544 -0.415236 -0.000572 0.144388 2.214656 -1.303693 -0.394255 0.391585 0.024605
-0.387388 -0.236324 0.498016 2.170405 -0.982109 -0.262264 0.890555 -0.153544 -0.415236 -0.000572 0.144388 2.214656 -1.303311 -0.394255 0.391585 0.024605
-0.387770 -0.236324 0.498016 2.170405 -0.982109 -0.262264 0.890555 -0.153162 -0.415236 -0.000572 0.144388 2.214656 -1.303311 -0.394255 0.391585 0.024605
-0.387770 -0.236324 0.498016 2.170405 -0.982109 -0.262264 0.890555 -0.153162 -0.415236 -0.000572 0.144388 2.214656 -1.303693 -0.394255 0.391585 0.024605
-0.387388 -0.236324 0.498016 2.170405 -0.982109 -0.262264 0.890555 -0.152781 -0.415236 -0.000572 0.144388 2.214656 -1.303693 -0.394255 0.391585 0.024605
-0.387770 -0.236324 0.498016 2.170405 -0.982109 -0.262264 0.890555 -0.152781 -0.415236 -0.000572 0.144388 2.214656 -1.303311 -0.394255 0.391585 0.024605
-0.387770 -0.236706 0.498016 2.170405 -0.981727 -0.262264 0.890936 -0.152399 -0.415236 -0.000572 0.144388 2.214656 -1.303693 -0.394255 0.391585 0.024605
-0.387770 -0.236706 0.498016 2.170405 -0.982109 -0.262264 0.890555 -0.152399 -0.415236 -0.000572 0.144388 2.214656 -1.303311 -0.394255 0.391585 0.024605
-0.387770 -0.236324 0.498016 2.170405 -0.981727 -0.262264 0.890936 -0.152399 -0.415236 -0.000572 0.144388 2.214656 -1.303311 -0.394636 0.391585 0.024605
-0.387770 -0.236324 0.498016 2.170405 -0.981727 -0.262264 0.890936 -0.152018 -0.415236 -0.000572 0.144388 2.214656 -1.303693 -0.394255 0.391585 0.024605
-0.387770 -0.236324 0.498016 2.170405 -0.981727 -0.262264 0.890936 -0.151255 -0.415236 -0.000572 0.144388 2.214656 -1.303693 -0.394255 0.391585 0.024605
-0.387388 -0.236324 0.498016 2.170405 -0.981727 -0.261883 0.890936 -0.148966 -0.415236 -0.000572 0.144388 2.214656 -1.303693 -0.394255 0.391585 0.024605
-0.387770 -0.236324 0.498016 2.170405 -0.981727 -0.262264 0.890555 -0.146296 -0.415236 -0.000572 0.144388 2.214656 -1.303693 -0.394255 0.391585 0.024605
-0.387770 -0.236706 0.498016 2.170405 -0.981727 -0.262264 0.890936 -0.143626 -0.415236 -0.000572 0.144388 2.214656 -1.303693 -0.394255 0.391585 0.024605
-0.387770 -0.236324 0.498016 2.170405 -0.981727 -0.262264 0.890555 -0.140955 -0.415236 -0.000572 0.144388 2.214656 -1.303693 -0.394255 0.391585 0.024605
-0.387388 -0.236324 0.498016 2.170405 -0.981727 -0.262264 0.890555 -0.140192 -0.415236 -0.000572 0.144388 2.214656 -1.303311 -0.394255 0.391585 0.024987
-0.387770 -0.236324 0.498016 2.170405 -0.981727 -0.262264 0.890936 -0.140192 -0.415236 -0.000572 0.144388 2.214656 -1.303693 -0.394255 0.391585 0.024605
-0.387388 -0.236706 0.498016 2.170405 -0.981727 -0.262264 0.890555 -0.139811 -0.415236 -0.000572 0.144388 2.214656 -1.303311 -0.394255 0.391585 0.024605
-0.387388 -0.236706 0.498016 2.170405 -0.981727 -0.262264 0.890936 -0.137903 -0.415236 -0.000572 0.144388 2.214656 -1.303693 -0.394255 0.391585 0.024605
-0.387770 -0.236324 0.498016 2.170405 -0.981727 -0.262264 0.890936 -0.135615 -0.415236 -0.000572 0.144388 2.214656 -1.303311 -0.394255 0.391585 0.024605
-0.387388 -0.236324 0.498016 2.170405 -0.982109 -0.262264 0.890555 -0.132563 -0.415236 -0.000572 0.144388 2.214656 -1.303311 -0.394255 0.391585 0.024605
-0.387388 -0.236706 0.498016 2.170405 -0.982109 -0.262264 0.890555 -0.129511 -0.415236 -0.000572 0.144388 2.214656 -1.303693 -0.394255 0.391585 0.024605
-0.387770 -0.236324 0.498016 2.170405 -0.982109 -0.262264 0.890936 -0.125696 -0.415236 -0.000572 0.144388 2.214656 -1.303311 -0.394255 0.391585 0.024605
-0.387388 -0.236706 0.498016 2.170405 -0.982109 -0.262264 0.890555 -0.121881 -0.415236 -0.000572 0.144388 2.214656 -1.303693 -0.394255 0.391585 0.024605
-0.387770 -0.236324 0.498016 2.170405 -0.982109 -0.262264 0.890555 -0.118830 -0.415236 -0.000572 0.144388 2.214656 -1.303311 -0.394255 0.391585 0.024605
-0.387388 -0.236324 0.498016 2.170405 -0.982109 -0.262264 0.890936 -0.116541 -0.415236 -0.000572 0.144388 2.214656 -1.303693 -0.394255 0.391585 0.024605
-0.387770 -0.236324 0.498016 2.170405 -0.982109 -0.262264 0.890555 -0.115015 -0.415236 -0.000572 0.144388 2.214656 -1.303693 -0.394255 0.391585 0.024605
-0.387770 -0.236324 0.498016 2.170405 -0.982109 -0.262264 0.890936 -0.115396 -0.415236 -0.000572 0.144388 2.214656 -1.303693 -0.394255 0.391585 0.024987
-0.387388 -0.236324 0.498016 2.170405 -0.982109 -0.261883 0.890555 -0.115396 -0.415236 -0.000572 0.144388 2.214656 -1.303311 -0.394636 0.391585 0.024605
-0.387388 -0.236706 0.498016 2.170405 -0.982109 -0.261883 0.890555 -0.115396 -0.415236 -0.000572 0.144388 2.214656 -1.303311 -0.394255 0.391585 0.024605
-0.387770 -0.236324 0.498016 2.170405 -0.982109 -0.261883 0.890555 -0.115396 -0.415236 -0.000572 0.144388 2.214656 -1.303693 -0.394255 0.391585 0.024605
-0.387770 -0.236324 0.498016 2.170405 -0.982109 -0.262264 0.890555 -0.115778 -0.415236 -0.000572 0.144388 2.214656 -1.303693 -0.394255 0.391585 0.024605
-0.387388 -0.236324 0.498016 2.170405 -0.982109 -0.262264 0.890936 -0.115778 -0.415236 -0.000572 0.144388 2.214656 -1.303693 -0.394255 0.391585 0.024605
-0.387388 -0.236324 0.498016 2.170405 -0.982109 -0.262264 0.890936 -0.115778 -0.415236 -0.000572 0.144388 2.214656 -1.303311 -0.394255 0.391585 0.024605
-0.387388 -0.236324 0.498016 2.170405 -0.982490 -0.262264 0.890555 -0.115778 -0.415236 -0.000572 0.144388 2.214656 -1.303311 -0.394255 0.391585 0.024605
-0.387388 -0.236324 0.498016 2.170405 -0.982490 -0.262264 0.890555 -0.115778 -0.415236 -0.000572 0.144388 2.214656 -1.303693 -0.394255 0.391585 0.024605
-0.387388 -0.236324 0.498016 2.170405 -0.982490 -0.262264 0.890555 -0.116159 -0.415236 -0.000572 0.144388 2.214656 -1.303693 -0.394255 0.391585 0.024605
-0.387388 -0.236324 0.498016 2.170405 -0.982490 -0.262264 0.890555 -0.116159 -0.415236 -0.000572 0.144388 2.214656 -1.303311 -0.394255 0.391585 0.024605
-0.387388 -0.236324 0.498016 2.170405 -0.982872 -0.262264 0.890555 -0.116159 -0.415236 -0.000572 0.144388 2.214656 -1.303311 -0.394255 0.391585 0.024605
-0.387388 -0.236324 0.498016 2.170405 -0.983253 -0.262264 0.890555 -0.116159 -0.415236 -0.000572 0.144388 2.214656 -1.303693 -0.394255 0.391585 0.024605
-0.387388 -0.236324 0.498016 2.170405 -0.983635 -0.262264 0.890555 -0.116159 -0.415236 -0.000572 0.144388 2.214656 -1.303311 -0.394255 0.391585 0.024605
-0.387388 -0.236324 0.498016 2.170405 -0.984398 -0.262264 0.890555 -0.116159 -0.415236 -0.000572 0.144388 2.214656 -1.303311 -0.394255 0.391585 0.024605
-0.387388 -0.236324 0.498016 2.170405 -0.984398 -0.262264 0.890555 -0.116159 -0.415236 -0.000572 0.144388 2.214656 -1.303693 -0.394255 0.391585 0.024987
-0.387388 -0.236324 0.498016 2.170405 -0.984398 -0.262264 0.890555 -0.116159 -0.415236 -0.000572 0.144388 2.214656 -1.303311 -0.394255 0.391585 0.024605
-0.387388 -0.236324 0.498016 2.170405 -0.984398 -0.262264 0.890555 -0.116541 -0.415236 -0.000572 0.144388 2.214656 -1.303693 -0.394255 0.391585 0.024605
-0.387388 -0.236324 0.498016 2.170405 -0.984398 -0.262264 0.890555 -0.116541 -0.415236 -0.000572 0.144388 2.214656 -1.303311 -0.394255 0.391585 0.024987
-0.387388 -0.236324 0.498016 2.170405 -0.984398 -0.262264 0.890555 -0.116541 -0.415236 -0.000572 0.144388 2.214656 -1.303311 -0.394255 0.391585 0.024605
-0.387388 -0.236324 0.498016 2.170405 -0.984398 -0.262646 0.890555 -0.116541 -0.415236 -0.000572 0.144388 2.214656 -1.303693 -0.394255 0.391585 0.024605
-0.387388 -0.236706 0.498016 2.170405 -0.984779 -0.263027 0.890555 -0.116541 -0.415236 -0.000572 0.144388 2.214656 -1.303693 -0.394255 0.391585 0.024605
-0.387770 -0.236324 0.498016 2.170405 -0.984398 -0.263790 0.890555 -0.116541 -0.415236 -0.000572 0.144388 2.214656 -1.303693 -0.394255 0.391585 0.024605
-0.387388 -0.236324 0.498016 2.170405 -0.984398 -0.265316 0.890555 -0.116541 -0.415236 -0.000572 0.144388 2.214656 -1.303693 -0.394255 0.391585 0.024605
-0.387388 -0.236324 0.498016 2.170405 -0.984398 -0.266079 0.890555 -0.116541 -0.415236 -0.000572 0.144388 2.214656 -1.303311 -0.394255 0.391585 0.024605
-0.387388 -0.236324 0.498016 2.170405 -0.984398 -0.266461 0.890555 -0.116541 -0.415236 -0.000572 0.144388 2.214656 -1.303311 -0.394255 0.391585 0.024605
-0.387388 -0.236324 0.498016 2.170405 -0.984398 -0.267605 0.890555 -0.116541 -0.415236 -0.000572 0.144388 2.214656 -1.303311 -0.394255 0.391585 0.024605
-0.387388 -0.236706 0.498016 2.170405 -0.984398 -0.269131 0.890555 -0.116541 -0.415236 -0.000572 0.144388 2.214656 -1.303693 -0.394255 0.391585 0.024605
-0.387388 -0.236324 0.498016 2.170405 -0.984398 -0.269512 0.890555 -0.116541 -0.415236 -0.000572 0.144388 2.214656 -1.303693 -0.394255 0.391585 0.024605
-0.387388 -0.236324 0.498016 2.170405 -0.984398 -0.269512 0.890555 -0.116541 -0.415236 -0.000572 0.144388 2.214656 -1.303311 -0.394255 0.391585 0.024605
-0.387770 -0.236324 0.498016 2.170405 -0.984398 -0.269512 0.890555 -0.116541 -0.415236 -0.000572 0.144388 2.214656 -1.303693 -0.394255 0.391585 0.024605
-0.387388 -0.236324 0.498016 2.170405 -0.984398 -0.269512 0.890555 -0.116541 -0.415236 -0.000572 0.144388 2.214656 -1.303311 -0.394255 0.391585 0.024605
-0.387770 -0.236324 0.498016 2.170405 -0.984398 -0.269512 0.890555 -0.116541 -0.415236 -0.000572 0.144388 2.214656 -1.303693 -0.394255 0.391585 0.024605
-0.387770 -0.236324 0.498016 2.170405 -0.984398 -0.269512 0.890555 -0.116541 -0.415236 -0.000572 0.144388 2.214656 -1.303693 -0.394255 0.391585 0.024605
-0.387770 -0.236324 0.498016 2.170405 -0.984398 -0.269512 0.890555 -0.116922 -0.415236 -0.000572 0.144388 2.214656 -1.303311 -0.394255 0.391585 0.024605
-0.387770 -0.236324 0.498016 2.170405 -0.984398 -0.269512 0.890173 -0.116541 -0.415236 -0.000572 0.144388 2.214656 -1.303693 -0.394255 0.391585 0.024605
-0.387770 -0.236324 0.498016 2.170405 -0.984398 -0.269512 0.890173 -0.116541 -0.415236 -0.000572 0.144388 2.214656 -1.303693 -0.394255 0.391585 0.024605
-0.387770 -0.236324 0.498016 2.170405 -0.984398 -0.269512 0.890173 -0.116541 -0.415236 -0.000572 0.144388 2.214656 -1.303693 -0.394255 0.391585 0.024605
-0.387388 -0.236324 0.498016 2.170405 -0.984398 -0.269512 0.890173 -0.116541 -0.415236 -0.000572 0.144388 2.214656 -1.303311 -0.394255 0.391585 0.024987
-0.387388 -0.236706 0.498016 2.170405 -0.984398 -0.269512 0.890173 -0.116922 -0.415236 -0.000572 0.144388 2.214656 -1.303311 -0.394255 0.391585 0.024605
-0.387388 -0.236324 0.498016 2.170405 -0.984398 -0.269512 0.890173 -0.116541 -0.415236 -0.000572 0.144388 2.214656 -1.303693 -0.394255 0.391585 0.024605
-0.387770 -0.236706 0.498016 2.170405 -0.984398 -0.269512 0.890173 -0.116541 -0.415236 -0.000572 0.144388 2.214656 -1.303311 -0.394255 0.391585 0.024987
-0.387770 -0.236324 0.498016 2.170405 -0.984016 -0.269512 0.890173 -0.116541 -0.415236 -0.000572 0.144388 2.214656 -1.303311 -0.394255 0.391585 0.024605
-0.387770 -0.236324 0.498016 2.170405 -0.984016 -0.269512 0.890173 -0.116541 -0.415236 -0.000572 0.144388 2.214656 -1.303693 -0.394255 0.391585 0.024605
-0.387388 -0.236324 0.498016 2.170405 -0.984016 -0.269512 0.890173 -0.116541 -0.415236 -0.000572 0.144388 2.214656 -1.303693 -0.394255 0.391585 0.024605
-0.387388 -0.236324 0.498016 2.170405 -0.984016 -0.269512 0.890173 -0.116541 -0.415236 -0.000572 0.144388 2.214656 -1.303693 -0.394255 0.391585 0.024605
-0.387388 -0.236324 0.498016 2.170405 -0.983635 -0.269512 0.890173 -0.116541 -0.415236 -0.000572 0.144388 2.214656 -1.303693 -0.394255 0.391585 0.024605
-0.387388 -0.236324 0.498016 2.170405 -0.983635 -0.269512 0.890173 -0.116541 -0.415236 -0.000572 0.144388 2.214656 -1.303693 -0.394255 0.391585 0.024605
-0.387388 -0.236706 0.498016 2.170405 -0.984016 -0.269512 0.890173 -0.116922 -0.415236 -0.000572 0.144388 2.214656 -1.303311 -0.394255 0.391585 0.024987
-0.387388 -0.236706 0.498016 2.170405 -0.984016 -0.269512 0.890173 -0.116541 -0.415236 -0.000572 0.144388 2.214656 -1.303311 -0.394255 0.391585 0.024605
-0.387388 -0.236324 0.498016 2.170405 -0.983635 -0.269512 0.890173 -0.116541 -0.415236 -0.000572 0.144388 2.214656 -1.303311 -0.394255 0.391585 0.024605
-0.387388 -0.236706 0.498016 2.170405 -0.984016 -0.269512 0.890173 -0.116541 -0.415236 -0.000572 0.144388 2.214656 -1.303311 -0.394255 0.391585 0.024605
-0.387388 -0.236324 0.498016 2.170405 -0.984016 -0.269512 0.890173 -0.116541 -0.415236 -0.000572 0.144388 2.214656 -1.303311 -0.394255 0.391585 0.024605
-0.387388 -0.236706 0.498016 2.170405 -0.984016 -0.269512 0.890173 -0.116541 -0.415236 -0.000572 0.144388 2.214656 -1.303693 -0.394255 0.391585 0.024605
-0.387388 -0.236706 0.498016 2.170405 -0.984016 -0.269512 0.890173 -0.116922 -0.415236 -0.000572 0.144388 2.214656 -1.303693 -0.394255 0.391585 0.024605
-0.387770 -0.236706 0.498016 2.170405 -0.984016 -0.269512 0.890173 -0.116541 -0.415236 -0.000572 0.144388 2.214656 -1.303311 -0.394255 0.391585 0.024605
-0.387770 -0.236706 0.498016 2.170405 -0.984016 -0.269512 0.890173 -0.116541 -0.415236 -0.000572 0.144388 2.214656 -1.303693 -0.394255 0.391585 0.024605
-0.387388 -0.236706 0.498016 2.170405 -0.983635 -0.269512 0.890173 -0.116541 -0.415236 -0.000572 0.144388 2.214656 -1.303693 -0.394255 0.391585 0.024605
-0.387770 -0.236324 0.498016 2.170405 -0.983635 -0.269512 0.890173 -0.116541 -0.415236 -0.000572 0.144388 2.214656 -1.303311 -0.394255 0.391585 0.024605
-0.387388 -0.236706 0.498016 2.170405 -0.984016 -0.269131 0.890173 -0.116541 -0.415236 -0.000572 0.144388 2.214656 -1.303693 -0.394255 0.391585 0.024605
-0.387388 -0.236706 0.498016 2.170405 -0.983635 -0.269512 0.890173 -0.116541 -0.415236 -0.000572 0.144388 2.214656 -1.303693 -0.394255 0.391585 0.024605
-0.387388 -0.236706 0.498016 2.170405 -0.983635 -0.269512 0.890173 -0.116541 -0.415236 -0.000572 0.144388 2.214656 -1.303693 -0.394255 0.391585 0.024605
-0.387388 -0.236706 0.498016 2.170405 -0.983635 -0.269512 0.890173 -0.116541 -0.415236 -0.000572 0.144388 2.214656 -1.303311 -0.394255 0.391585 0.024605
-0.387388 -0.236706 0.498016 2.170405 -0.983635 -0.269131 0.890173 -0.116541 -0.415236 -0.000572 0.144388 2.214656 -1.303311 -0.394255 0.391585 0.024605
-0.387388 -0.236706 0.498016 2.170405 -0.983635 -0.269512 0.890173 -0.116541 -0.415236 -0.000572 0.144388 2.214656 -1.303693 -0.394255 0.391585 0.024605
-0.387388 -0.236706 0.498016 2.170405 -0.984016 -0.269512 0.890173 -0.116541 -0.415236 -0.000572 0.144388 2.214656 -1.303693 -0.394255 0.391585 0.024605
-0.387388 -0.236706 0.498016 2.170405 -0.984016 -0.269512 0.890173 -0.116541 -0.415236 -0.000572 0.144388 2.214656 -1.303311 -0.394255 0.391585 0.024605
-0.387388 -0.236706 0.498016 2.170405 -0.984016 -0.269512 0.890173 -0.116541 -0.415236 -0.000572 0.144388 2.214656 -1.303311 -0.394255 0.391585 0.024605
-0.387388 -0.236706 0.498016 2.170405 -0.984016 -0.269131 0.890173 -0.116541 -0.415236 -0.000572 0.144388 2.214656 -1.303693 -0.394255 0.391585 0.024605
-0.387388 -0.236706 0.498016 2.170405 -0.984398 -0.269131 0.890173 -0.116541 -0.415236 -0.000572 0.144388 2.214656 -1.303311 -0.394255 0.391585 0.024605
-0.387770 -0.236324 0.498016 2.170405 -0.984398 -0.269512 0.890173 -0.116541 -0.415236 -0.000572 0.144388 2.214656 -1.303693 -0.394255 0.391585 0.024605
-0.387770 -0.236706 0.498016 2.170405 -0.984398 -0.269512 0.890173 -0.116541 -0.415236 -0.000572 0.144388 2.214656 -1.303693 -0.394255 0.391585 0.024605
-0.387388 -0.236706 0.498016 2.170405 -0.984779 -0.269512 0.890173 -0.116541 -0.415236 -0.000572 0.144388 2.214656 -1.303693 -0.394255 0.391585 0.024605
-0.387388 -0.236706 0.498016 2.170405 -0.984779 -0.269512 0.890173 -0.116541 -0.415236 -0.000572 0.144388 2.214656 -1.303311 -0.394255 0.391585 0.024605
-0.387388 -0.236706 0.498016 2.170405 -0.984779 -0.269512 0.890173 -0.116541 -0.415236 -0.000572 0.144388 2.214656 -1.303693 -0.394255 0.391585 0.024605
-0.387388 -0.236706 0.498016 2.170405 -0.984779 -0.269512 0.890173 -0.116541 -0.415236 -0.000572 0.144388 2.214656 -1.303311 -0.394255 0.391585 0.024987
-0.387388 -0.236706 0.498016 2.170405 -0.985161 -0.269512 0.890173 -0.116541 -0.415236 -0.000572 0.144388 2.214656 -1.303693 -0.394255 0.391585 0.024605
-0.387388 -0.236706 0.498016 2.170405 -0.984779 -0.269512 0.890173 -0.116541 -0.415236 -0.000572 0.144388 2.214656 -1.303311 -0.394255 0.391585 0.024605
-0.387388 -0.236324 0.498016 2.170405 -0.984779 -0.269512 0.890173 -0.116541 -0.415236 -0.000572 0.144388 2.214656 -1.303693 -0.394255 0.391585 0.024605
-0.387388 -0.236706 0.498016 2.170405 -0.984779 -0.269512 0.890173 -0.116541 -0.415236 -0.000572 0.144388 2.214656 -1.303311 -0.394255 0.391585 0.024605
-0.387388 -0.236706 0.498016 2.170405 -0.984779 -0.269512 0.890173 -0.116541 -0.415236 -0.000572 0.144388 2.214656 -1.303311 -0.394255 0.391585 0.024605
-0.387770 -0.236706 0.498016 2.170405 -0.984398 -0.269512 0.890173 -0.116541 -0.415236 -0.000572 0.144388 2.214656 -1.303693 -0.394255 0.391585 0.024605
-0.387388 -0.236706 0.498016 2.170405 -0.984398 -0.269512 0.890173 -0.116541 -0.415236 -0.000572 0.144388 2.214656 -1.303311 -0.394255 0.391585 0.024605
-0.387388 -0.236706 0.498016 2.170405 -0.984398 -0.269131 0.890173 -0.116541 -0.415236 -0.000572 0.144388 2.214656 -1.303311 -0.394255 0.391585 0.024605
-0.387388 -0.236706 0.498016 2.170405 -0.984398 -0.269131 0.890173 -0.116541 -0.415236 -0.000572 0.144388 2.214656 -1.303693 -0.394255 0.391585 0.024605
-0.387388 -0.236706 0.498016 2.170405 -0.984398 -0.269131 0.890173 -0.116541 -0.415236 -0.000572 0.144388 2.214656 -1.303693 -0.394255 0.391585 0.024605
-0.387388 -0.236706 0.498016 2.170405 -0.984398 -0.269131 0.890173 -0.116541 -0.415236 -0.000572 0.144388 2.214656 -1.303693 -0.394255 0.391585 0.024605
-0.387388 -0.236706 0.498016 2.170405 -0.984398 -0.269131 0.890173 -0.116541 -0.415236 -0.000572 0.144388 2.214656 -1.303693 -0.394255 0.391585 0.024987
-0.387388 -0.236706 0.498016 2.170405 -0.984398 -0.269131 0.890173 -0.116541 -0.415236 -0.000572 0.144388 2.214656 -1.303311 -0.394255 0.391585 0.024605
-0.387388 -0.236706 0.498016 2.170405 -0.984398 -0.269131 0.890173 -0.116541 -0.415236 -0.000572 0.144388 2.214656 -1.303693 -0.394255 0.391585 0.024605
-0.387388 -0.236706 0.498016 2.170405 -0.984398 -0.269131 0.890555 -0.116541 -0.415236 -0.000572 0.144388 2.214656 -1.303693 -0.394255 0.391585 0.024605
-0.387388 -0.236706 0.498016 2.170405 -0.984398 -0.269131 0.890173 -0.116541 -0.415236 -0.000572 0.144388 2.214656 -1.303311 -0.394255 0.391585 0.024605
-0.387388 -0.236706 0.498016 2.170405 -0.984398 -0.269131 0.890555 -0.116541 -0.415236 -0.000572 0.144388 2.214656 -1.303693 -0.394255 0.391585 0.024605
-0.387388 -0.236706 0.498016 2.170405 -0.984398 -0.269131 0.890173 -0.116541 -0.415236 -0.000572 0.144388 2.214656 -1.303693 -0.394255 0.391585 0.024605
-0.387388 -0.236706 0.498016 2.170405 -0.984398 -0.269131 0.890173 -0.116541 -0.415236 -0.000572 0.144388 2.214656 -1.303693 -0.394255 0.391585 0.024605
-0.387388 -0.236706 0.498016 2.170405 -0.984398 -0.269131 0.890173 -0.116541 -0.415236 -0.000572 0.144388 2.214656 -1.303311 -0.394255 0.391585 0.024605
-0.387388 -0.236706 0.498016 2.170405 -0.984398 -0.269131 0.890173 -0.116541 -0.415236 -0.000572 0.144388 2.214656 -1.303311 -0.394255 0.391585 0.024605
-0.387388 -0.236706 0.498016 2.170405 -0.984398 -0.269131 0.890173 -0.116541 -0.415236 -0.000572 0.144388 2.214656 -1.303311 -0.394255 0.391585 0.024605
-0.387388 -0.236706 0.498016 2.170405 -0.984398 -0.269131 0.890173 -0.116541 -0.415236 -0.000572 0.144388 2.214656 -1.303693 -0.394255 0.391585 0.024605
-0.387388 -0.236706 0.498016 2.170405 -0.984398 -0.269131 0.890173 -0.116541 -0.415236 -0.000572 0.144388 2.214656 -1.303693 -0.394255 0.391585 0.024605
-0.387388 -0.236706 0.498016 2.170405 -0.984398 -0.269131 0.890173 -0.116541 -0.415236 -0.000572 0.144388 2.214656 -1.303311 -0.394255 0.391585 0.024605
-0.387388 -0.236706 0.498016 2.170405 -0.984398 -0.269131 0.890173 -0.116541 -0.415236 -0.000572 0.144388 2.214656 -1.303693 -0.394255 0.391585 0.024605
-0.387388 -0.236706 0.498016 2.170405 -0.984398 -0.269131 0.890173 -0.116541 -0.415236 -0.000572 0.144388 2.214656 -1.303311 -0.394255 0.391585 0.024605
-0.387388 -0.236706 0.498016 2.170405 -0.984779 -0.269131 0.890173 -0.116541 -0.415236 -0.000572 0.144388 2.214656 -1.303693 -0.394255 0.391585 0.024605
-0.387388 -0.236706 0.498016 2.170405 -0.984779 -0.269131 0.890555 -0.116541 -0.415236 -0.000572 0.144388 2.214656 -1.303311 -0.394255 0.391585 0.024605
-0.387388 -0.236706 0.498016 2.170405 -0.984779 -0.269131 0.890173 -0.116541 -0.415236 -0.000572 0.144388 2.214656 -1.303693 -0.394255 0.391585 0.024605
-0.387388 -0.236706 0.498016 2.170405 -0.984779 -0.269131 0.890173 -0.116541 -0.415236 -0.000572 0.144388 2.214656 -1.303693 -0.394255 0.391585 0.024605
-0.387388 -0.236706 0.498016 2.170405 -0.984779 -0.269131 0.890173 -0.116541 -0.415236 -0.000572 0.144388 2.214656 -1.303311 -0.394255 0.391585 0.024605
-0.387388 -0.236706 0.498016 2.170405 -0.984779 -0.269131 0.890173 -0.116541 -0.415236 -0.000572 0.144388 2.214656 -1.303693 -0.394255 0.391585 0.024605
-0.387388 -0.236706 0.498016 2.170405 -0.984779 -0.269131 0.890173 -0.116541 -0.415236 -0.000572 0.144388 2.214656 -1.303693 -0.394255 0.391585 0.024605
-0.387388 -0.236706 0.498016 2.170405 -0.984779 -0.269131 0.890173 -0.116541 -0.415236 -0.000572 0.144388 2.214656 -1.303693 -0.394255 0.391585 0.024605
-0.387388 -0.236706 0.498016 2.170405 -0.984398 -0.269512 0.890173 -0.116541 -0.415236 -0.000572 0.144388 2.214656 -1.303693 -0.394255 0.391585 0.024605
-0.387388 -0.236706 0.498016 2.170405 -0.984779 -0.269131 0.890173 -0.116541 -0.415236 -0.000572 0.144388 2.214656 -1.303693 -0.394255 0.391585 0.024605
-0.387770 -0.236706 0.498016 2.170405 -0.984779 -0.269131 0.890173 -0.116541 -0.415236 -0.000572 0.144388 2.214656 -1.303311 -0.394255 0.391585 0.024605
-0.387388 -0.236706 0.498016 2.170405 -0.984398 -0.269131 0.890173 -0.116541 -0.415236 -0.000572 0.144388 2.214656 -1.303693 -0.394636 0.391585 0.024605
-0.387388 -0.236706 0.498016 2.170405 -0.984398 -0.269131 0.890173 -0.116541 -0.415236 -0.000572 0.144388 2.214656 -1.303693 -0.394255 0.391585 0.024605
-0.387388 -0.236706 0.498016 2.170405 -0.984398 -0.269131 0.890173 -0.116541 -0.415236 -0.000572 0.144388 2.214656 -1.303311 -0.394255 0.391585 0.024605
-0.387388 -0.236706 0.498016 2.170405 -0.984398 -0.269131 0.890173 -0.116541 -0.415236 -0.000572 0.144388 2.214656 -1.303693 -0.394255 0.391585 0.024605
-0.387388 -0.236706 0.498016 2.170405 -0.984398 -0.269131 0.890173 -0.116541 -0.415236 -0.000572 0.144388 2.214656 -1.303311 -0.394255 0.391585 0.024605
-0.387388 -0.236706 0.498016 2.170405 -0.984398 -0.269131 0.890173 -0.116541 -0.415236 -0.000572 0.144388 2.214656 -1.303693 -0.394255 0.391585 0.024605
-0.387388 -0.236706 0.498016 2.170405 -0.984398 -0.269131 0.890173 -0.116541 -0.415236 -0.000572 0.144388 2.214656 -1.303693 -0.394255 0.391966 0.024605
-0.387388 -0.236706 0.498016 2.170405 -0.984398 -0.269131 0.890173 -0.116541 -0.415236 -0.000572 0.144388 2.214656 -1.303693 -0.394255 0.391966 0.024605
-0.387388 -0.236706 0.498016 2.170405 -0.984398 -0.269131 0.890555 -0.116541 -0.415236 -0.000572 0.144388 2.214656 -1.303311 -0.394255 0.391966 0.024605
-0.387388 -0.236706 0.498016 2.170405 -0.984398 -0.269131 0.890173 -0.116541 -0.415236 -0.000572 0.144388 2.214656 -1.303311 -0.394255 0.391966 0.024987
-0.387388 -0.236706 0.498016 2.170405 -0.984398 -0.269131 0.890173 -0.116541 -0.415236 -0.000572 0.144388 2.214656 -1.303693 -0.394255 0.391966 0.024605
-0.387388 -0.236706 0.498016 2.170405 -0.984398 -0.269131 0.890173 -0.116541 -0.415236 -0.000572 0.144388 2.214656 -1.303693 -0.394255 0.391966 0.024605
-0.387388 -0.236706 0.498016 2.170405 -0.984398 -0.269131 0.890173 -0.116541 -0.415236 -0.000572 0.144388 2.214656 -1.303693 -0.394255 0.391966 0.024605
-0.387388 -0.236706 0.498016 2.170405 -0.984398 -0.269131 0.890173 -0.116541 -0.415236 -0.000572 0.144388 2.214656 -1.303693 -0.394255 0.391966 0.024605
-0.387388 -0.236706 0.498016 2.170405 -0.984398 -0.269131 0.890173 -0.116541 -0.415236 -0.000572 0.144388 2.214656 -1.303693 -0.394255 0.391966 0.024605
-0.387388 -0.236706 0.498016 2.170405 -0.984398 -0.269131 0.890173 -0.116541 -0.415236 -0.000572 0.144388 2.214656 -1.303693 -0.394255 0.391966 0.024605
-0.387388 -0.236706 0.498016 2.170405 -0.984398 -0.269131 0.890173 -0.116541 -0.415236 -0.000572 0.144388 2.214656 -1.303693 -0.394636 0.391585 0.024605
-0.387388 -0.236706 0.498016 2.170405 -0.984398 -0.269131 0.890173 -0.116541 -0.415236 -0.000572 0.144388 2.214656 -1.303693 -0.394636 0.391966 0.024605
-0.387388 -0.236706 0.498016 2.170405 -0.984398 -0.269131 0.890173 -0.116541 -0.415236 -0.000572 0.144388 2.214656 -1.303693 -0.394636 0.391966 0.024605
-0.387388 -0.236706 0.498016 2.170405 -0.984779 -0.269131 0.890173 -0.116541 -0.415236 -0.000572 0.144388 2.214656 -1.303693 -0.394255 0.391585 0.024605
-0.387388 -0.236706 0.498016 2.170405 -0.984779 -0.269131 0.890173 -0.116541 -0.415236 -0.000572 0.144388 2.214656 -1.303311 -0.394255 0.391585 0.024605
-0.387388 -0.236706 0.498016 2.170405 -0.984398 -0.269131 0.890173 -0.116541 -0.415236 -0.000572 0.144388 2.214656 -1.303693 -0.394255 0.391585 0.024605
-0.387388 -0.236324 0.498016 2.170405 -0.984779 -0.269131 0.890173 -0.116541 -0.415236 -0.000572 0.144388 2.214656 -1.303311 -0.394255 0.391966 0.024605
-0.387388 -0.236706 0.498016 2.170405 -0.984779 -0.269131 0.890173 -0.116541 -0.415236 -0.000572 0.144388 2.214656 -1.303693 -0.394255 0.391966 0.024605
-0.387388 -0.236706 0.498016 2.170405 -0.984779 -0.269131 0.890173 -0.116541 -0.415236 -0.000572 0.144388 2.214656 -1.303693 -0.394255 0.391585 0.024605
-0.387388 -0.236324 0.498016 2.170405 -0.984779 -0.269131 0.890173 -0.116541 -0.415236 -0.000572 0.144388 2.214656 -1.303693 -0.394255 0.391585 0.024605
-0.387388 -0.236706 0.498016 2.170405 -0.984779 -0.269131 0.890173 -0.116541 -0.415236 -0.000572 0.144388 2.214656 -1.303311 -0.394255 0.391585 0.024605
-0.387388 -0.236706 0.498016 2.170405 -0.984779 -0.269131 0.890173 -0.116541 -0.415236 -0.000572 0.144388 2.214656 -1.303693 -0.394255 0.391203 0.024605
-0.387388 -0.236706 0.498016 2.170405 -0.984398 -0.269131 0.890173 -0.116541 -0.415236 -0.000572 0.144388 2.214656 -1.303311 -0.394636 0.391585 0.024605
-0.387388 -0.236706 0.498016 2.170405 -0.984398 -0.269131 0.890173 -0.116541 -0.415236 -0.000572 0.144388 2.214656 -1.303693 -0.394255 0.391203 0.024605
-0.387770 -0.236706 0.498016 2.170405 -0.984779 -0.269131 0.890173 -0.116541 -0.415236 -0.000572 0.144388 2.214656 -1.303693 -0.394255 0.391203 0.024605
-0.387388 -0.236706 0.498016 2.170405 -0.984779 -0.269131 0.890173 -0.116541 -0.415236 -0.000572 0.144388 2.214656 -1.303311 -0.394636 0.391203 0.024605
-0.387388 -0.236706 0.498016 2.170405 -0.984779 -0.269131 0.890173 -0.116541 -0.415236 -0.000572 0.144388 2.214656 -1.303311 -0.394255 0.390822 0.024605
-0.387388 -0.236706 0.498016 2.170405 -0.984779 -0.269131 0.890173 -0.116541 -0.415236 -0.000572 0.144388 2.214656 -1.303311 -0.394255 0.390440 0.024987
-0.387388 -0.236706 0.498016 2.170405 -0.984779 -0.269131 0.890173 -0.116541 -0.415236 -0.000572 0.144388 2.214656 -1.303311 -0.394255 0.390059 0.024605
-0.387388 -0.236706 0.498016 2.170405 -0.984779 -0.269131 0.890173 -0.116541 -0.415236 -0.000572 0.144388 2.214656 -1.303693 -0.394255 0.388914 0.024605
-0.387388 -0.236706 0.498016 2.170405 -0.984779 -0.269131 0.890173 -0.116541 -0.415236 -0.000572 0.144388 2.214656 -1.303311 -0.394255 0.388151 0.024605
-0.387388 -0.236706 0.498016 2.170405 -0.984779 -0.269131 0.890173 -0.116541 -0.415236 -0.000572 0.144388 2.214656 -1.303311 -0.394255 0.388151 0.024605
-0.387388 -0.236706 0.498016 2.170405 -0.984779 -0.269131 0.890173 -0.116541 -0.415236 -0.000572 0.144388 2.214656 -1.303311 -0.394255 0.388151 0.024605
-0.387388 -0.236706 0.498016 2.170405 -0.984779 -0.269131 0.890173 -0.116541 -0.415236 -0.000572 0.144388 2.214656 -1.303311 -0.394255 0.388533 0.024605
-0.387388 -0.236706 0.498016 2.170405 -0.984398 -0.269131 0.890173 -0.116541 -0.415236 -0.000572 0.144388 2.214656 -1.303693 -0.394255 0.388533 0.024605
-0.387388 -0.236706 0.498016 2.170405 -0.984779 -0.269131 0.890173 -0.116541 -0.415236 -0.000572 0.144388 2.214656 -1.303311 -0.394255 0.388533 0.024605
-0.387388 -0.236706 0.498016 2.170405 -0.984398 -0.269131 0.890173 -0.116541 -0.415236 -0.000572 0.144388 2.214656 -1.303311 -0.394255 0.388533 0.024605
-0.387388 -0.236706 0.498016 2.170405 -0.984779 -0.269131 0.890173 -0.116541 -0.415236 -0.000572 0.144388 2.214656 -1.303311 -0.394255 0.388151 0.024605
-0.387388 -0.236706 0.498016 2.170405 -0.984398 -0.269131 0.890173 -0.116541 -0.415236 -0.000572 0.144388 2.214656 -1.303311 -0.394255 0.388151 0.024605
-0.387388 -0.236706 0.498016 2.170405 -0.984398 -0.269131 0.890173 -0.116541 -0.415236 -0.000572 0.144388 2.214656 -1.303693 -0.394255 0.388533 0.024605
-0.387388 -0.236706 0.498016 2.170405 -0.984398 -0.269131 0.890173 -0.116541 -0.415236 -0.000572 0.144388 2.214656 -1.303693 -0.394255 0.388533 0.024605
-0.387388 -0.236706 0.498016 2.170405 -0.984398 -0.269131 0.890173 -0.116541 -0.415236 -0.000572 0.144388 2.214656 -1.303693 -0.394255 0.388533 0.024605
-0.387388 -0.236706 0.498016 2.170405 -0.984398 -0.269131 0.890173 -0.116541 -0.415236 -0.000572 0.144388 2.214656 -1.303693 -0.394255 0.388533 0.024605
-0.387388 -0.236706 0.498016 2.170405 -0.984398 -0.269131 0.890173 -0.116541 -0.415236 -0.000572 0.144388 2.214656 -1.303693 -0.394255 0.388533 0.024605
-0.387770 -0.236706 0.498016 2.170405 -0.984398 -0.269131 0.890173 -0.116541 -0.415236 -0.000572 0.144388 2.214656 -1.303693 -0.394255 0.388533 0.024605
-0.387388 -0.236706 0.498016 2.170405 -0.984398 -0.269131 0.890173 -0.116541 -0.415236 -0.000572 0.144388 2.214656 -1.303693 -0.394255 0.388533 0.024605
-0.387388 -0.236706 0.498016 2.170405 -0.984398 -0.269131 0.890173 -0.116541 -0.415236 -0.000572 0.144388 2.214656 -1.303693 -0.394255 0.388533 0.024605
-0.387388 -0.236706 0.498016 2.170405 -0.984398 -0.269131 0.890173 -0.116541 -0.415236 -0.000572 0.144388 2.214656 -1.303311 -0.394255 0.388533 0.024605
-0.387388 -0.236706 0.498016 2.170405 -0.984398 -0.269131 0.890173 -0.116541 -0.415236 -0.000572 0.144388 2.214656 -1.303693 -0.394255 0.388533 0.024605
-0.387388 -0.236706 0.498016 2.170405 -0.984398 -0.269131 0.890173 -0.116541 -0.415236 -0.000572 0.144388 2.214656 -1.303311 -0.394255 0.388533 0.024605
-0.387388 -0.236706 0.498016 2.170405 -0.984398 -0.269131 0.890173 -0.116541 -0.415236 -0.000572 0.144388 2.214656 -1.303693 -0.394255 0.388533 0.024605
-0.387388 -0.236706 0.498016 2.170405 -0.984398 -0.269131 0.890173 -0.116541 -0.415236 -0.000572 0.144388 2.214656 -1.303693 -0.394255 0.388151 0.024605
-0.387770 -0.236706 0.498016 2.170405 -0.984398 -0.269131 0.890173 -0.116541 -0.415236 -0.000572 0.144388 2.214656 -1.303693 -0.394255 0.388533 0.024605
-0.387388 -0.236706 0.498016 2.170405 -0.984398 -0.269131 0.890173 -0.116541 -0.415236 -0.000572 0.144388 2.214656 -1.303693 -0.394255 0.388533 0.024605
-0.387388 -0.236706 0.498016 2.170405 -0.984398 -0.269131 0.890173 -0.116541 -0.415236 -0.000572 0.144388 2.214656 -1.303693 -0.394255 0.388533 0.024605
-0.387388 -0.236706 0.498016 2.170405 -0.984398 -0.269131 0.890173 -0.116541 -0.415236 -0.000572 0.144388 2.214656 -1.303693 -0.394255 0.388533 0.024605
-0.387388 -0.236706 0.498016 2.170405 -0.984398 -0.269131 0.890173 -0.116541 -0.415236 -0.000572 0.144388 2.214656 -1.303311 -0.394255 0.388533 0.024605
-0.387388 -0.236706 0.498016 2.170405 -0.984398 -0.269131 0.890173 -0.116541 -0.415236 -0.000572 0.144388 2.214656 -1.303693 -0.394255 0.388533 0.024605
-0.387388 -0.236706 0.498016 2.170405 -0.984398 -0.269131 0.890173 -0.116541 -0.415236 -0.000572 0.144388 2.214656 -1.303693 -0.394255 0.388533 0.024605
-0.387388 -0.236706 0.498016 2.170405 -0.984398 -0.269131 0.890173 -0.116541 -0.415236 -0.000572 0.144388 2.214656 -1.303311 -0.394255 0.388533 0.024605
-0.387388 -0.236706 0.498016 2.170405 -0.984779 -0.269131 0.890173 -0.116541 -0.415236 -0.000572 0.144388 2.214656 -1.303693 -0.394255 0.388533 0.024605
-0.387388 -0.236706 0.498016 2.170405 -0.984398 -0.269131 0.890173 -0.116541 -0.415236 -0.000572 0.144388 2.214656 -1.303693 -0.394255 0.388533 0.024605
-0.387388 -0.236706 0.498016 2.170405 -0.984779 -0.269131 0.890173 -0.116541 -0.415236 -0.000572 0.144388 2.214656 -1.303693 -0.394255 0.388533 0.024605
-0.387388 -0.236706 0.498016 2.170405 -0.984398 -0.269131 0.890173 -0.116541 -0.415236 -0.000572 0.144388 2.214656 -1.303311 -0.394255 0.388533 0.024605
-0.387388 -0.236706 0.498016 2.170405 -0.984398 -0.269131 0.890173 -0.116541 -0.415236 -0.000572 0.144388 2.214656 -1.303693 -0.394255 0.388533 0.024605
-0.387388 -0.236706 0.498016 2.170405 -0.984779 -0.269131 0.890173 -0.116541 -0.415236 -0.000572 0.144388 2.214656 -1.303693 -0.394255 0.388533 0.024605
-0.387388 -0.236706 0.498016 2.170405 -0.984779 -0.269131 0.890173 -0.116541 -0.415236 -0.000572 0.144388 2.214656 -1.303693 -0.394255 0.388533 0.024605
-0.387388 -0.236706 0.498016 2.170405 -0.984398 -0.269131 0.890173 -0.116541 -0.415236 -0.000572 0.144388 2.214656 -1.303693 -0.394255 0.388533 0.024605
-0.387770 -0.236706 0.498016 2.170405 -0.984398 -0.269131 0.890173 -0.116541 -0.415236 -0.000572 0.144388 2.214656 -1.303693 -0.394255 0.388533 0.024987
-0.387388 -0.236706 0.498016 2.170405 -0.984779 -0.269131 0.890173 -0.116541 -0.415236 -0.000572 0.144388 2.214656 -1.303693 -0.394255 0.388533 0.024605
-0.387388 -0.236706 0.498016 2.170405 -0.984779 -0.269131 0.890173 -0.116541 -0.415236 -0.000572 0.144388 2.214656 -1.303311 -0.394255 0.388533 0.024605
-0.387388 -0.236706 0.498016 2.170405 -0.984779 -0.269131 0.890173 -0.116541 -0.415236 -0.000572 0.144388 2.214656 -1.303693 -0.394255 0.388533 0.024605
-0.387388 -0.236706 0.498016 2.170405 -0.984779 -0.269131 0.890173 -0.116541 -0.415236 -0.000572 0.144388 2.214656 -1.303693 -0.394255 0.388533 0.024605
-0.387388 -0.236706 0.498016 2.170405 -0.984779 -0.269131 0.890173 -0.116541 -0.415236 -0.000572 0.144388 2.214656 -1.303311 -0.394255 0.388533 0.024605
-0.387388 -0.236706 0.498016 2.170405 -0.984398 -0.269131 0.890173 -0.116541 -0.415236 -0.000572 0.144388 2.214656 -1.303311 -0.394255 0.388151 0.024605
-0.387388 -0.236706 0.498016 2.170405 -0.984398 -0.269131 0.890173 -0.116541 -0.415236 -0.000572 0.144388 2.214656 -1.303693 -0.394255 0.388533 0.024605
-0.387388 -0.236706 0.498016 2.170405 -0.984398 -0.269131 0.890173 -0.116541 -0.415236 -0.000572 0.144388 2.214656 -1.303311 -0.394255 0.388533 0.024605
-0.387388 -0.236706 0.498016 2.170405 -0.984398 -0.269131 0.890173 -0.116541 -0.415618 -0.000572 0.144388 2.214656 -1.303693 -0.394255 0.388151 0.024605
-0.387388 -0.236706 0.498016 2.170405 -0.984398 -0.269131 0.890173 -0.116541 -0.415236 -0.000572 0.144388 2.214656 -1.303693 -0.394255 0.388533 0.024605
-0.387388 -0.236706 0.498016 2.170405 -0.984398 -0.269131 0.890173 -0.116541 -0.415236 -0.000572 0.144388 2.214656 -1.303693 -0.394255 0.388533 0.024605
-0.387388 -0.236706 0.498016 2.170405 -0.984398 -0.269131 0.890173 -0.116541 -0.415236 -0.000572 0.144388 2.214656 -1.303311 -0.394255 0.388533 0.024605
-0.387388 -0.236706 0.498016 2.170405 -0.984398 -0.269131 0.890173 -0.116541 -0.415236 -0.000572 0.144388 2.214656 -1.303311 -0.394255 0.388533 0.024605
-0.387388 -0.236706 0.498016 2.170405 -0.984398 -0.269131 0.890173 -0.116541 -0.415236 -0.000572 0.144388 2.214656 -1.303693 -0.394255 0.388533 0.024605
-0.387388 -0.236706 0.498016 2.170405 -0.984398 -0.269131 0.890173 -0.116541 -0.415236 -0.000572 0.144388 2.214656 -1.303311 -0.394255 0.388533 0.024605
-0.387388 -0.236324 0.498016 2.170405 -0.984398 -0.269131 0.890173 -0.116541 -0.415236 -0.000572 0.144388 2.214656 -1.303311 -0.394255 0.388533 0.024605
-0.387388 -0.236706 0.498016 2.170405 -0.984398 -0.269131 0.890173 -0.116541 -0.415236 -0.000572 0.144388 2.214656 -1.303693 -0.394255 0.388533 0.024605
-0.387388 -0.236706 0.498016 2.170405 -0.984398 -0.269131 0.890173 -0.116541 -0.415236 -0.000572 0.144388 2.214656 -1.303311 -0.394255 0.388533 0.024605
-0.387388 -0.236706 0.498016 2.170405 -0.984398 -0.269131 0.890173 -0.116541 -0.415236 -0.000572 0.144388 2.214656 -1.303311 -0.394255 0.388533 0.024605
-0.387388 -0.236706 0.498016 2.170405 -0.984779 -0.269131 0.890173 -0.116541 -0.415236 -0.000572 0.144388 2.214656 -1.303693 -0.394255 0.388533 0.024605
-0.387388 -0.236706 0.498016 2.170405 -0.984398 -0.269131 0.890173 -0.116541 -0.415236 -0.000572 0.144388 2.214656 -1.303693 -0.394255 0.388533 0.024605
-0.387388 -0.236706 0.498016 2.170405 -0.984398 -0.269131 0.890173 -0.116541 -0.415236 -0.000572 0.144388 2.214656 -1.303693 -0.394255 0.388533 0.024605
-0.387388 -0.236706 0.498016 2.170405 -0.984398 -0.269131 0.890173 -0.116541 -0.415236 -0.000572 0.144388 2.214656 -1.303311 -0.394255 0.388533 0.024605
-0.387388 -0.236706 0.498016 2.170405 -0.984398 -0.269131 0.890173 -0.116541 -0.415236 -0.000572 0.144388 2.214656 -1.303311 -0.393874 0.388533 0.024605
-0.387388 -0.236324 0.498016 2.170405 -0.984398 -0.269131 0.890173 -0.116541 -0.415236 -0.000572 0.144388 2.214656 -1.303693 -0.394255 0.388533 0.024605
-0.387388 -0.236706 0.498016 2.170405 -0.984779 -0.269131 0.890173 -0.116541 -0.415236 -0.000572 0.144388 2.214656 -1.303693 -0.393874 0.388533 0.024605
-0.387388 -0.236706 0.498016 2.170405 -0.984398 -0.269131 0.890173 -0.116541 -0.415236 -0.000572 0.144388 2.214656 -1.303693 -0.394255 0.388533 0.024605
-0.387388 -0.236706 0.498016 2.170405 -0.984398 -0.269131 0.890173 -0.116541 -0.415236 -0.000572 0.144388 2.214656 -1.303693 -0.393874 0.388533 0.024605
-0.387388 -0.236706 0.498016 2.170405 -0.984398 -0.269131 0.890173 -0.116541 -0.415236 -0.000572 0.144388 2.214656 -1.303311 -0.393874 0.388533 0.024605
-0.387388 -0.236706 0.498016 2.170405 -0.984398 -0.269131 0.890173 -0.116541 -0.415236 -0.000572 0.144388 2.214656 -1.303311 -0.394255 0.388151 0.024605
-0.387388 -0.236706 0.498016 2.170405 -0.984398 -0.269131 0.890173 -0.116541 -0.415236 -0.000572 0.144388 2.214656 -1.303693 -0.394255 0.388151 0.024605
-0.387388 -0.236706 0.498016 2.170405 -0.984398 -0.269131 0.890173 -0.116541 -0.415236 -0.000572 0.144388 2.214656 -1.303311 -0.394255 0.388151 0.024605
-0.387388 -0.236706 0.498016 2.170405 -0.984398 -0.269512 0.890173 -0.116541 -0.415236 -0.000572 0.144388 2.214656 -1.303693 -0.394255 0.388533 0.024224
-0.387388 -0.236706 0.498016 2.170405 -0.984779 -0.269131 0.890173 -0.116541 -0.415236 -0.000572 0.144388 2.214656 -1.303693 -0.394255 0.388533 0.024224
-0.387388 -0.236324 0.498016 2.170405 -0.984398 -0.269512 0.890173 -0.116541 -0.415236 -0.000572 0.144388 2.214656 -1.303693 -0.394255 0.388533 0.024605
-0.387388 -0.236706 0.498016 2.170405 -0.984398 -0.269512 0.890173 -0.116541 -0.415236 -0.000572 0.144388 2.214656 -1.303693 -0.394255 0.388533 0.024224
-0.387388 -0.236706 0.498016 2.170405 -0.984398 -0.269131 0.890173 -0.116541 -0.415236 -0.000572 0.144388 2.214656 -1.303693 -0.394255 0.388533 0.024224
-0.387388 -0.236706 0.498016 2.170405 -0.984398 -0.269512 0.890173 -0.116541 -0.415236 -0.000572 0.144388 2.214656 -1.303693 -0.394255 0.388533 0.024224
-0.387770 -0.236706 0.498016 2.170405 -0.984398 -0.269131 0.890173 -0.116541 -0.415236 -0.000572 0.144388 2.214656 -1.303693 -0.394255 0.388533 0.024224
-0.387388 -0.236706 0.498016 2.170405 -0.984779 -0.269512 0.890173 -0.116541 -0.415236 -0.000572 0.144388 2.214656 -1.303693 -0.394255 0.388533 0.024224
-0.387770 -0.236706 0.498016 2.170405 -0.984779 -0.269512 0.890173 -0.116541 -0.415236 -0.000572 0.144388 2.214656 -1.303693 -0.394255 0.388533 0.024224
-0.387770 -0.236706 0.498016 2.170405 -0.984779 -0.269512 0.890173 -0.116541 -0.415236 -0.000572 0.144388 2.214656 -1.303693 -0.394255 0.388533 0.024224
-0.387388 -0.236706 0.498016 2.170405 -0.984779 -0.269512 0.890173 -0.116541 -0.415236 -0.000572 0.144388 2.214656 -1.303693 -0.394255 0.388533 0.023842
-0.387388 -0.236706 0.498016 2.170405 -0.984779 -0.269512 0.890173 -0.116541 -0.415236 -0.000572 0.144388 2.214656 -1.303693 -0.394255 0.388533 0.023842
-0.387388 -0.236706 0.498016 2.170405 -0.984398 -0.269512 0.890173 -0.116541 -0.415236 -0.000572 0.144388 2.214656 -1.303693 -0.394255 0.388533 0.023842
-0.387770 -0.236324 0.498016 2.170405 -0.984779 -0.269512 0.890173 -0.116541 -0.415236 -0.000572 0.144388 2.214656 -1.303311 -0.394255 0.388533 0.023842
-0.387388 -0.236706 0.498016 2.170405 -0.984779 -0.269512 0.890173 -0.116541 -0.415236 -0.000572 0.144388 2.214656 -1.303693 -0.394255 0.388533 0.023842
-0.387388 -0.236706 0.498016 2.170405 -0.984779 -0.269512 0.890173 -0.116541 -0.415236 -0.000572 0.144388 2.214656 -1.303311 -0.394255 0.388533 0.023842
-0.387770 -0.236706 0.498016 2.170405 -0.984779 -0.269512 0.890173 -0.116541 -0.415236 -0.000572 0.144388 2.214656 -1.303311 -0.394255 0.388533 0.023461
-0.387770 -0.236706 0.498016 2.170405 -0.984779 -0.269512 0.890173 -0.116541 -0.415236 -0.000572 0.144388 2.214656 -1.303311 -0.394255 0.388151 0.023461
-0.387388 -0.236706 0.498016 2.170405 -0.984779 -0.269512 0.890173 -0.116541 -0.415236 -0.000572 0.144388 2.214656 -1.303693 -0.394255 0.388533 0.022698
-0.387388 -0.236706 0.498016 2.170405 -0.984398 -0.269512 0.890173 -0.116541 -0.415236 -0.000572 0.144388 2.214656 -1.303693 -0.394255 0.388151 0.020027
-0.387770 -0.236706 0.498016 2.170405 -0.984398 -0.269512 0.890173 -0.116541 -0.415236 -0.000572 0.144388 2.214656 -1.303693 -0.394255 0.388151 0.016976
-0.387388 -0.236706 0.498016 2.170405 -0.984779 -0.269512 0.890173 -0.116541 -0.415236 -0.000572 0.144388 2.214656 -1.303311 -0.394255 0.388151 0.012398
-0.387388 -0.236706 0.498016 2.170405 -0.984398 -0.269512 0.890173 -0.116541 -0.415236 -0.000572 0.144388 2.214656 -1.303693 -0.394255 0.388533 0.004768
-0.387388 -0.236324 0.498016 2.170405 -0.984779 -0.269131 0.890173 -0.116541 -0.415236 -0.000572 0.144388 2.214656 -1.303311 -0.394255 0.388533 -0.005531
-0.387388 -0.236324 0.498016 2.170405 -0.984398 -0.269512 0.890173 -0.116541 -0.415236 -0.000572 0.144388 2.214656 -1.303311 -0.394255 0.388533 -0.016213
-0.387388 -0.236706 0.498016 2.170405 -0.984779 -0.269512 0.890173 -0.116541 -0.415236 -0.000572 0.144388 2.214656 -1.303311 -0.394255 0.388533 -0.028420
-0.387770 -0.236706 0.498016 2.170405 -0.984398 -0.269512 0.890173 -0.116541 -0.415236 -0.000572 0.144388 2.214656 -1.303311 -0.394255 0.388151 -0.046731
-0.387388 -0.236706 0.498016 2.170405 -0.984779 -0.269512 0.890173 -0.116541 -0.415236 -0.000572 0.144388 2.214656 -1.303311 -0.394255 0.388151 -0.061227
-0.387388 -0.236324 0.498016 2.170405 -0.984779 -0.269512 0.890173 -0.116541 -0.415236 -0.000572 0.144388 2.214656 -1.303693 -0.394255 0.388151 -0.077630
-0.387770 -0.236324 0.498016 2.170405 -0.984779 -0.269512 0.890173 -0.116541 -0.415236 -0.000572 0.144388 2.214656 -1.303311 -0.394255 0.388151 -0.095178
-0.387388 -0.236324 0.498016 2.170405 -0.984779 -0.269512 0.890173 -0.116541 -0.415236 -0.000572 0.144388 2.214656 -1.303311 -0.394636 0.388151 -0.113107
-0.387770 -0.236706 0.498016 2.170405 -0.984779 -0.269512 0.890173 -0.116541 -0.415236 -0.000572 0.144388 2.214656 -1.303693 -0.394636 0.388151 -0.132181
-0.387388 -0.236706 0.498016 2.170405 -0.984779 -0.269512 0.890173 -0.116541 -0.415236 -0.000572 0.144388 2.214656 -1.303311 -0.394636 0.388533 -0.151637
-0.387388 -0.236324 0.498016 2.170405 -0.984779 -0.269512 0.890173 -0.116541 -0.415236 -0.000572 0.144388 2.214656 -1.303693 -0.394636 0.388151 -0.169947
-0.387388 -0.236706 0.498016 2.170405 -0.984779 -0.269512 0.890173 -0.116541 -0.415236 -0.000572 0.144388 2.214656 -1.303693 -0.394636 0.388533 -0.187877
-0.387388 -0.236706 0.498016 2.170405 -0.984398 -0.269512 0.890173 -0.116541 -0.415236 -0.000572 0.144388 2.214656 -1.303311 -0.394636 0.388533 -0.203517
-0.387388 -0.236706 0.498016 2.170405 -0.984398 -0.269512 0.890173 -0.116541 -0.415236 -0.000572 0.144388 2.214656 -1.303693 -0.394636 0.388533 -0.218395
-0.387388 -0.236706 0.498016 2.170405 -0.984779 -0.269512 0.890173 -0.116541 -0.415236 -0.000572 0.144388 2.214656 -1.303693 -0.394636 0.388533 -0.232509
-0.387388 -0.236324 0.498016 2.170405 -0.984779 -0.269512 0.890173 -0.116541 -0.415236 -0.000572 0.144388 2.214656 -1.303693 -0.394636 0.388151 -0.244717
-0.387770 -0.236706 0.498016 2.170405 -0.984779 -0.269512 0.890173 -0.116541 -0.415236 -0.000572 0.144388 2.214656 -1.303693 -0.394636 0.388533 -0.256542
-0.387388 -0.236706 0.498016 2.170405 -0.984398 -0.269512 0.890173 -0.116541 -0.415236 -0.000572 0.144388 2.214656 -1.303693 -0.394636 0.388151 -0.266461
-0.387388 -0.236706 0.498016 2.170405 -0.984779 -0.269512 0.890173 -0.116541 -0.415236 -0.000572 0.144388 2.214656 -1.303693 -0.394636 0.388533 -0.273709
-0.387388 -0.236706 0.498016 2.170405 -0.984779 -0.269512 0.890173 -0.116541 -0.415236 -0.000572 0.144388 2.214656 -1.303693 -0.394636 0.388533 -0.279812
-0.387388 -0.236706 0.498016 2.170405 -0.984779 -0.269512 0.890173 -0.116541 -0.415236 -0.000572 0.144388 2.214656 -1.303693 -0.394636 0.388533 -0.285916
-0.387388 -0.236324 0.498016 2.170405 -0.984779 -0.269512 0.890173 -0.116541 -0.415236 -0.000572 0.144388 2.214656 -1.303693 -0.394636 0.388533 -0.290875
-0.387388 -0.236706 0.498016 2.170405 -0.984779 -0.269512 0.890173 -0.116541 -0.415236 -0.000572 0.144388 2.214656 -1.303693 -0.394636 0.388533 -0.293164
-0.387388 -0.236706 0.498016 2.170405 -0.984779 -0.269512 0.890173 -0.116541 -0.415236 -0.000572 0.144388 2.214656 -1.303311 -0.394636 0.388533 -0.294308
-0.387388 -0.236706 0.498016 2.170405 -0.984779 -0.269512 0.890173 -0.116541 -0.415236 -0.000572 0.144388 2.214656 -1.303693 -0.394636 0.388533 -0.293927
-0.387388 -0.236706 0.498016 2.170405 -0.984779 -0.269512 0.890173 -0.116541 -0.415236 -0.000572 0.144388 2.214656 -1.303693 -0.394636 0.388533 -0.293927
-0.387388 -0.236324 0.498016 2.170405 -0.984779 -0.269512 0.890173 -0.116541 -0.415236 -0.000572 0.144388 2.214656 -1.303693 -0.394636 0.388533 -0.294308
-0.387388 -0.236706 0.498016 2.170405 -0.984779 -0.269512 0.890173 -0.116541 -0.415236 -0.000572 0.144388 2.214656 -1.303693 -0.394636 0.388533 -0.293927
-0.387388 -0.236324 0.498016 2.170405 -0.984779 -0.269512 0.890173 -0.116541 -0.415236 -0.000572 0.144388 2.214656 -1.303693 -0.394636 0.388533 -0.294308
-0.387388 -0.236324 0.498016 2.170405 -0.984779 -0.269512 0.890173 -0.116541 -0.415236 -0.000572 0.144388 2.214656 -1.303693 -0.394636 0.388533 -0.294308
-0.387770 -0.236706 0.498016 2.170405 -0.984779 -0.269512 0.890173 -0.116541 -0.415236 -0.000572 0.144388 2.214656 -1.303693 -0.394636 0.388533 -0.294308
-0.387388 -0.236324 0.498016 2.170405 -0.984779 -0.269512 0.890173 -0.116541 -0.415236 -0.000572 0.144388 2.214656 -1.303693 -0.394255 0.388533 -0.294308
-0.387388 -0.236706 0.498016 2.170405 -0.984779 -0.269512 0.890173 -0.116541 -0.415236 -0.000572 0.144388 2.214656 -1.303693 -0.394636 0.388533 -0.294308
-0.387388 -0.236706 0.498016 2.170405 -0.984779 -0.269512 0.890173 -0.116541 -0.415236 -0.000572 0.144388 2.214656 -1.303693 -0.394636 0.388533 -0.294308
-0.387388 -0.236324 0.498016 2.170405 -0.984779 -0.269512 0.890173 -0.116541 -0.415236 -0.000572 0.144388 2.214656 -1.303693 -0.394636 0.388533 -0.294308
-0.387388 -0.236324 0.498016 2.170405 -0.984779 -0.269512 0.890173 -0.116541 -0.415236 -0.000572 0.144388 2.214656 -1.303693 -0.394636 0.388533 -0.294308
-0.387388 -0.236324 0.498016 2.170405 -0.984779 -0.269512 0.890173 -0.116541 -0.415236 -0.000572 0.144388 2.214656 -1.303693 -0.394636 0.388533 -0.294308
-0.387388 -0.236324 0.498016 2.170405 -0.984779 -0.269512 0.890173 -0.116541 -0.415236 -0.000572 0.144388 2.214656 -1.303693 -0.394636 0.388533 -0.294308
-0.387388 -0.236706 0.498016 2.170405 -0.984779 -0.269512 0.890173 -0.116541 -0.415236 -0.000572 0.144388 2.214656 -1.303693 -0.394636 0.388533 -0.294308
-0.387770 -0.236706 0.498016 2.170405 -0.984779 -0.269512 0.890173 -0.116541 -0.415236 -0.000572 0.144388 2.214656 -1.303693 -0.394636 0.388533 -0.294308
-0.387388 -0.236706 0.498016 2.170405 -0.984779 -0.269512 0.890173 -0.116541 -0.415236 -0.000572 0.144388 2.214656 -1.303693 -0.394636 0.388533 -0.294308
-0.387770 -0.236706 0.498016 2.170405 -0.984779 -0.269512 0.890173 -0.116541 -0.415236 -0.000572 0.144388 2.214656 -1.303693 -0.394636 0.388533 -0.294308
-0.387388 -0.236706 0.498016 2.170405 -0.984779 -0.269512 0.890173 -0.116541 -0.415236 -0.000572 0.144388 2.214656 -1.303693 -0.394636 0.388533 -0.294308
-0.387388 -0.236706 0.498016 2.170405 -0.984779 -0.269512 0.890173 -0.116541 -0.415236 -0.000572 0.144388 2.214656 -1.303693 -0.394255 0.388533 -0.294690
-0.387388 -0.236706 0.498016 2.170405 -0.984779 -0.269512 0.890173 -0.116541 -0.415236 -0.000572 0.144388 2.214656 -1.303693 -0.394636 0.388533 -0.294690
-0.387388 -0.236706 0.498016 2.170405 -0.984779 -0.269512 0.890173 -0.116541 -0.415236 -0.000572 0.144388 2.214656 -1.303693 -0.394255 0.388533 -0.294690
-0.387770 -0.236706 0.498016 2.170405 -0.984779 -0.269512 0.890173 -0.116541 -0.415236 -0.000572 0.144388 2.214656 -1.303693 -0.394636 0.388533 -0.294690
-0.387770 -0.236706 0.498016 2.170405 -0.984398 -0.269512 0.890173 -0.116541 -0.415236 -0.000572 0.144388 2.214656 -1.303693 -0.394636 0.388533 -0.294690
-0.387388 -0.236706 0.498016 2.170405 -0.984398 -0.269512 0.890173 -0.116541 -0.415236 -0.000572 0.144388 2.214656 -1.303693 -0.394636 0.388533 -0.294690
-0.387388 -0.236706 0.498016 2.170405 -0.984779 -0.269512 0.890173 -0.116541 -0.415236 -0.000572 0.144388 2.214656 -1.303693 -0.394636 0.388533 -0.294690
-0.387388 -0.236706 0.498016 2.170405 -0.984398 -0.269512 0.890173 -0.116541 -0.415236 -0.000572 0.144388 2.214656 -1.303693 -0.394636 0.388533 -0.294690
-0.387388 -0.236706 0.498016 2.170405 -0.984779 -0.269512 0.890173 -0.116541 -0.415236 -0.000572 0.144388 2.214656 -1.303693 -0.394636 0.388533 -0.295071
-0.387388 -0.236706 0.498016 2.170405 -0.984398 -0.269512 0.890173 -0.116541 -0.415236 -0.000572 0.144388 2.214656 -1.303693 -0.394636 0.388533 -0.295071
-0.387388 -0.236706 0.498016 2.170405 -0.984398 -0.269512 0.890173 -0.116541 -0.415236 -0.000572 0.144388 2.214656 -1.303693 -0.394636 0.388533 -0.295453
-0.387770 -0.236706 0.498016 2.170405 -0.984398 -0.269512 0.890173 -0.116541 -0.415236 -0.000572 0.144388 2.214656 -1.303693 -0.394636 0.388533 -0.297360
-0.387388 -0.236706 0.498016 2.170405 -0.984779 -0.269512 0.890173 -0.116541 -0.415236 -0.000572 0.144388 2.214656 -1.303693 -0.394636 0.388533 -0.300793
-0.387388 -0.236324 0.498016 2.170405 -0.984398 -0.269512 0.890173 -0.116541 -0.415236 -0.000572 0.144388 2.214656 -1.303693 -0.394636 0.388533 -0.306134
-0.387388 -0.236706 0.498016 2.170405 -0.984398 -0.269512 0.890173 -0.116541 -0.415236 -0.000572 0.144388 2.214656 -1.303693 -0.394636 0.388533 -0.317960
-0.387388 -0.236706 0.498016 2.170405 -0.984779 -0.269512 0.890173 -0.116541 -0.415236 -0.000572 0.144388 2.214656 -1.303693 -0.394636 0.388533 -0.329404
-0.387770 -0.236324 0.498016 2.170405 -0.984398 -0.269512 0.890173 -0.116541 -0.415236 -0.000572 0.144388 2.214656 -1.303693 -0.394636 0.388533 -0.343137
-0.387770 -0.236706 0.498016 2.170405 -0.984398 -0.269512 0.890173 -0.116541 -0.415236 -0.000572 0.144388 2.214656 -1.303693 -0.394636 0.388533 -0.362211
-0.387770 -0.236706 0.498016 2.170405 -0.984398 -0.269512 0.890173 -0.116541 -0.415236 -0.000572 0.144388 2.214656 -1.303693 -0.394636 0.388533 -0.379377
-0.387388 -0.236324 0.498016 2.170405 -0.984398 -0.269512 0.890173 -0.116541 -0.415236 -0.000572 0.144388 2.214656 -1.303693 -0.394636 0.388533 -0.399596
-0.387388 -0.236324 0.498016 2.170405 -0.984779 -0.269512 0.890173 -0.116541 -0.415236 -0.000572 0.144388 2.214656 -1.303693 -0.394636 0.388533 -0.420577
-0.387388 -0.236706 0.498016 2.170405 -0.984398 -0.269512 0.890173 -0.116541 -0.415236 -0.000572 0.144388 2.214656 -1.303693 -0.394636 0.388533 -0.444610
-0.387388 -0.236324 0.498016 2.170405 -0.984398 -0.269512 0.890173 -0.116541 -0.415236 -0.000572 0.144388 2.214656 -1.303693 -0.395018 0.388533 -0.469406
-0.387388 -0.236706 0.498016 2.170405 -0.984398 -0.269512 0.890173 -0.116541 -0.415236 -0.000572 0.144388 2.214656 -1.303693 -0.395018 0.388533 -0.495346
-0.387388 -0.236706 0.498016 2.170405 -0.984779 -0.269512 0.890173 -0.116541 -0.415236 -0.000572 0.144388 2.214656 -1.303693 -0.395018 0.388533 -0.529297
-0.387388 -0.236706 0.498016 2.170405 -0.984398 -0.269512 0.890173 -0.116541 -0.415236 -0.000572 0.144388 2.214656 -1.303693 -0.395018 0.388533 -0.555619
-0.387770 -0.236706 0.498016 2.170405 -0.984779 -0.269512 0.890173 -0.116541 -0.415236 -0.000572 0.144388 2.215038 -1.303693 -0.395018 0.388533 -0.583467
-0.387770 -0.236324 0.498016 2.170405 -0.984779 -0.269512 0.890173 -0.116541 -0.415236 -0.000572 0.144388 2.215038 -1.303693 -0.395018 0.388533 -0.608644
-0.387770 -0.236324 0.498016 2.170405 -0.984398 -0.269512 0.890173 -0.116541 -0.415236 -0.000572 0.144388 2.215038 -1.303693 -0.395018 0.388533 -0.632677
-0.387770 -0.236706 0.498016 2.170405 -0.984398 -0.269512 0.890173 -0.116541 -0.415236 -0.000572 0.144388 2.215038 -1.303693 -0.395018 0.388533 -0.654803
-0.387770 -0.236706 0.498016 2.170405 -0.984398 -0.269512 0.890173 -0.116541 -0.415236 -0.000572 0.144388 2.215038 -1.303693 -0.395018 0.388533 -0.675402
-0.387388 -0.236324 0.498016 2.170405 -0.984398 -0.269512 0.890173 -0.116541 -0.415236 -0.000572 0.144388 2.215038 -1.303693 -0.395018 0.388151 -0.693713
-0.387770 -0.236706 0.498016 2.170405 -0.984398 -0.269512 0.890173 -0.116541 -0.415236 -0.000572 0.144388 2.215038 -1.303693 -0.395018 0.388533 -0.712787
-0.387388 -0.236324 0.498016 2.170405 -0.984779 -0.269512 0.890173 -0.116541 -0.415236 -0.000572 0.144388 2.215038 -1.303693 -0.395018 0.388151 -0.725376
-0.387388 -0.236324 0.498016 2.170405 -0.984779 -0.269512 0.890173 -0.116541 -0.415618 -0.000572 0.144388 2.215038 -1.303693 -0.395018 0.388151 -0.737201
-0.387770 -0.236706 0.498016 2.170405 -0.984779 -0.269512 0.890173 -0.116541 -0.415236 -0.000572 0.144388 2.215038 -1.303693 -0.395018 0.388533 -0.749027
-0.387388 -0.236324 0.498016 2.170405 -0.984779 -0.269512 0.890173 -0.116541 -0.415236 -0.000572 0.144388 2.215038 -1.303693 -0.395018 0.388533 -0.756657
-0.387388 -0.236706 0.498016 2.170405 -0.984779 -0.269512 0.890173 -0.116541 -0.415236 -0.000572 0.144388 2.215038 -1.303311 -0.395018 0.388151 -0.763523
-0.387388 -0.236324 0.498016 2.170405 -0.984779 -0.269512 0.890173 -0.116541 -0.415236 -0.000572 0.144388 2.215038 -1.303693 -0.395018 0.388533 -0.769627
-0.387388 -0.236706 0.498016 2.170405 -0.984779 -0.269512 0.890173 -0.116541 -0.415236 -0.000572 0.144388 2.215038 -1.303693 -0.395018 0.388533 -0.769245
-0.387770 -0.236706 0.498016 2.170405 -0.984779 -0.269512 0.890173 -0.116541 -0.415236 -0.000572 0.144388 2.215038 -1.303311 -0.395018 0.388533 -0.768482
-0.387388 -0.236324 0.498016 2.170405 -0.984779 -0.269512 0.890173 -0.116541 -0.415236 -0.000572 0.144388 2.215038 -1.303311 -0.395018 0.388533 -0.768864
-0.387388 -0.236706 0.498016 2.170405 -0.984779 -0.269512 0.890173 -0.116541 -0.415236 -0.000572 0.144388 2.215038 -1.303693 -0.395018 0.388533 -0.768864
-0.387388 -0.236324 0.498016 2.170405 -0.984779 -0.269512 0.890173 -0.116541 -0.415236 -0.000572 0.144388 2.215038 -1.303693 -0.395018 0.388533 -0.768864
-0.387770 -0.236706 0.498016 2.170405 -0.984779 -0.269512 0.890173 -0.116541 -0.415236 -0.000572 0.144388 2.215038 -1.303693 -0.395018 0.388533 -0.768864
-0.387388 -0.236706 0.498016 2.170405 -0.984779 -0.269512 0.890173 -0.116541 -0.415236 -0.000572 0.144388 2.215038 -1.303693 -0.395018 0.388533 -0.768864
-0.387388 -0.236324 0.498016 2.170405 -0.984779 -0.269512 0.890173 -0.116541 -0.415236 -0.000572 0.144388 2.215038 -1.303693 -0.395018 0.388533 -0.768864
-0.387388 -0.236324 0.498016 2.170405 -0.984779 -0.269512 0.890173 -0.116541 -0.415236 -0.000572 0.144388 2.215038 -1.303693 -0.395018 0.388533 -0.768864
-0.387770 -0.236324 0.498016 2.170405 -0.984779 -0.269512 0.890173 -0.116541 -0.415236 -0.000572 0.144388 2.215038 -1.303693 -0.395018 0.388533 -0.768864
-0.387388 -0.236324 0.498016 2.170405 -0.984779 -0.269512 0.890173 -0.116541 -0.415236 -0.000572 0.144388 2.215038 -1.303693 -0.394636 0.388533 -0.768864
-0.387388 -0.236706 0.498016 2.170405 -0.984779 -0.269512 0.890173 -0.116541 -0.415236 -0.000572 0.144388 2.215038 -1.303693 -0.395018 0.388533 -0.768864
-0.387388 -0.236324 0.498016 2.170405 -0.984779 -0.269512 0.890173 -0.116541 -0.415236 -0.000572 0.144388 2.215038 -1.303693 -0.395018 0.388533 -0.768864
-0.387388 -0.236706 0.498016 2.170405 -0.984779 -0.269512 0.890173 -0.116541 -0.415236 -0.000572 0.144388 2.215038 -1.303693 -0.395018 0.388533 -0.768864
-0.387770 -0.236324 0.498016 2.170405 -0.984779 -0.269512 0.890173 -0.116541 -0.415236 -0.000572 0.144388 2.215038 -1.303693 -0.394636 0.388533 -0.768864
-0.387770 -0.236324 0.498016 2.170405 -0.984398 -0.269512 0.890173 -0.116541 -0.415236 -0.000572 0.144388 2.215038 -1.303693 -0.394636 0.388533 -0.768864
-0.387388 -0.236706 0.498016 2.170405 -0.984398 -0.269512 0.890173 -0.116541 -0.415236 -0.000572 0.144388 2.215038 -1.303693 -0.395018 0.388533 -0.768864
-0.387770 -0.236706 0.498016 2.170405 -0.984398 -0.269512 0.890173 -0.116541 -0.415236 -0.000572 0.144388 2.215038 -1.303693 -0.395018 0.388914 -0.768864
-0.387388 -0.236324 0.498016 2.170405 -0.984398 -0.269512 0.890173 -0.116541 -0.415236 -0.000572 0.144388 2.215038 -1.303693 -0.395018 0.388914 -0.768864
-0.387770 -0.236324 0.498016 2.170405 -0.984779 -0.269512 0.890173 -0.116541 -0.415236 -0.000572 0.144388 2.215038 -1.303693 -0.395018 0.388914 -0.768864
-0.387388 -0.236324 0.498016 2.170405 -0.984779 -0.269512 0.890173 -0.116541 -0.415236 -0.000572 0.144388 2.215038 -1.303693 -0.394636 0.388914 -0.768864
-0.387388 -0.236706 0.498016 2.170405 -0.984779 -0.269512 0.890173 -0.116541 -0.415236 -0.000572 0.144388 2.215038 -1.303693 -0.394636 0.388533 -0.768864
-0.387770 -0.236706 0.498016 2.170405 -0.984398 -0.269512 0.890173 -0.116541 -0.415236 -0.000572 0.144388 2.215038 -1.303693 -0.395018 0.388533 -0.768864
-0.387388 -0.236324 0.498016 2.170405 -0.984779 -0.269512 0.890173 -0.116541 -0.415236 -0.000572 0.144388 2.215038 -1.303693 -0.395018 0.388533 -0.768864
-0.387388 -0.236706 0.498016 2.170405 -0.984398 -0.269512 0.890173 -0.116541 -0.415236 -0.000572 0.144388 2.215038 -1.303693 -0.395018 0.388533 -0.768864
-0.387770 -0.236706 0.498016 2.170405 -0.984398 -0.269512 0.890173 -0.116541 -0.415236 -0.000572 0.144388 2.215038 -1.303693 -0.395018 0.388533 -0.769245
-0.387388 -0.236706 0.498016 2.170405 -0.984779 -0.269512 0.890173 -0.116541 -0.415236 -0.000572 0.144388 2.215038 -1.303693 -0.395018 0.388533 -0.769245
-0.387388 -0.236706 0.498016 2.170405 -0.984398 -0.269512 0.890173 -0.116541 -0.415236 -0.000572 0.144388 2.215038 -1.303693 -0.395018 0.388533 -0.768864
-0.387770 -0.236706 0.498016 2.170405 -0.984398 -0.269512 0.890173 -0.116541 -0.415236 -0.000572 0.144388 2.215038 -1.303693 -0.395018 0.388533 -0.769245
-0.387388 -0.236706 0.498016 2.170405 -0.984398 -0.269512 0.890173 -0.116541 -0.415236 -0.000572 0.144388 2.215038 -1.303693 -0.395018 0.388533 -0.769245
-0.387770 -0.236706 0.498016 2.170405 -0.984398 -0.269512 0.890173 -0.116541 -0.415236 -0.000572 0.144388 2.215038 -1.303693 -0.395018 0.388533 -0.769245
-0.387388 -0.236706 0.498016 2.170405 -0.984398 -0.269512 0.890173 -0.116541 -0.415236 -0.000572 0.144388 2.215038 -1.303693 -0.395018 0.388914 -0.769245
-0.387770 -0.236706 0.498016 2.170405 -0.984398 -0.269512 0.890173 -0.116541 -0.415236 -0.000572 0.144388 2.215038 -1.303693 -0.395018 0.388914 -0.769245
-0.387770 -0.236324 0.498016 2.170405 -0.984398 -0.269512 0.890173 -0.116541 -0.415236 -0.000572 0.144388 2.215038 -1.303693 -0.395018 0.388533 -0.769245
-0.387388 -0.236706 0.498016 2.170405 -0.984779 -0.269512 0.890173 -0.116541 -0.415236 -0.000572 0.144388 2.215038 -1.303693 -0.395018 0.388533 -0.769245
-0.387388 -0.236324 0.498016 2.170405 -0.984398 -0.269512 0.890173 -0.116541 -0.415236 -0.000572 0.144388 2.215038 -1.303693 -0.395018 0.388533 -0.769627
-0.387770 -0.236706 0.498016 2.170405 -0.984779 -0.269512 0.890173 -0.116541 -0.415236 -0.000572 0.144388 2.215038 -1.303693 -0.395018 0.388914 -0.769627
-0.387770 -0.236324 0.498016 2.170405 -0.984398 -0.269512 0.890173 -0.116541 -0.415236 -0.000572 0.144388 2.215038 -1.303693 -0.395018 0.388914 -0.770390
-0.387770 -0.236706 0.498016 2.170405 -0.984779 -0.269512 0.890173 -0.116541 -0.415236 -0.000572 0.144388 2.215038 -1.303693 -0.395018 0.388914 -0.773442
-0.387770 -0.236706 0.498016 2.170405 -0.984779 -0.269512 0.890173 -0.116541 -0.415236 -0.000572 0.144388 2.215038 -1.303693 -0.395018 0.388533 -0.778401
-0.387388 -0.236706 0.498016 2.170405 -0.984779 -0.269512 0.890173 -0.116541 -0.415236 -0.000572 0.144388 2.215038 -1.303693 -0.395018 0.388533 -0.787938
-0.387770 -0.236324 0.498016 2.170405 -0.984398 -0.269512 0.890173 -0.116541 -0.415236 -0.000572 0.144388 2.215038 -1.303693 -0.394636 0.388914 -0.797475
-0.387388 -0.236706 0.498016 2.170405 -0.984398 -0.269512 0.890173 -0.116541 -0.415236 -0.000572 0.144388 2.215038 -1.303693 -0.394636 0.388533 -0.807393
-0.387770 -0.236706 0.498016 2.170405 -0.984779 -0.269512 0.890173 -0.116541 -0.415236 -0.000572 0.144388 2.215038 -1.303693 -0.395018 0.388533 -0.820363
-0.387388 -0.236706 0.498016 2.170405 -0.984779 -0.269512 0.890173 -0.116541 -0.415236 -0.000572 0.144388 2.215038 -1.303693 -0.395018 0.388533 -0.833333
-0.387770 -0.236706 0.498016 2.170405 -0.984779 -0.269512 0.890173 -0.116541 -0.415236 -0.000572 0.144388 2.215038 -1.303693 -0.395018 0.388533 -0.847829
-0.387770 -0.236706 0.498016 2.170405 -0.984398 -0.269512 0.890173 -0.116541 -0.415236 -0.000572 0.144388 2.215038 -1.303693 -0.394636 0.388533 -0.863088
-0.387388 -0.236706 0.498016 2.170405 -0.984779 -0.269512 0.890173 -0.116541 -0.415236 -0.000572 0.144388 2.215038 -1.303693 -0.395018 0.388533 -0.880636
-0.387770 -0.236706 0.498016 2.170405 -0.984779 -0.269512 0.890173 -0.116541 -0.415236 -0.000572 0.144388 2.215038 -1.303693 -0.394636 0.388533 -0.898947
-0.387770 -0.236324 0.498016 2.170405 -0.984398 -0.269512 0.890173 -0.116541 -0.415236 -0.000572 0.144388 2.215038 -1.303693 -0.394636 0.388533 -0.916876
-0.387388 -0.236324 0.498016 2.170405 -0.984779 -0.269512 0.890173 -0.116541 -0.415236 -0.000572 0.144388 2.215038 -1.303693 -0.394636 0.388533 -0.938239
-0.387770 -0.236706 0.498016 2.170405 -0.984779 -0.269512 0.890173 -0.116541 -0.415236 -0.000572 0.144388 2.215038 -1.303693 -0.394636 0.388533 -0.955406
-0.387388 -0.236324 0.498016 2.170405 -0.984398 -0.269512 0.890173 -0.116541 -0.415236 -0.000572 0.144388 2.215038 -1.303693 -0.394636 0.388533 -0.972190
-0.387770 -0.236324 0.498016 2.170405 -0.984779 -0.269512 0.890173 -0.116541 -0.415236 -0.000572 0.144388 2.215038 -1.303693 -0.394636 0.388533 -0.986305
-0.387388 -0.236324 0.498016 2.170405 -0.984779 -0.269512 0.890173 -0.116541 -0.415236 -0.000572 0.144388 2.215038 -1.303693 -0.394636 0.388533 -1.001564
-0.387770 -0.236706 0.498016 2.170405 -0.984779 -0.269512 0.890173 -0.116541 -0.415236 -0.000572 0.144388 2.215038 -1.303693 -0.394636 0.388533 -1.013390
-0.387388 -0.236706 0.498016 2.170405 -0.984779 -0.269512 0.890173 -0.116541 -0.415236 -0.000572 0.144388 2.215038 -1.303693 -0.394636 0.388533 -1.025597
-0.387388 -0.236324 0.498016 2.170405 -0.984779 -0.269512 0.890173 -0.116541 -0.415236 -0.000572 0.144388 2.215038 -1.303693 -0.394636 0.388533 -1.035897
-0.387388 -0.236706 0.498016 2.170405 -0.984779 -0.269512 0.890173 -0.116541 -0.415236 -0.000572 0.144388 2.215038 -1.303693 -0.394636 0.388533 -1.048104
-0.387770 -0.236706 0.498016 2.170405 -0.984779 -0.269512 0.890173 -0.116541 -0.415236 -0.000572 0.144388 2.215038 -1.303693 -0.394636 0.388914 -1.057259
-0.387388 -0.236324 0.498016 2.170405 -0.984398 -0.269512 0.890173 -0.116541 -0.415236 -0.000572 0.144388 2.215038 -1.303693 -0.394636 0.388914 -1.065270
-0.387770 -0.236706 0.498016 2.170405 -0.984398 -0.269512 0.890173 -0.116541 -0.415236 -0.000572 0.144388 2.215038 -1.303693 -0.394636 0.388533 -1.074044
-0.387770 -0.236706 0.498016 2.170405 -0.984398 -0.269512 0.890173 -0.116541 -0.415236 -0.000572 0.144388 2.215038 -1.303693 -0.394636 0.388533 -1.081292
-0.387388 -0.236706 0.498016 2.170405 -0.984398 -0.269512 0.890173 -0.116541 -0.415236 -0.000572 0.144388 2.215038 -1.303693 -0.394636 0.388914 -1.087015
-0.387388 -0.236706 0.498016 2.170405 -0.984398 -0.269512 0.890173 -0.116541 -0.415236 -0.000572 0.144388 2.215038 -1.303693 -0.394636 0.388533 -1.091974
-0.387388 -0.236324 0.498016 2.170405 -0.984779 -0.269512 0.890173 -0.116541 -0.415236 -0.000572 0.144388 2.215038 -1.303693 -0.394636 0.388533 -1.095407
-0.387770 -0.236324 0.498016 2.170405 -0.984398 -0.269512 0.890173 -0.116541 -0.415236 -0.000572 0.144388 2.215038 -1.303693 -0.394636 0.388533 -1.098077
-0.387388 -0.236324 0.498016 2.170405 -0.984779 -0.269512 0.890173 -0.116541 -0.415236 -0.000572 0.144388 2.215038 -1.303693 -0.394636 0.388533 -1.098077
-0.387770 -0.236324 0.498016 2.170405 -0.984398 -0.269512 0.890173 -0.116541 -0.415236 -0.000572 0.144388 2.215038 -1.303693 -0.394636 0.388914 -1.098077
-0.387388 -0.236706 0.498016 2.170405 -0.984398 -0.269512 0.890173 -0.116541 -0.415236 -0.000572 0.144388 2.215038 -1.303693 -0.394636 0.388533 -1.098077
-0.387770 -0.236324 0.498016 2.170405 -0.984398 -0.269512 0.890173 -0.116541 -0.415236 -0.000572 0.144388 2.215038 -1.303693 -0.394636 0.388533 -1.098077
-0.387388 -0.236706 0.498016 2.170405 -0.984398 -0.269512 0.890173 -0.116541 -0.415236 -0.000572 0.144388 2.215038 -1.303693 -0.394636 0.388914 -1.098077
-0.387770 -0.236706 0.498016 2.170405 -0.984398 -0.269512 0.890173 -0.116541 -0.415236 -0.000572 0.144388 2.215038 -1.303693 -0.395018 0.388914 -1.098077
-0.387388 -0.236706 0.498016 2.170405 -0.984398 -0.269512 0.890173 -0.116541 -0.415236 -0.000572 0.144388 2.215038 -1.303693 -0.394636 0.388914 -1.098077
-0.387388 -0.236706 0.498016 2.170405 -0.984398 -0.269512 0.890173 -0.116541 -0.415236 -0.000572 0.144388 2.215038 -1.303693 -0.394636 0.388914 -1.098077
-0.387770 -0.236706 0.498016 2.170405 -0.984398 -0.269512 0.890173 -0.116541 -0.415236 -0.000572 0.144388 2.215038 -1.303693 -0.394636 0.388533 -1.098077
-0.387770 -0.236324 0.498016 2.170405 -0.984398 -0.269512 0.890173 -0.116541 -0.415236 -0.000572 0.144388 2.215038 -1.303693 -0.394636 0.388533 -1.098077
-0.387770 -0.236324 0.498016 2.170405 -0.984398 -0.269512 0.890173 -0.116541 -0.415236 -0.000572 0.144388 2.215038 -1.303693 -0.394636 0.388533 -1.098077
-0.387770 -0.236706 0.498016 2.170405 -0.984779 -0.269512 0.890173 -0.116541 -0.415236 -0.000572 0.144388 2.215038 -1.303693 -0.394636 0.388533 -1.098077
-0.387388 -0.236324 0.498016 2.170405 -0.984398 -0.269512 0.890173 -0.116541 -0.415236 -0.000572 0.144388 2.215038 -1.303693 -0.394636 0.388533 -1.098077
-0.387388 -0.236324 0.498016 2.170405 -0.984398 -0.269512 0.890173 -0.116541 -0.415236 -0.000572 0.144388 2.215038 -1.303693 -0.394636 0.388533 -1.098077
-0.387388 -0.236706 0.498016 2.170405 -0.984398 -0.269512 0.890173 -0.116541 -0.415236 -0.000572 0.144388 2.215038 -1.303693 -0.394636 0.388533 -1.098077
-0.387770 -0.236324 0.498016 2.170405 -0.984398 -0.269512 0.890173 -0.116541 -0.415236 -0.000572 0.144388 2.215038 -1.303693 -0.394636 0.388533 -1.098077
-0.387388 -0.236324 0.498016 2.170405 -0.984398 -0.269512 0.890173 -0.116541 -0.415236 -0.000572 0.144388 2.215038 -1.303693 -0.394636 0.388533 -1.098077
-0.387388 -0.236706 0.498016 2.170405 -0.984779 -0.269512 0.890173 -0.116541 -0.415236 -0.000572 0.144388 2.215038 -1.303693 -0.394636 0.388914 -1.098077
-0.387388 -0.236324 0.498016 2.170405 -0.984779 -0.269512 0.890173 -0.116541 -0.415236 -0.000572 0.144388 2.215038 -1.303693 -0.394636 0.388533 -1.098077
-0.387388 -0.236706 0.498016 2.170405 -0.984779 -0.269512 0.890173 -0.116541 -0.415236 -0.000572 0.144388 2.215038 -1.303693 -0.394636 0.388533 -1.098077
-0.387770 -0.236324 0.498016 2.170405 -0.984779 -0.269512 0.890173 -0.116541 -0.415236 -0.000572 0.144388 2.215038 -1.303693 -0.394636 0.388914 -1.098077
-0.387388 -0.236324 0.498016 2.170405 -0.984779 -0.269512 0.890173 -0.116541 -0.415236 -0.000572 0.144388 2.215038 -1.303693 -0.394636 0.388533 -1.098077
-0.387388 -0.236324 0.498016 2.170405 -0.984779 -0.269512 0.890173 -0.116541 -0.415236 -0.000572 0.144388 2.215038 -1.303693 -0.394636 0.388533 -1.098077
-0.387388 -0.236324 0.498016 2.170405 -0.984779 -0.269512 0.890173 -0.116541 -0.415236 -0.000572 0.144388 2.215038 -1.303693 -0.394636 0.388533 -1.098077
-0.387770 -0.236324 0.498016 2.170405 -0.984779 -0.269512 0.890173 -0.116541 -0.415236 -0.000572 0.144388 2.215038 -1.303693 -0.394636 0.388533 -1.098077
-0.387388 -0.236324 0.498016 2.170405 -0.984398 -0.269512 0.890173 -0.116541 -0.415236 -0.000572 0.144388 2.215038 -1.303693 -0.394636 0.388533 -1.098077
-0.387388 -0.236324 0.498016 2.170405 -0.984779 -0.269512 0.890173 -0.116541 -0.415236 -0.000572 0.144388 2.215038 -1.303693 -0.394636 0.388533 -1.098077
-0.387388 -0.236706 0.498016 2.170405 -0.984779 -0.269512 0.890173 -0.116541 -0.415236 -0.000572 0.144388 2.215038 -1.303693 -0.394636 0.388914 -1.098077
-0.387388 -0.236706 0.498016 2.170405 -0.984779 -0.269512 0.890173 -0.116541 -0.415236 -0.000572 0.144388 2.215038 -1.303693 -0.394636 0.388533 -1.098077
-0.387388 -0.236706 0.498016 2.170405 -0.984779 -0.269512 0.890173 -0.116541 -0.415236 -0.000572 0.144388 2.215038 -1.303693 -0.394636 0.388914 -1.098077
-0.387388 -0.236706 0.498016 2.170405 -0.984779 -0.269512 0.890173 -0.116541 -0.415236 -0.000572 0.144388 2.215038 -1.303693 -0.394636 0.388533 -1.098077
-0.387388 -0.236706 0.498016 2.170405 -0.984779 -0.269512 0.890173 -0.116541 -0.415236 -0.000572 0.144388 2.215038 -1.303693 -0.394636 0.388533 -1.098077
-0.387388 -0.236706 0.498016 2.170405 -0.984779 -0.269512 0.890173 -0.116541 -0.415236 -0.000572 0.144388 2.215038 -1.303693 -0.394636 0.388914 -1.098077
-0.387388 -0.236706 0.498016 2.170405 -0.984779 -0.269512 0.890173 -0.116541 -0.415236 -0.000572 0.144388 2.215038 -1.303693 -0.394636 0.388533 -1.098077
-0.387770 -0.236706 0.498016 2.170405 -0.984398 -0.269512 0.890173 -0.116541 -0.415236 -0.000572 0.144388 2.215038 -1.303693 -0.394636 0.388533 -1.098077
-0.387770 -0.236706 0.498016 2.170405 -0.984779 -0.269512 0.890173 -0.116541 -0.415236 -0.000572 0.144388 2.215038 -1.303693 -0.394636 0.388533 -1.098077
-0.387388 -0.236706 0.498016 2.170405 -0.984398 -0.269512 0.890173 -0.116541 -0.415236 -0.000572 0.144388 2.215038 -1.303693 -0.394636 0.388533 -1.098077
-0.387388 -0.236706 0.498016 2.170405 -0.984398 -0.269512 0.890173 -0.116541 -0.415236 -0.000572 0.144388 2.215038 -1.303693 -0.394636 0.388533 -1.098077
-0.387770 -0.236706 0.498016 2.170405 -0.984398 -0.269512 0.890173 -0.116541 -0.415236 -0.000572 0.144388 2.215038 -1.303693 -0.394636 0.388533 -1.098077
-0.387770 -0.236324 0.498016 2.170405 -0.984398 -0.269512 0.890173 -0.116541 -0.415236 -0.000572 0.144388 2.215038 -1.303693 -0.394636 0.388533 -1.098077
-0.387388 -0.236706 0.498016 2.170405 -0.984398 -0.269512 0.890173 -0.116541 -0.415236 -0.000572 0.144388 2.215038 -1.303693 -0.394636 0.388533 -1.098077
-0.387388 -0.236324 0.498016 2.170405 -0.984398 -0.269512 0.890173 -0.116541 -0.415236 -0.000572 0.144388 2.215038 -1.303693 -0.394636 0.388533 -1.098077
-0.387770 -0.236706 0.498016 2.170405 -0.984398 -0.269512 0.890173 -0.116541 -0.415236 -0.000572 0.144388 2.215038 -1.303693 -0.394636 0.388533 -1.098077
-0.387770 -0.236706 0.498016 2.170405 -0.984398 -0.269512 0.890173 -0.116541 -0.415236 -0.000572 0.144388 2.215038 -1.303693 -0.394636 0.388533 -1.098077
-0.387388 -0.236324 0.498016 2.170405 -0.984398 -0.269512 0.890173 -0.116541 -0.415236 -0.000572 0.144388 2.215038 -1.303693 -0.394636 0.388533 -1.098077
-0.387770 -0.236324 0.498016 2.170405 -0.984398 -0.269512 0.890173 -0.116541 -0.415236 -0.000572 0.144388 2.215038 -1.303693 -0.394636 0.388533 -1.098077
-0.387388 -0.236706 0.498016 2.170405 -0.984398 -0.269512 0.890173 -0.116541 -0.415236 -0.000572 0.144388 2.215038 -1.303693 -0.394636 0.388533 -1.098077
-0.387388 -0.236706 0.498016 2.170405 -0.984398 -0.269512 0.890173 -0.116541 -0.415236 -0.000572 0.144388 2.215038 -1.303693 -0.394636 0.388533 -1.098077
-0.387770 -0.236706 0.498016 2.170405 -0.984398 -0.269512 0.890173 -0.116541 -0.415236 -0.000572 0.144388 2.215038 -1.303693 -0.394636 0.388533 -1.098077
-0.387388 -0.236706 0.498016 2.170405 -0.984398 -0.269512 0.890173 -0.116541 -0.415236 -0.000572 0.144388 2.215038 -1.303693 -0.394636 0.388533 -1.098077
-0.387388 -0.236706 0.498016 2.170405 -0.984398 -0.269512 0.890173 -0.116541 -0.415236 -0.000572 0.144388 2.215038 -1.303693 -0.394636 0.388533 -1.098077
-0.387770 -0.236706 0.498016 2.170405 -0.984398 -0.269512 0.890173 -0.116541 -0.415236 -0.000572 0.144388 2.215038 -1.303693 -0.394636 0.388533 -1.098077
-0.387388 -0.236706 0.498016 2.170405 -0.984398 -0.269512 0.890173 -0.116541 -0.415236 -0.000572 0.144388 2.215038 -1.303693 -0.394636 0.388533 -1.098077
-0.387388 -0.236324 0.498016 2.170405 -0.984398 -0.269512 0.890173 -0.116541 -0.415236 -0.000572 0.144388 2.215038 -1.303693 -0.394636 0.388533 -1.098077
-0.387388 -0.236706 0.498016 2.170405 -0.984398 -0.269512 0.890173 -0.116541 -0.415236 -0.000572 0.144388 2.215038 -1.303693 -0.394636 0.388533 -1.098077
-0.387770 -0.236706 0.498016 2.170405 -0.984398 -0.269512 0.890173 -0.116541 -0.415236 -0.000572 0.144388 2.215038 -1.303693 -0.394636 0.388533 -1.098077
-0.387388 -0.236706 0.498016 2.170405 -0.984398 -0.269512 0.890173 -0.116541 -0.415236 -0.000572 0.144388 2.215038 -1.303693 -0.394636 0.388533 -1.098077
-0.387388 -0.236706 0.498016 2.170405 -0.984398 -0.269512 0.890173 -0.116541 -0.415236 -0.000572 0.144388 2.215038 -1.303693 -0.394636 0.388533 -1.098077
-0.387770 -0.236706 0.498016 2.170405 -0.984398 -0.269512 0.890173 -0.116541 -0.415236 -0.000572 0.144388 2.215038 -1.303693 -0.394636 0.388533 -1.098077
-0.387770 -0.236706 0.498016 2.170405 -0.984398 -0.269512 0.890173 -0.116541 -0.415236 -0.000572 0.144388 2.215038 -1.303693 -0.394636 0.388533 -1.098077
-0.387770 -0.236706 0.498016 2.170405 -0.984398 -0.269512 0.890173 -0.116541 -0.415236 -0.000572 0.144388 2.215038 -1.303693 -0.394636 0.388533 -1.098077
-0.387770 -0.236706 0.498016 2.170405 -0.984398 -0.269512 0.890173 -0.116541 -0.415236 -0.000572 0.144388 2.215038 -1.303693 -0.394636 0.388533 -1.098077
-0.387388 -0.236706 0.498016 2.170405 -0.984398 -0.269512 0.890173 -0.116541 -0.415236 -0.000572 0.144388 2.215038 -1.303693 -0.394636 0.388533 -1.098077
-0.387388 -0.236706 0.498016 2.170405 -0.984398 -0.269512 0.890173 -0.116541 -0.415236 -0.000572 0.144388 2.215038 -1.303693 -0.394636 0.388533 -1.098077
-0.387770 -0.236706 0.498016 2.170405 -0.984398 -0.269512 0.890173 -0.116541 -0.415236 -0.000954 0.144388 2.215038 -1.303693 -0.394636 0.388533 -1.098077
-0.387388 -0.236706 0.498016 2.170405 -0.984398 -0.269512 0.890173 -0.116541 -0.415236 -0.000572 0.144388 2.215038 -1.303693 -0.394636 0.388533 -1.098077
-0.387770 -0.236706 0.498016 2.170405 -0.984398 -0.269512 0.890173 -0.116541 -0.415236 -0.000572 0.144388 2.215038 -1.303693 -0.394636 0.388533 -1.098077
-0.387388 -0.236324 0.498016 2.170405 -0.984398 -0.269512 0.890173 -0.116541 -0.415236 -0.000572 0.144388 2.215038 -1.303693 -0.394636 0.388533 -1.098077
-0.387770 -0.236324 0.498016 2.170405 -0.984398 -0.269512 0.890173 -0.116541 -0.415236 -0.000572 0.144388 2.215038 -1.303693 -0.394636 0.388533 -1.098077
-0.387388 -0.236706 0.498016 2.170405 -0.984398 -0.269512 0.890173 -0.116541 -0.415236 -0.000572 0.144388 2.215038 -1.303693 -0.394636 0.388533 -1.098077
-0.387388 -0.236706 0.498016 2.170405 -0.984398 -0.269512 0.890173 -0.116541 -0.415236 -0.000572 0.144388 2.215038 -1.303693 -0.394636 0.388533 -1.098077
-0.387770 -0.236706 0.498016 2.170405 -0.984398 -0.269512 0.890173 -0.116541 -0.415236 -0.000572 0.144388 2.215038 -1.303693 -0.394636 0.388533 -1.098077
-0.387770 -0.236706 0.498016 2.170405 -0.984398 -0.269512 0.889792 -0.116541 -0.415236 -0.000572 0.144388 2.215038 -1.303693 -0.394636 0.388533 -1.098077
-0.387770 -0.236706 0.498016 2.170405 -0.984398 -0.269512 0.890173 -0.116541 -0.415236 -0.000572 0.144388 2.215038 -1.303693 -0.394636 0.388533 -1.098077
-0.387388 -0.236706 0.498016 2.170405 -0.984398 -0.269512 0.890173 -0.116541 -0.415236 -0.000572 0.144388 2.215038 -1.303693 -0.394636 0.388533 -1.098077
-0.387770 -0.236324 0.498016 2.170405 -0.984398 -0.269512 0.890173 -0.116541 -0.415236 -0.000572 0.144388 2.215038 -1.303693 -0.394636 0.388533 -1.098077
-0.387770 -0.236706 0.498016 2.170405 -0.984398 -0.269512 0.890173 -0.116541 -0.415236 -0.000572 0.144388 2.215038 -1.303693 -0.394636 0.388533 -1.098077
-0.387770 -0.236324 0.498016 2.170405 -0.984398 -0.269512 0.890173 -0.116541 -0.415236 -0.000572 0.144388 2.215038 -1.303693 -0.394636 0.388533 -1.098077
-0.387770 -0.236324 0.498016 2.170405 -0.984398 -0.269512 0.890173 -0.116541 -0.415236 -0.000572 0.144388 2.215038 -1.303693 -0.394636 0.388533 -1.098077
-0.387770 -0.236706 0.498016 2.170405 -0.984398 -0.269512 0.890173 -0.116541 -0.415236 -0.000572 0.144388 2.215038 -1.303693 -0.394636 0.388533 -1.098077
-0.387388 -0.236706 0.498016 2.170405 -0.984398 -0.269512 0.890173 -0.116541 -0.415236 -0.000572 0.144388 2.215038 -1.303693 -0.394636 0.388914 -1.098077
-0.387770 -0.236706 0.498016 2.170405 -0.984398 -0.269512 0.890173 -0.116541 -0.415236 -0.000572 0.144388 2.215038 -1.303693 -0.394636 0.388533 -1.098077
-0.387388 -0.236324 0.498016 2.170405 -0.984398 -0.269512 0.890173 -0.116541 -0.415236 -0.000572 0.144388 2.215038 -1.303693 -0.394636 0.388533 -1.098077
-0.387770 -0.236706 0.498016 2.170405 -0.984398 -0.269512 0.890173 -0.116541 -0.415236 -0.000572 0.144388 2.215038 -1.303693 -0.394636 0.388533 -1.098077
-0.387770 -0.236706 0.498016 2.170405 -0.984398 -0.269512 0.890173 -0.116541 -0.415236 -0.000572 0.144388 2.215038 -1.303693 -0.394636 0.388914 -1.098077
-0.387770 -0.236706 0.498016 2.170405 -0.984398 -0.269512 0.890173 -0.116541 -0.415236 -0.000572 0.144388 2.215038 -1.303693 -0.394636 0.388533 -1.098077
-0.387388 -0.236706 0.498016 2.170405 -0.984398 -0.269512 0.890173 -0.116541 -0.415236 -0.000572 0.144388 2.215038 -1.303693 -0.394636 0.388533 -1.098077
-0.387770 -0.236706 0.498016 2.170405 -0.984398 -0.269512 0.890173 -0.116541 -0.415236 -0.000572 0.144388 2.215038 -1.303693 -0.394636 0.388533 -1.098077
-0.387770 -0.236324 0.498016 2.170405 -0.984398 -0.269512 0.890173 -0.116541 -0.415236 -0.000572 0.144388 2.215038 -1.303693 -0.394636 0.388533 -1.098077
-0.387388 -0.236706 0.498016 2.170405 -0.984398 -0.269512 0.890173 -0.116541 -0.415236 -0.000572 0.144388 2.215038 -1.303311 -0.394636 0.388914 -1.098077
-0.387770 -0.236706 0.498016 2.170405 -0.984398 -0.269512 0.890173 -0.116541 -0.415236 -0.000572 0.144388 2.215038 -1.303311 -0.394636 0.388533 -1.098077
-0.387770 -0.236324 0.498016 2.170405 -0.984398 -0.269512 0.890173 -0.116541 -0.415236 -0.000572 0.144388 2.215038 -1.303693 -0.394636 0.388914 -1.098077
-0.387388 -0.236706 0.498016 2.170405 -0.984398 -0.269512 0.889792 -0.116541 -0.415236 -0.000572 0.144388 2.215038 -1.303693 -0.394636 0.388914 -1.098077
-0.387770 -0.236706 0.498016 2.170405 -0.984398 -0.269512 0.890173 -0.116541 -0.415236 -0.000572 0.144388 2.215038 -1.303693 -0.394636 0.388914 -1.098077
-0.387770 -0.236706 0.498016 2.170405 -0.984398 -0.269512 0.889792 -0.116541 -0.415236 -0.000572 0.144388 2.215038 -1.303693 -0.394636 0.388533 -1.098077
-0.387770 -0.236324 0.498016 2.170405 -0.984398 -0.269512 0.890173 -0.116541 -0.415236 -0.000572 0.144388 2.215038 -1.303693 -0.394636 0.388914 -1.098077
-0.387770 -0.236706 0.498016 2.170405 -0.984398 -0.269512 0.889792 -0.116541 -0.415236 -0.000572 0.144388 2.215038 -1.303693 -0.394636 0.388914 -1.098077
-0.387770 -0.236706 0.498016 2.170405 -0.984398 -0.269512 0.890173 -0.116541 -0.415236 -0.000572 0.144388 2.215038 -1.303693 -0.394636 0.388533 -1.098077
-0.387770 -0.236706 0.498016 2.170405 -0.984398 -0.269512 0.889792 -0.116541 -0.415236 -0.000572 0.144388 2.215038 -1.303693 -0.394636 0.388914 -1.098077
-0.387770 -0.236706 0.498016 2.170405 -0.984398 -0.269512 0.889792 -0.116541 -0.415236 -0.000572 0.144388 2.215038 -1.303693 -0.394636 0.388533 -1.098077
-0.387770 -0.236706 0.498016 2.170405 -0.984398 -0.269512 0.889792 -0.116541 -0.415236 -0.000572 0.144388 2.215038 -1.303693 -0.394636 0.388533 -1.098077
-0.387770 -0.236324 0.498016 2.170405 -0.984398 -0.269512 0.889792 -0.116541 -0.415236 -0.000572 0.144388 2.215038 -1.303693 -0.394636 0.388533 -1.098077
-0.387770 -0.236706 0.498016 2.170405 -0.984016 -0.269512 0.889410 -0.116541 -0.415236 -0.000572 0.144388 2.215038 -1.303693 -0.394636 0.388533 -1.098077
-0.387770 -0.236706 0.498016 2.170405 -0.984016 -0.269512 0.889410 -0.116541 -0.415236 -0.000572 0.144388 2.215038 -1.303693 -0.394636 0.388533 -1.098077
-0.387770 -0.236706 0.498016 2.170405 -0.984016 -0.269512 0.889029 -0.116541 -0.415236 -0.000572 0.144388 2.215038 -1.303693 -0.394636 0.388533 -1.098077
-0.387770 -0.236706 0.498016 2.170405 -0.984016 -0.269512 0.888266 -0.116541 -0.415236 -0.000572 0.144388 2.215038 -1.303693 -0.394636 0.388533 -1.098077
-0.387770 -0.236706 0.498016 2.170405 -0.984016 -0.269512 0.886740 -0.116541 -0.415236 -0.000572 0.144388 2.215038 -1.303693 -0.394636 0.388533 -1.098077
-0.387770 -0.236706 0.498016 2.170405 -0.984016 -0.269512 0.885214 -0.116541 -0.415236 -0.000572 0.144388 2.215038 -1.303693 -0.394636 0.388533 -1.098077
-0.387770 -0.236706 0.498016 2.170405 -0.984016 -0.269512 0.882544 -0.116541 -0.415236 -0.000572 0.144388 2.215038 -1.303693 -0.394636 0.388533 -1.098077
-0.387770 -0.236706 0.498016 2.170405 -0.984016 -0.269512 0.880255 -0.116541 -0.415236 -0.000572 0.144388 2.215038 -1.303693 -0.394636 0.388533 -1.097696
-0.387770 -0.236324 0.498016 2.170405 -0.984016 -0.269512 0.877966 -0.116541 -0.415236 -0.000572 0.144388 2.215038 -1.303693 -0.394636 0.388533 -1.098077
-0.387770 -0.236706 0.498016 2.170405 -0.984016 -0.269512 0.875677 -0.116541 -0.415236 -0.000572 0.144388 2.215038 -1.303693 -0.394636 0.388533 -1.098077
-0.387770 -0.236706 0.498016 2.170405 -0.984016 -0.269512 0.873388 -0.116541 -0.415236 -0.000572 0.144388 2.215038 -1.303693 -0.394636 0.388533 -1.098077
-0.387770 -0.236324 0.498016 2.170405 -0.984016 -0.269512 0.871099 -0.116541 -0.415236 -0.000572 0.144388 2.215038 -1.303693 -0.394636 0.388533 -1.098077
-0.387770 -0.236706 0.498016 2.170405 -0.984016 -0.269512 0.868048 -0.116541 -0.415236 -0.000572 0.144388 2.215038 -1.303693 -0.394636 0.388533 -1.097696
-0.387770 -0.236706 0.498016 2.170405 -0.984016 -0.269512 0.864996 -0.116541 -0.415236 -0.000572 0.144388 2.215038 -1.303693 -0.394636 0.388533 -1.098077
-0.387770 -0.236706 0.498016 2.170405 -0.984016 -0.269512 0.861944 -0.116541 -0.415236 -0.000572 0.144388 2.215038 -1.303693 -0.394636 0.388533 -1.097696
-0.387770 -0.236706 0.498016 2.170405 -0.984016 -0.269512 0.858892 -0.116541 -0.415236 -0.000572 0.144388 2.215038 -1.303693 -0.394636 0.388533 -1.098077
-0.387770 -0.236706 0.498016 2.170405 -0.984016 -0.269131 0.856985 -0.116541 -0.415236 -0.000572 0.144388 2.215038 -1.303693 -0.394636 0.388533 -1.098077
-0.387770 -0.236706 0.498016 2.170405 -0.984016 -0.269512 0.855840 -0.116541 -0.415236 -0.000572 0.144388 2.215038 -1.303693 -0.394636 0.388533 -1.098077
-0.387770 -0.236706 0.498016 2.170405 -0.984016 -0.269131 0.855840 -0.116541 -0.415236 -0.000572 0.144388 2.215038 -1.303693 -0.394636 0.388533 -1.098077
-0.387770 -0.236324 0.498016 2.170405 -0.984016 -0.269512 0.856222 -0.116541 -0.415236 -0.000572 0.144388 2.215038 -1.303693 -0.394636 0.388533 -1.098077
-0.387770 -0.236324 0.498016 2.170405 -0.984016 -0.269512 0.856222 -0.116541 -0.415236 -0.000572 0.144388 2.215038 -1.303311 -0.394636 0.388533 -1.098077
-0.387770 -0.236706 0.497635 2.170405 -0.984016 -0.269512 0.856222 -0.116541 -0.415236 -0.000572 0.144388 2.215038 -1.303693 -0.394636 0.388533 -1.098077
-0.387770 -0.236706 0.498016 2.170405 -0.984016 -0.269512 0.856222 -0.116541 -0.415236 -0.000572 0.144388 2.215038 -1.303693 -0.394636 0.388533 -1.098077
-0.387770 -0.236324 0.497635 2.170405 -0.984016 -0.269512 0.856222 -0.116541 -0.415236 -0.000572 0.144388 2.215038 -1.303693 -0.394636 0.388533 -1.098077
-0.387770 -0.236706 0.497635 2.170405 -0.984016 -0.269131 0.856222 -0.116541 -0.415236 -0.000572 0.144388 2.215038 -1.303693 -0.394636 0.388533 -1.098077
-0.387770 -0.236706 0.497635 2.170405 -0.983635 -0.269131 0.856603 -0.116541 -0.415236 -0.000572 0.144388 2.215038 -1.303693 -0.394636 0.388533 -1.098077
-0.387770 -0.236706 0.497635 2.170405 -0.983635 -0.269131 0.856603 -0.116541 -0.415236 -0.000572 0.144388 2.215038 -1.303693 -0.394636 0.388533 -1.098077
-0.387770 -0.236706 0.497635 2.170405 -0.982872 -0.269131 0.856603 -0.116541 -0.415236 -0.000572 0.144388 2.215038 -1.303693 -0.394636 0.388533 -1.098077
-0.387770 -0.236706 0.497635 2.170405 -0.982109 -0.269131 0.856603 -0.116541 -0.415236 -0.000572 0.144388 2.215038 -1.303693 -0.394636 0.388533 -1.098077
-0.387770 -0.236706 0.497635 2.170405 -0.980964 -0.268750 0.856603 -0.116541 -0.415236 -0.000572 0.144388 2.215038 -1.303693 -0.394636 0.388533 -1.098077
-0.387388 -0.236706 0.497635 2.170405 -0.980583 -0.268750 0.856603 -0.116541 -0.415236 -0.000572 0.144388 2.215038 -1.303693 -0.394636 0.388533 -1.098077
-0.387770 -0.236706 0.497635 2.170405 -0.980201 -0.268750 0.856603 -0.116541 -0.415236 -0.000572 0.144388 2.215038 -1.303693 -0.394636 0.388533 -1.098077
-0.387770 -0.236706 0.497635 2.170405 -0.979820 -0.268368 0.856603 -0.116541 -0.415236 -0.000572 0.144388 2.215038 -1.303693 -0.394636 0.388533 -1.098077
-0.387770 -0.236706 0.497253 2.170405 -0.979820 -0.268368 0.856603 -0.116541 -0.415236 -0.000572 0.144388 2.215038 -1.303693 -0.394636 0.388151 -1.097696
-0.387388 -0.236706 0.496490 2.170405 -0.980201 -0.268368 0.856603 -0.116541 -0.415236 -0.000572 0.144388 2.215038 -1.303693 -0.394636 0.388533 -1.098077
-0.387388 -0.236706 0.496109 2.170405 -0.980201 -0.268368 0.856603 -0.116541 -0.415618 -0.000572 0.144388 2.215038 -1.303693 -0.394636 0.388533 -1.098077
-0.387388 -0.236706 0.495346 2.170405 -0.980201 -0.267987 0.856603 -0.116541 -0.415236 -0.000572 0.144388 2.215038 -1.303693 -0.394636 0.388533 -1.098077
-0.387388 -0.237087 0.494583 2.170405 -0.980201 -0.267987 0.856985 -0.116541 -0.415236 -0.000572 0.144388 2.215038 -1.303693 -0.394636 0.388533 -1.098077
-0.387388 -0.236706 0.493820 2.170405 -0.980201 -0.267987 0.856985 -0.116541 -0.415236 -0.000572 0.144388 2.215038 -1.303693 -0.394636 0.388533 -1.098077
-0.387388 -0.236706 0.493057 2.170405 -0.980201 -0.267987 0.856985 -0.116541 -0.415236 -0.000572 0.144388 2.215038 -1.303693 -0.394636 0.388533 -1.098077
-0.387388 -0.237087 0.492294 2.170405 -0.980201 -0.267605 0.856985 -0.116541 -0.415236 -0.000572 0.144388 2.215038 -1.303693 -0.394636 0.388533 -1.097696
-0.387388 -0.237087 0.491913 2.170405 -0.980201 -0.267224 0.856985 -0.116541 -0.415236 -0.000572 0.144388 2.215038 -1.303693 -0.394636 0.388533 -1.098077
-0.387388 -0.237087 0.491150 2.170405 -0.980201 -0.265698 0.856985 -0.116541 -0.415236 -0.000572 0.144388 2.215038 -1.303693 -0.394636 0.388533 -1.098077
-0.387388 -0.237087 0.490387 2.170405 -0.980201 -0.262264 0.856603 -0.116541 -0.415236 -0.000572 0.144388 2.215038 -1.303693 -0.394636 0.388533 -1.098077
-0.387388 -0.237087 0.490005 2.170405 -0.980201 -0.259213 0.856603 -0.116541 -0.415236 -0.000572 0.144388 2.215038 -1.303693 -0.394636 0.388533 -1.098077
-0.387388 -0.236706 0.489624 2.170405 -0.980201 -0.256542 0.856603 -0.116541 -0.415236 -0.000572 0.144388 2.215038 -1.303693 -0.394636 0.388151 -1.098077
-0.387388 -0.236706 0.488861 2.170405 -0.980201 -0.254635 0.856603 -0.116541 -0.415236 -0.000572 0.144388 2.215038 -1.303693 -0.394636 0.388533 -1.098077
-0.387388 -0.236706 0.488479 2.170405 -0.980201 -0.252346 0.856603 -0.116541 -0.415236 -0.000572 0.144388 2.215038 -1.303693 -0.394636 0.388533 -1.098077
-0.387388 -0.236706 0.487716 2.170405 -0.980201 -0.250439 0.856985 -0.116541 -0.415236 -0.000572 0.144388 2.215038 -1.303693 -0.394636 0.388151 -1.098077
-0.387388 -0.236706 0.487335 2.170405 -0.980201 -0.248531 0.856985 -0.116541 -0.415236 -0.000572 0.144388 2.215038 -1.303693 -0.394636 0.388151 -1.098077
-0.387388 -0.237087 0.486954 2.170405 -0.980201 -0.246624 0.856985 -0.116541 -0.415236 -0.000572 0.144388 2.215038 -1.303311 -0.394636 0.388533 -1.098077
-0.387388 -0.237087 0.486191 2.170405 -0.980201 -0.244717 0.856985 -0.116541 -0.415236 -0.000572 0.144388 2.215038 -1.303693 -0.394636 0.388151 -1.098077
-0.387388 -0.237087 0.485428 2.170405 -0.979820 -0.243572 0.856985 -0.116541 -0.415236 -0.000572 0.144388 2.215038 -1.303693 -0.394636 0.388151 -1.098077
-0.387388 -0.237087 0.485046 2.170405 -0.979820 -0.241665 0.856985 -0.116541 -0.415236 -0.000572 0.144388 2.215038 -1.303693 -0.394636 0.388151 -1.098077
-0.387388 -0.237087 0.484283 2.170405 -0.979820 -0.240520 0.856985 -0.116541 -0.415236 -0.000572 0.144388 2.215038 -1.303693 -0.394636 0.388151 -1.098077
-0.387388 -0.237087 0.483520 2.170405 -0.979438 -0.238613 0.856985 -0.116541 -0.415236 -0.000572 0.144388 2.215038 -1.303693 -0.394636 0.388151 -1.098077
-0.387388 -0.237087 0.482757 2.170405 -0.978676 -0.237850 0.856985 -0.116541 -0.415236 -0.000572 0.144388 2.215038 -1.303693 -0.394636 0.388151 -1.097696
-0.387388 -0.237087 0.481613 2.170405 -0.977150 -0.237850 0.856985 -0.116541 -0.415236 -0.000572 0.144388 2.215038 -1.303693 -0.394636 0.388151 -1.098077
-0.387388 -0.237087 0.480468 2.170405 -0.976005 -0.238231 0.856985 -0.116541 -0.415236 -0.000572 0.144388 2.215038 -1.303693 -0.394636 0.388151 -1.098077
-0.387388 -0.237087 0.479324 2.170405 -0.975242 -0.238231 0.856985 -0.116541 -0.415236 -0.000572 0.144388 2.215038 -1.303693 -0.394636 0.388151 -1.098077
-0.387388 -0.237087 0.478561 2.170405 -0.974098 -0.238231 0.856603 -0.116541 -0.415236 -0.000572 0.144388 2.215038 -1.303693 -0.394636 0.388151 -1.098077
-0.387770 -0.237087 0.477798 2.170405 -0.973716 -0.238231 0.856603 -0.116541 -0.415236 -0.000572 0.144388 2.215038 -1.303693 -0.394636 0.388151 -1.098077
-0.387770 -0.237087 0.477417 2.170405 -0.973335 -0.238231 0.856603 -0.116541 -0.415236 -0.000572 0.144388 2.215038 -1.303693 -0.394636 0.388151 -1.098077
-0.387770 -0.237087 0.476654 2.170405 -0.973335 -0.238231 0.856603 -0.116541 -0.415236 -0.000572 0.144388 2.215038 -1.303693 -0.394636 0.388151 -1.098077
-0.387770 -0.237087 0.475891 2.170405 -0.973335 -0.238231 0.856603 -0.116541 -0.415236 -0.000572 0.144388 2.215038 -1.303693 -0.394636 0.388151 -1.098077
-0.387770 -0.237087 0.475128 2.170405 -0.973335 -0.237850 0.856603 -0.116541 -0.415236 -0.000572 0.144388 2.215038 -1.303693 -0.394636 0.388151 -1.098077
-0.387388 -0.237087 0.474365 2.170405 -0.973335 -0.238231 0.856603 -0.116541 -0.415618 -0.000572 0.144388 2.215038 -1.303693 -0.394255 0.388151 -1.098077
-0.387388 -0.237087 0.473602 2.170405 -0.973335 -0.238231 0.856985 -0.116541 -0.415236 -0.000572 0.144388 2.215038 -1.303693 -0.394636 0.388151 -1.098077
-0.387388 -0.237087 0.472839 2.170405 -0.973335 -0.238231 0.856985 -0.116541 -0.415236 -0.000572 0.144388 2.215038 -1.303693 -0.394636 0.388151 -1.098077
-0.387388 -0.237087 0.472076 2.170405 -0.973335 -0.237850 0.856985 -0.116541 -0.415236 -0.000572 0.144388 2.215038 -1.303693 -0.394636 0.388151 -1.098077
-0.387388 -0.237087 0.471695 2.170405 -0.973335 -0.237850 0.856985 -0.116541 -0.415236 -0.000572 0.144388 2.215038 -1.303693 -0.394636 0.388151 -1.098077
-0.387388 -0.237087 0.471313 2.170405 -0.973335 -0.237850 0.856985 -0.116541 -0.415236 -0.000572 0.144388 2.215038 -1.303693 -0.394636 0.388151 -1.098077
-0.387388 -0.237087 0.470550 2.170405 -0.972953 -0.237850 0.856985 -0.116541 -0.415236 -0.000572 0.144388 2.215038 -1.303693 -0.394636 0.388151 -1.098077
-0.387388 -0.237087 0.469787 2.170405 -0.972953 -0.237850 0.856603 -0.116541 -0.415236 -0.000572 0.144388 2.215038 -1.303693 -0.394636 0.388151 -1.098077
-0.387770 -0.237087 0.469024 2.170405 -0.972953 -0.237850 0.856603 -0.116541 -0.415236 -0.000572 0.144388 2.215038 -1.303693 -0.394636 0.388151 -1.098077
-0.387770 -0.237087 0.467880 2.170405 -0.973335 -0.237850 0.856603 -0.116541 -0.415236 -0.000572 0.144388 2.215038 -1.303693 -0.394636 0.388151 -1.098077
-0.387388 -0.237087 0.466735 2.170405 -0.973335 -0.237850 0.856603 -0.116541 -0.415236 -0.000572 0.144388 2.215038 -1.303693 -0.394636 0.388151 -1.098077
-0.387388 -0.237087 0.465591 2.170405 -0.973716 -0.237850 0.856985 -0.116541 -0.415236 -0.000572 0.144388 2.215038 -1.303693 -0.394636 0.388151 -1.097696
-0.387388 -0.237087 0.464828 2.170405 -0.973716 -0.237850 0.856985 -0.116541 -0.415236 -0.000572 0.144388 2.215038 -1.303693 -0.394636 0.388151 -1.098077
-0.387388 -0.237087 0.464065 2.170405 -0.973716 -0.238231 0.856603 -0.116541 -0.415618 -0.000572 0.144388 2.215038 -1.303693 -0.394636 0.388151 -1.097696
-0.387388 -0.237087 0.463684 2.170405 -0.973716 -0.238231 0.856985 -0.116541 -0.415236 -0.000572 0.144388 2.215038 -1.303693 -0.394636 0.388151 -1.098077
-0.387388 -0.237087 0.462921 2.170405 -0.973716 -0.237850 0.856985 -0.116541 -0.415236 -0.000572 0.144388 2.215038 -1.303693 -0.394636 0.388151 -1.098077
-0.387388 -0.237087 0.462921 2.170405 -0.973335 -0.237850 0.856985 -0.116541 -0.415236 -0.000572 0.144388 2.215038 -1.303693 -0.394636 0.388151 -1.098077
-0.387388 -0.237087 0.462158 2.170405 -0.973335 -0.237850 0.856985 -0.116541 -0.415236 -0.000572 0.144388 2.215038 -1.303693 -0.394636 0.388151 -1.098077
-0.387388 -0.237087 0.461013 2.170405 -0.973335 -0.237850 0.856985 -0.116541 -0.415236 -0.000572 0.144388 2.215038 -1.303693 -0.394636 0.388151 -1.098077
-0.387388 -0.237087 0.460250 2.170405 -0.973716 -0.237850 0.856985 -0.116541 -0.415236 -0.000572 0.144388 2.215038 -1.303693 -0.394636 0.388151 -1.098077
-0.387388 -0.237087 0.459106 2.170405 -0.973716 -0.238231 0.856985 -0.116541 -0.415236 -0.000572 0.144388 2.215038 -1.303693 -0.394636 0.388151 -1.098077
-0.387388 -0.237087 0.458343 2.170405 -0.973716 -0.237850 0.856985 -0.116541 -0.415236 -0.000572 0.144388 2.215038 -1.303311 -0.394636 0.388151 -1.098077
-0.387388 -0.237087 0.457580 2.170405 -0.973716 -0.237850 0.856985 -0.116541 -0.415236 -0.000572 0.144388 2.215038 -1.303693 -0.394636 0.388151 -1.098077
-0.387388 -0.237087 0.456817 2.170405 -0.973335 -0.237850 0.856985 -0.116541 -0.415236 -0.000572 0.144388 2.215038 -1.303693 -0.394636 0.388151 -1.098077
-0.387388 -0.237087 0.455673 2.170405 -0.973335 -0.237850 0.856985 -0.116541 -0.415236 -0.000572 0.144388 2.215038 -1.303311 -0.394636 0.388151 -1.097696
-0.387388 -0.237087 0.454528 2.170405 -0.973335 -0.237469 0.857366 -0.116541 -0.415236 -0.000572 0.144388 2.215038 -1.303693 -0.394636 0.388151 -1.098077
-0.387388 -0.237087 0.453384 2.170405 -0.973716 -0.237469 0.857366 -0.116541 -0.415236 -0.000572 0.144388 2.215038 -1.303693 -0.394636 0.388151 -1.098077
-0.387388 -0.237087 0.452239 2.170405 -0.973716 -0.237469 0.857366 -0.116541 -0.415236 -0.000572 0.144388 2.215038 -1.303311 -0.394636 0.388151 -1.098077
-0.387388 -0.237087 0.451095 2.170405 -0.973716 -0.237469 0.857748 -0.116541 -0.415236 -0.000572 0.144388 2.215038 -1.303311 -0.394636 0.388151 -1.098077
-0.387388 -0.237087 0.449950 2.170405 -0.973716 -0.237469 0.857748 -0.116541 -0.415236 -0.000572 0.144388 2.215038 -1.303693 -0.394636 0.388151 -1.098077
-0.387388 -0.237087 0.448425 2.170405 -0.973716 -0.237469 0.857748 -0.116541 -0.415236 -0.000572 0.144388 2.215038 -1.303693 -0.394636 0.388151 -1.098077
-0.387388 -0.237087 0.447280 2.170405 -0.973716 -0.237469 0.857748 -0.116541 -0.415236 -0.000572 0.144388 2.215038 -1.303693 -0.394636 0.388151 -1.098077
-0.387388 -0.237087 0.445754 2.170405 -0.974098 -0.237469 0.857748 -0.116541 -0.415236 -0.000572 0.144388 2.215038 -1.303693 -0.394636 0.388151 -1.098077
-0.387388 -0.237087 0.444610 2.170405 -0.974098 -0.237469 0.857748 -0.116541 -0.415236 -0.000572 0.144388 2.215038 -1.303311 -0.394636 0.388151 -1.098077
-0.387388 -0.237087 0.443084 2.170405 -0.974098 -0.237469 0.857748 -0.116541 -0.415618 -0.000954 0.144388 2.215038 -1.303693 -0.394255 0.388151 -1.098077
-0.387388 -0.237087 0.441939 2.170405 -0.974098 -0.237469 0.857748 -0.116541 -0.415236 -0.000572 0.144388 2.215038 -1.303693 -0.394636 0.388151 -1.098077
-0.387388 -0.237087 0.440414 2.170405 -0.974479 -0.237469 0.857748 -0.116541 -0.415236 -0.000572 0.144388 2.215038 -1.303693 -0.394636 0.388151 -1.098077
-0.387388 -0.237087 0.438888 2.170405 -0.974479 -0.237469 0.857748 -0.116541 -0.415236 -0.000572 0.144388 2.215038 -1.303311 -0.394255 0.388151 -1.098077
-0.387388 -0.237087 0.437362 2.170405 -0.974861 -0.237469 0.857748 -0.116541 -0.415618 -0.000572 0.144388 2.215038 -1.303693 -0.394636 0.388151 -1.097696
-0.387388 -0.237087 0.436217 2.170405 -0.974861 -0.237469 0.857748 -0.116541 -0.415236 -0.000572 0.144388 2.215038 -1.303693 -0.394636 0.388151 -1.098077
-0.387388 -0.237087 0.434691 2.170405 -0.974861 -0.237469 0.857748 -0.116159 -0.415236 -0.000572 0.144388 2.215038 -1.303311 -0.394636 0.388151 -1.097696
-0.387388 -0.237469 0.433165 2.170405 -0.974479 -0.237469 0.858129 -0.116159 -0.415236 -0.000572 0.144388 2.215038 -1.303693 -0.394636 0.388151 -1.098077
-0.387388 -0.237469 0.431640 2.170405 -0.974861 -0.237469 0.858129 -0.116541 -0.415236 -0.000572 0.144388 2.215038 -1.303311 -0.394636 0.388151 -1.098077
-0.387388 -0.238231 0.430114 2.170405 -0.974861 -0.237469 0.858129 -0.116541 -0.415236 -0.000572 0.144388 2.215038 -1.303311 -0.394636 0.388151 -1.098077
-0.387388 -0.239757 0.428588 2.170405 -0.975242 -0.237469 0.857748 -0.116159 -0.415236 -0.000572 0.144388 2.215038 -1.303311 -0.394636 0.388151 -1.098077
-0.387388 -0.239757 0.427443 2.170405 -0.976768 -0.237469 0.858129 -0.116159 -0.415236 -0.000572 0.144388 2.215038 -1.303311 -0.394636 0.388151 -1.098077
-0.387388 -0.240520 0.425917 2.170405 -0.981346 -0.237469 0.860037 -0.116159 -0.415236 -0.000572 0.144388 2.215038 -1.303311 -0.394636 0.388151 -1.098077
-0.387388 -0.242046 0.424392 2.170405 -0.987068 -0.237469 0.861181 -0.116159 -0.415236 -0.000572 0.144388 2.215038 -1.303693 -0.394636 0.388151 -1.098077
-0.387388 -0.242428 0.422484 2.170405 -0.990883 -0.237469 0.861181 -0.116541 -0.415236 -0.000572 0.144388 2.215038 -1.303311 -0.394636 0.388151 -1.098077
-0.387388 -0.243191 0.420195 2.170405 -0.993935 -0.237087 0.861944 -0.116159 -0.415236 -0.000572 0.144388 2.215038 -1.303693 -0.394636 0.387770 -1.097696
-0.387007 -0.245098 0.418288 2.170405 -0.996605 -0.236706 0.861944 -0.116541 -0.415236 -0.000572 0.144388 2.215038 -1.303693 -0.394636 0.387770 -1.098077
-0.387007 -0.245098 0.415999 2.170405 -1.000420 -0.236706 0.862325 -0.116159 -0.415236 -0.000572 0.144388 2.215038 -1.303311 -0.394636 0.387770 -1.098077
-0.386625 -0.246242 0.414092 2.170405 -1.003853 -0.236706 0.863851 -0.116541 -0.415236 -0.000572 0.144388 2.215038 -1.303311 -0.394636 0.387770 -1.098077
-0.385863 -0.248150 0.412184 2.170405 -1.008812 -0.236324 0.864996 -0.116159 -0.415236 -0.000572 0.144388 2.215038 -1.303693 -0.394636 0.387770 -1.098077
-0.385100 -0.248150 0.410277 2.170405 -1.013008 -0.236324 0.864996 -0.116159 -0.415236 -0.000572 0.144388 2.215038 -1.303693 -0.394636 0.387770 -1.098077
-0.385100 -0.250820 0.407607 2.170405 -1.016823 -0.235943 0.864614 -0.116159 -0.415236 -0.000572 0.144388 2.215038 -1.303311 -0.394255 0.387770 -1.098077
-0.384718 -0.251965 0.404936 2.170405 -1.020638 -0.236324 0.864233 -0.116159 -0.415236 -0.000572 0.144388 2.215038 -1.303311 -0.394255 0.387770 -1.098077
-0.384718 -0.253872 0.403029 2.170405 -1.023690 -0.236324 0.865377 -0.116541 -0.415236 -0.000572 0.144388 2.215038 -1.303311 -0.394255 0.387770 -1.097696
-0.384718 -0.256542 0.401503 2.170405 -1.028267 -0.236324 0.866522 -0.116159 -0.415236 -0.000572 0.144388 2.215038 -1.303311 -0.394255 0.387770 -1.098077
-0.384718 -0.258831 0.399977 2.170405 -1.033227 -0.236324 0.868048 -0.116159 -0.415236 -0.000572 0.144388 2.215038 -1.303311 -0.394255 0.387770 -1.098077
-0.384718 -0.259976 0.398451 2.170405 -1.037423 -0.236324 0.869192 -0.116541 -0.415236 -0.000572 0.144388 2.215038 -1.303311 -0.394255 0.387770 -1.098077
-0.385100 -0.262646 0.396544 2.170405 -1.040475 -0.235943 0.870336 -0.116159 -0.415618 -0.000572 0.144388 2.215038 -1.303311 -0.394255 0.387770 -1.098077
-0.384718 -0.264935 0.394636 2.170405 -1.042763 -0.235943 0.871481 -0.116159 -0.415236 -0.000572 0.144388 2.215038 -1.303311 -0.394255 0.387770 -1.098077
-0.384718 -0.267605 0.392729 2.170405 -1.044289 -0.235943 0.873388 -0.116159 -0.415236 -0.000572 0.144388 2.215038 -1.303311 -0.394255 0.387770 -1.098077
-0.384718 -0.270275 0.391203 2.170405 -1.045815 -0.235943 0.875677 -0.116541 -0.415236 -0.000572 0.144388 2.215038 -1.303311 -0.394255 0.387388 -1.098077
-0.384718 -0.272564 0.389677 2.170405 -1.048104 -0.235943 0.879110 -0.116159 -0.415236 -0.000572 0.144388 2.215038 -1.303693 -0.394255 0.387007 -1.097696
-0.384718 -0.275998 0.388151 2.170405 -1.050393 -0.235943 0.881781 -0.116159 -0.415236 -0.000572 0.144388 2.215038 -1.303311 -0.394255 0.386625 -1.098077
-0.384718 -0.278668 0.387007 2.170405 -1.052300 -0.236324 0.884451 -0.116159 -0.415236 -0.000572 0.144388 2.215038 -1.303311 -0.394255 0.385100 -1.098077
-0.384718 -0.281720 0.385863 2.170405 -1.053445 -0.235943 0.885977 -0.116159 -0.415236 -0.000572 0.144388 2.215038 -1.303311 -0.394255 0.383955 -1.098077
-0.384718 -0.286297 0.384718 2.170405 -1.055352 -0.235943 0.887121 -0.116159 -0.415618 -0.000572 0.144388 2.215038 -1.303311 -0.394255 0.382429 -1.098077
-0.384718 -0.289731 0.384337 2.170405 -1.057641 -0.235943 0.887121 -0.116159 -0.415236 -0.000572 0.144388 2.215038 -1.303693 -0.394255 0.380903 -1.098077
-0.384718 -0.292782 0.383955 2.170405 -1.059548 -0.235943 0.887121 -0.116159 -0.415236 -0.000572 0.144388 2.215038 -1.303311 -0.394255 0.379759 -1.098077
-0.384718 -0.296979 0.383192 2.170405 -1.061837 -0.235943 0.887121 -0.116159 -0.415236 -0.000572 0.144388 2.215038 -1.303311 -0.394255 0.379377 -1.098077
-0.384718 -0.301556 0.382429 2.170405 -1.063363 -0.235943 0.887121 -0.116159 -0.415236 -0.000572 0.144388 2.215038 -1.303311 -0.394255 0.379377 -1.098077
-0.384718 -0.306516 0.382429 2.170405 -1.063745 -0.235561 0.887121 -0.116159 -0.415236 -0.000572 0.144388 2.215038 -1.303311 -0.394255 0.379377 -1.098077
-0.384718 -0.310330 0.382048 2.170405 -1.063745 -0.235561 0.887121 -0.116159 -0.415236 -0.000572 0.144388 2.215038 -1.303311 -0.394255 0.378996 -1.098077
-0.384718 -0.314908 0.382048 2.170405 -1.063745 -0.235561 0.886740 -0.116159 -0.415236 -0.000572 0.144388 2.215038 -1.303311 -0.394255 0.378996 -1.098077
-0.385100 -0.319104 0.381666 2.170405 -1.063745 -0.235561 0.886740 -0.116159 -0.415236 -0.000572 0.144388 2.215038 -1.303693 -0.394255 0.378996 -1.098077
-0.384718 -0.322919 0.381666 2.170405 -1.063745 -0.235561 0.886358 -0.116159 -0.415236 -0.000572 0.144388 2.215038 -1.303311 -0.394255 0.378614 -1.098077
-0.384718 -0.325971 0.381666 2.170405 -1.064126 -0.235561 0.886740 -0.116159 -0.415236 -0.000572 0.144388 2.215038 -1.303311 -0.394255 0.378233 -1.098077
-0.384718 -0.329786 0.381666 2.170405 -1.064126 -0.235561 0.886740 -0.116159 -0.415236 -0.000572 0.144388 2.215038 -1.303311 -0.394255 0.377470 -1.098077
-0.384718 -0.333982 0.381666 2.170405 -1.064508 -0.235561 0.885977 -0.116159 -0.415236 -0.000572 0.144388 2.215038 -1.303311 -0.394255 0.376707 -1.098077
-0.384718 -0.338178 0.381285 2.170405 -1.064126 -0.235561 0.885595 -0.116159 -0.415236 -0.000572 0.144388 2.215038 -1.303311 -0.394255 0.376707 -1.098077
-0.384718 -0.341611 0.381285 2.170405 -1.064126 -0.235561 0.885977 -0.116159 -0.415236 -0.000572 0.144388 2.215038 -1.303311 -0.394255 0.377089 -1.098077
-0.384718 -0.343900 0.380903 2.170405 -1.064508 -0.235561 0.886358 -0.116159 -0.415236 -0.000572 0.144388 2.215038 -1.303311 -0.394255 0.377089 -1.098077
-0.384718 -0.347715 0.380903 2.170405 -1.064508 -0.235561 0.886358 -0.116159 -0.415236 -0.000572 0.144388 2.215038 -1.303311 -0.394255 0.377089 -1.098077
-0.384718 -0.352293 0.380903 2.170405 -1.064889 -0.235561 0.885977 -0.116159 -0.415236 -0.000572 0.144388 2.215038 -1.303311 -0.394255 0.377089 -1.098077
-0.384718 -0.356489 0.380903 2.170405 -1.064508 -0.235561 0.885595 -0.116159 -0.415618 -0.000572 0.144388 2.215038 -1.303311 -0.394255 0.377089 -1.098077
-0.384718 -0.359922 0.380903 2.170405 -1.064889 -0.235561 0.885595 -0.116159 -0.415236 -0.000572 0.144388 2.215038 -1.303311 -0.394255 0.377089 -1.098077
-0.384718 -0.362593 0.380903 2.170405 -1.064889 -0.235561 0.885595 -0.116159 -0.415236 -0.000572 0.144388 2.215038 -1.303311 -0.394255 0.377089 -1.098077
-0.384718 -0.365263 0.380903 2.170405 -1.064889 -0.235561 0.885214 -0.116159 -0.415236 -0.000572 0.144388 2.215038 -1.303311 -0.394255 0.377089 -1.098077
-0.385100 -0.367933 0.380903 2.170405 -1.065652 -0.235561 0.884070 -0.116159 -0.415236 -0.000572 0.144388 2.215038 -1.303311 -0.394255 0.377089 -1.098077
-0.384718 -0.370985 0.380903 2.170405 -1.067559 -0.235561 0.882162 -0.116159 -0.415236 -0.000572 0.144388 2.215038 -1.303311 -0.394255 0.377089 -1.098077
-0.385100 -0.374418 0.380903 2.170405 -1.070230 -0.235561 0.880255 -0.116159 -0.415236 -0.000572 0.144388 2.215038 -1.303311 -0.394255 0.377089 -1.097696
-0.385100 -0.376707 0.380903 2.170405 -1.072519 -0.235561 0.877966 -0.116159 -0.415236 -0.000572 0.144388 2.215038 -1.303311 -0.394255 0.377089 -1.098077
-0.385100 -0.379377 0.380522 2.170405 -1.073663 -0.235561 0.876059 -0.116159 -0.415236 -0.000572 0.144388 2.215038 -1.303311 -0.394255 0.377089 -1.098077
-0.384718 -0.382048 0.380522 2.170405 -1.075952 -0.235561 0.873770 -0.116159 -0.415236 -0.000572 0.144388 2.215038 -1.303311 -0.394255 0.376707 -1.097696
-0.384718 -0.386244 0.380140 2.170405 -1.077859 -0.235561 0.872625 -0.116159 -0.415236 -0.000572 0.144388 2.215038 -1.303311 -0.394255 0.376707 -1.098077
-0.385100 -0.388914 0.379759 2.170405 -1.079767 -0.235561 0.870718 -0.116159 -0.415236 -0.000572 0.144388 2.215038 -1.303311 -0.394255 0.377089 -1.098077
-0.384718 -0.390822 0.379377 2.170405 -1.080911 -0.235561 0.868429 -0.116159 -0.415236 -0.000572 0.144388 2.215038 -1.303311 -0.394255 0.376707 -1.098077
-0.385100 -0.392729 0.378996 2.170405 -1.083581 -0.235561 0.866140 -0.116159 -0.415236 -0.000572 0.144388 2.215038 -1.303311 -0.394255 0.376707 -1.097696
-0.385100 -0.393874 0.378996 2.170405 -1.086252 -0.235561 0.863851 -0.116159 -0.415236 -0.000572 0.144388 2.215038 -1.303311 -0.394255 0.376707 -1.098077
-0.385100 -0.396162 0.378614 2.170405 -1.087396 -0.235561 0.861181 -0.116159 -0.415236 -0.000572 0.144388 2.215038 -1.303311 -0.394255 0.376707 -1.098077
-0.385100 -0.398833 0.377852 2.170405 -1.087396 -0.235180 0.858511 -0.116159 -0.415236 -0.000572 0.144388 2.215038 -1.303311 -0.394255 0.376707 -1.098077
-0.385100 -0.401122 0.376707 2.170405 -1.087396 -0.235180 0.857366 -0.116159 -0.415236 -0.000572 0.144388 2.215038 -1.303311 -0.394255 0.376707 -1.098077
-0.385100 -0.402266 0.375944 2.170405 -1.087396 -0.235561 0.856985 -0.116159 -0.415236 -0.000954 0.144388 2.215038 -1.303311 -0.394255 0.376707 -1.098077
-0.385100 -0.403792 0.375563 2.170405 -1.087396 -0.235561 0.857366 -0.116159 -0.415236 -0.000954 0.144388 2.215038 -1.303311 -0.394255 0.376707 -1.098077
-0.385100 -0.404936 0.374800 2.170405 -1.087396 -0.235561 0.857366 -0.116159 -0.415236 -0.000572 0.144388 2.215038 -1.303311 -0.394255 0.377089 -1.098077
-0.385100 -0.406462 0.374037 2.170405 -1.087396 -0.235561 0.856985 -0.116159 -0.415236 -0.000572 0.144388 2.215038 -1.303311 -0.394255 0.376707 -1.098077
-0.385100 -0.406844 0.372892 2.170405 -1.087396 -0.235561 0.857366 -0.116159 -0.415236 -0.000572 0.144388 2.215038 -1.303311 -0.394255 0.376707 -1.097696
-0.384718 -0.407225 0.372129 2.170405 -1.087015 -0.235561 0.857748 -0.116159 -0.415236 -0.000572 0.144388 2.215038 -1.303311 -0.394255 0.376707 -1.098077
-0.385100 -0.409133 0.370985 2.170405 -1.086633 -0.235180 0.857366 -0.116159 -0.415236 -0.000954 0.144388 2.215038 -1.303311 -0.394255 0.376707 -1.098077
-0.384718 -0.408751 0.369841 2.170405 -1.086633 -0.235180 0.857748 -0.116159 -0.415236 -0.000572 0.144388 2.215038 -1.303311 -0.394255 0.376707 -1.098077
-0.385100 -0.408370 0.368696 2.170405 -1.086633 -0.235180 0.857748 -0.116159 -0.415236 -0.000572 0.144388 2.215038 -1.303311 -0.394255 0.376707 -1.098077
-0.385100 -0.408751 0.367170 2.170405 -1.086633 -0.235180 0.858129 -0.116159 -0.415618 -0.000572 0.144388 2.215038 -1.303311 -0.394255 0.376707 -1.098077
-0.384718 -0.408751 0.366026 2.170405 -1.086633 -0.235180 0.858511 -0.116159 -0.415236 -0.000572 0.144388 2.215038 -1.303311 -0.394255 0.376707 -1.098077
-0.385100 -0.408751 0.364881 2.170405 -1.086633 -0.235180 0.859274 -0.116159 -0.415236 -0.000572 0.144388 2.215038 -1.303311 -0.394255 0.376707 -1.098077
-0.385100 -0.408751 0.362974 2.170405 -1.086252 -0.235180 0.860037 -0.116159 -0.415236 -0.000572 0.144388 2.215038 -1.303311 -0.394255 0.376326 -1.098077
-0.385100 -0.408751 0.361067 2.170405 -1.086252 -0.234798 0.860800 -0.116159 -0.415236 -0.000572 0.144388 2.215038 -1.303311 -0.393874 0.376326 -1.098077
-0.384718 -0.408370 0.359159 2.170405 -1.086252 -0.235180 0.860800 -0.116159 -0.415236 -0.000572 0.144388 2.215038 -1.303311 -0.393874 0.376326 -1.097696
-0.385100 -0.408751 0.357633 2.170405 -1.086252 -0.235180 0.860418 -0.116159 -0.415236 -0.000572 0.144388 2.215038 -1.303311 -0.393874 0.376326 -1.098077
-0.384718 -0.408370 0.355726 2.170405 -1.086252 -0.234798 0.860418 -0.116159 -0.415236 -0.000572 0.144388 2.215038 -1.303311 -0.393874 0.376326 -1.098077
-0.385100 -0.408751 0.353437 2.170405 -1.086252 -0.234798 0.860418 -0.116159 -0.415618 -0.000572 0.144388 2.215038 -1.303311 -0.393874 0.376707 -1.098077
-0.385100 -0.408370 0.351530 2.170405 -1.086252 -0.235180 0.860418 -0.116159 -0.415236 -0.000572 0.144388 2.215038 -1.303311 -0.393874 0.376326 -1.098077
-0.385100 -0.408751 0.349241 2.170405 -1.086252 -0.235180 0.860418 -0.116159 -0.415236 -0.000572 0.144388 2.215038 -1.303311 -0.393874 0.376326 -1.098077
-0.385100 -0.408370 0.346952 2.170405 -1.086252 -0.235180 0.860800 -0.116159 -0.415236 -0.000572 0.144388 2.215038 -1.303311 -0.393874 0.376326 -1.098077
-0.385100 -0.408370 0.345426 2.170405 -1.086252 -0.235180 0.860800 -0.116159 -0.415236 -0.000572 0.144388 2.215038 -1.303311 -0.393874 0.376326 -1.098077
-0.384718 -0.408370 0.343519 2.170405 -1.086252 -0.235180 0.860800 -0.116159 -0.415236 -0.000572 0.144388 2.215038 -1.303311 -0.393874 0.376326 -1.098077
-0.385100 -0.408751 0.341611 2.170405 -1.086252 -0.235180 0.861181 -0.116159 -0.415618 -0.000572 0.144388 2.215038 -1.303311 -0.393874 0.376326 -1.098077
-0.384718 -0.408751 0.339704 2.170405 -1.086252 -0.235180 0.861181 -0.116159 -0.415618 -0.000572 0.144388 2.215038 -1.303311 -0.393874 0.376326 -1.098077
-0.385100 -0.408751 0.338178 2.170405 -1.086252 -0.235180 0.861563 -0.116159 -0.415618 -0.000572 0.144388 2.215038 -1.303311 -0.393874 0.376326 -1.098077
-0.385100 -0.408751 0.336271 2.170405 -1.085870 -0.234798 0.861944 -0.116159 -0.415618 -0.000572 0.144388 2.215038 -1.303311 -0.393874 0.376326 -1.098077
-0.384718 -0.408751 0.334363 2.170405 -1.085489 -0.235180 0.862707 -0.116159 -0.415618 -0.000572 0.144388 2.215038 -1.303311 -0.393874 0.376326 -1.097696
-0.385100 -0.408751 0.332456 2.170405 -1.085489 -0.235180 0.863851 -0.116159 -0.415236 -0.000572 0.144388 2.215038 -1.303311 -0.393874 0.376326 -1.098077
-0.384718 -0.408751 0.330549 2.170405 -1.085489 -0.234798 0.865759 -0.116159 -0.415236 -0.000572 0.144388 2.215038 -1.303311 -0.393874 0.375944 -1.098077
-0.384718 -0.408751 0.327878 2.170405 -1.085489 -0.235180 0.868048 -0.116159 -0.415618 -0.000572 0.144388 2.215038 -1.303311 -0.393874 0.375944 -1.098077
-0.384718 -0.408751 0.325971 2.170405 -1.085489 -0.235180 0.870718 -0.116159 -0.415236 -0.000572 0.144388 2.215038 -1.303311 -0.393874 0.375944 -1.098077
-0.384718 -0.408751 0.324063 2.170405 -1.085489 -0.235180 0.874151 -0.116159 -0.415618 -0.000572 0.144388 2.215038 -1.303311 -0.393874 0.375944 -1.098077
-0.385100 -0.408370 0.321775 2.170405 -1.085489 -0.235180 0.877966 -0.116159 -0.415618 -0.000572 0.144388 2.215038 -1.303311 -0.393874 0.375944 -1.097696
-0.384718 -0.408751 0.319867 2.170405 -1.085489 -0.235180 0.882162 -0.116159 -0.415618 -0.000572 0.144388 2.215038 -1.303311 -0.393874 0.375944 -1.098077
-0.385100 -0.408751 0.317960 2.170405 -1.085489 -0.235180 0.885977 -0.116159 -0.415236 -0.000572 0.144388 2.215038 -1.303311 -0.393874 0.375563 -1.098077
-0.384718 -0.408751 0.315671 2.170405 -1.085107 -0.235180 0.889410 -0.116159 -0.415236 -0.000572 0.144388 2.215038 -1.303311 -0.393874 0.374800 -1.098077
-0.384718 -0.408751 0.313382 2.170405 -1.085107 -0.235180 0.893606 -0.116159 -0.415236 -0.000572 0.144388 2.215038 -1.303311 -0.393874 0.373274 -1.098077
-0.385100 -0.408751 0.311856 2.170405 -1.084344 -0.235180 0.897040 -0.116159 -0.415236 -0.000572 0.144388 2.215038 -1.303311 -0.393874 0.373274 -1.097696
-0.384718 -0.408751 0.309949 2.170405 -1.083581 -0.235180 0.900092 -0.116159 -0.415236 -0.000572 0.144388 2.215038 -1.303311 -0.393874 0.373274 -1.098077
-0.384718 -0.408751 0.308423 2.170405 -1.082055 -0.235180 0.903525 -0.116159 -0.415236 -0.000572 0.144388 2.215038 -1.303311 -0.393874 0.373274 -1.098077
-0.384718 -0.408751 0.306897 2.170405 -1.081292 -0.235180 0.907340 -0.116159 -0.415236 -0.000572 0.144388 2.215038 -1.303311 -0.393874 0.373274 -1.098077
-0.384718 -0.408751 0.305371 2.170405 -1.079385 -0.235180 0.911154 -0.116159 -0.415236 -0.000572 0.144388 2.215038 -1.303311 -0.393874 0.373274 -1.098077
-0.384718 -0.408751 0.303845 2.170405 -1.077859 -0.235180 0.914588 -0.116159 -0.415236 -0.000572 0.144388 2.215038 -1.303311 -0.393874 0.373274 -1.098077
-0.384718 -0.408751 0.301938 2.170405 -1.077096 -0.235180 0.917639 -0.116159 -0.415618 -0.000572 0.144388 2.215038 -1.303311 -0.393874 0.373274 -1.098077
-0.384718 -0.408751 0.300031 2.170405 -1.075570 -0.235180 0.919928 -0.116159 -0.415236 -0.000572 0.144388 2.215038 -1.303311 -0.393874 0.373274 -1.098077
-0.384718 -0.408751 0.298886 2.170405 -1.074044 -0.234798 0.921836 -0.116159 -0.415236 -0.000572 0.144388 2.215038 -1.303311 -0.393874 0.373274 -1.098077
-0.384718 -0.408751 0.297360 2.170405 -1.073281 -0.234798 0.923743 -0.116159 -0.415236 -0.000572 0.144388 2.215038 -1.303311 -0.393874 0.373274 -1.098077
-0.384718 -0.408751 0.295834 2.170405 -1.070611 -0.234798 0.926413 -0.116159 -0.415618 -0.000572 0.144388 2.215038 -1.303311 -0.393874 0.373274 -1.098077
-0.384718 -0.408751 0.294690 2.170405 -1.069467 -0.234798 0.929084 -0.116159 -0.415236 -0.000572 0.144388 2.215038 -1.303311 -0.393874 0.373274 -1.097696
-0.384718 -0.408751 0.293927 2.170405 -1.067941 -0.234798 0.931754 -0.116159 -0.415236 -0.000572 0.144388 2.215038 -1.303311 -0.393874 0.373274 -1.098077
-0.384718 -0.408751 0.292782 2.170405 -1.066415 -0.234798 0.934424 -0.116159 -0.415236 -0.000572 0.144388 2.215038 -1.303311 -0.393874 0.373274 -1.098077
-0.384718 -0.408751 0.292020 2.170405 -1.065270 -0.234798 0.936713 -0.116159 -0.415236 -0.000572 0.144388 2.215038 -1.303311 -0.393874 0.373274 -1.098077
-0.384718 -0.408751 0.290875 2.170405 -1.063363 -0.234798 0.938621 -0.116159 -0.415618 -0.000572 0.144388 2.215038 -1.303311 -0.393874 0.373274 -1.098077
-0.384718 -0.408751 0.290112 2.170405 -1.062982 -0.234798 0.940528 -0.116159 -0.415236 -0.000572 0.144388 2.215038 -1.303311 -0.393874 0.373274 -1.098077
-0.384718 -0.408751 0.289349 2.170405 -1.062982 -0.234417 0.942435 -0.116159 -0.415236 -0.000572 0.144388 2.215038 -1.303311 -0.393874 0.373274 -1.098077
-0.384718 -0.408751 0.288586 2.170405 -1.062600 -0.234417 0.944724 -0.116159 -0.415236 -0.000572 0.144388 2.215038 -1.303311 -0.393874 0.373274 -1.098077
-0.384718 -0.408751 0.287823 2.170405 -1.062600 -0.233654 0.946632 -0.116159 -0.415618 -0.000572 0.144388 2.215038 -1.303311 -0.393874 0.373274 -1.098077
-0.384718 -0.408751 0.287442 2.170405 -1.062600 -0.233654 0.948539 -0.116159 -0.415236 -0.000572 0.144388 2.215038 -1.303311 -0.393874 0.373274 -1.098077
-0.384718 -0.408751 0.287060 2.170405 -1.062600 -0.233272 0.951209 -0.116159 -0.415236 -0.000572 0.144388 2.215038 -1.303311 -0.393874 0.373274 -1.098077
-0.384718 -0.408751 0.286679 2.170405 -1.062600 -0.232891 0.953498 -0.116159 -0.415236 -0.000572 0.144388 2.215038 -1.303311 -0.393874 0.373274 -1.098077
-0.384718 -0.408751 0.285916 2.170405 -1.062600 -0.231365 0.956168 -0.116159 -0.415236 -0.000572 0.144388 2.215038 -1.303311 -0.393874 0.373274 -1.098077
-0.384718 -0.408370 0.285534 2.170405 -1.062600 -0.230983 0.959220 -0.116159 -0.415236 -0.000572 0.144388 2.215038 -1.303311 -0.393874 0.373274 -1.098077
-0.384718 -0.408751 0.285153 2.170405 -1.062600 -0.230602 0.961891 -0.116159 -0.415236 -0.000572 0.144388 2.215038 -1.303311 -0.393874 0.373274 -1.098077
-0.384718 -0.408751 0.284771 2.170405 -1.062600 -0.230983 0.966087 -0.116159 -0.415236 -0.000572 0.144388 2.215038 -1.303311 -0.393874 0.373274 -1.098077
-0.384718 -0.408751 0.284009 2.170405 -1.062600 -0.230983 0.969520 -0.116159 -0.415618 -0.000572 0.144388 2.215038 -1.303311 -0.393874 0.373274 -1.098077
-0.384718 -0.408751 0.283246 2.170405 -1.062219 -0.230983 0.972953 -0.116159 -0.415236 -0.000572 0.144388 2.215038 -1.303311 -0.393874 0.373274 -1.098077
-0.384718 -0.408751 0.282864 2.170405 -1.062219 -0.230602 0.976387 -0.116159 -0.415236 -0.000572 0.144388 2.215038 -1.303311 -0.393874 0.373274 -1.098077
-0.384718 -0.408751 0.282483 2.170405 -1.062219 -0.230602 0.980201 -0.116159 -0.415236 -0.000572 0.144388 2.215038 -1.303311 -0.393874 0.373274 -1.098077
-0.384718 -0.408751 0.281720 2.170405 -1.062219 -0.230220 0.983635 -0.116159 -0.415236 -0.000572 0.144388 2.215038 -1.303311 -0.393874 0.373274 -1.098077
-0.384718 -0.408751 0.281720 2.170405 -1.062219 -0.230220 0.987068 -0.116159 -0.415236 -0.000572 0.144388 2.215038 -1.303311 -0.393874 0.373274 -1.098077
-0.384718 -0.408751 0.281338 2.170405 -1.062219 -0.229458 0.990883 -0.116159 -0.415618 -0.000572 0.144388 2.215038 -1.303311 -0.393874 0.373274 -1.098077
-0.384718 -0.408751 0.280957 2.170405 -1.062219 -0.228313 0.993553 -0.116159 -0.415236 -0.000572 0.144388 2.215038 -1.303311 -0.393874 0.373274 -1.098077
-0.384718 -0.408751 0.280575 2.170405 -1.062219 -0.226787 0.996223 -0.116159 -0.415618 -0.000572 0.144388 2.215038 -1.303311 -0.393874 0.373274 -1.098077
-0.384718 -0.408751 0.280575 2.170405 -1.062600 -0.225643 0.997749 -0.116159 -0.415618 -0.000572 0.144388 2.215038 -1.303311 -0.393874 0.373274 -1.097696
-0.384337 -0.408751 0.280194 2.170405 -1.062600 -0.223735 0.999275 -0.116159 -0.415236 -0.000572 0.144388 2.215038 -1.303311 -0.393874 0.373274 -1.098077
-0.384337 -0.408751 0.280194 2.170405 -1.062600 -0.222210 1.001183 -0.116159 -0.415236 -0.000572 0.144388 2.215038 -1.303311 -0.393874 0.373274 -1.098077
-0.384337 -0.408751 0.280194 2.170405 -1.062600 -0.220302 1.004234 -0.116159 -0.415236 -0.000572 0.144388 2.215038 -1.303311 -0.393874 0.373274 -1.098077
-0.384337 -0.408751 0.280194 2.170405 -1.062219 -0.218395 1.006523 -0.116159 -0.415236 -0.000572 0.144388 2.215038 -1.303311 -0.393874 0.373274 -1.098077
-0.384337 -0.408751 0.280194 2.170405 -1.062219 -0.215724 1.008812 -0.116159 -0.415236 -0.000572 0.144388 2.215038 -1.303311 -0.393874 0.373274 -1.098077
-0.384337 -0.408751 0.280194 2.170405 -1.062600 -0.214199 1.011482 -0.116159 -0.415236 -0.000572 0.144388 2.215038 -1.303311 -0.393874 0.373274 -1.098077
-0.384337 -0.408751 0.280194 2.170405 -1.062219 -0.211910 1.013390 -0.116159 -0.415618 -0.000572 0.144388 2.215038 -1.303311 -0.393874 0.373274 -1.098077
-0.384337 -0.408370 0.280194 2.170405 -1.062600 -0.210765 1.016442 -0.116159 -0.415236 -0.000572 0.144388 2.215038 -1.303311 -0.393874 0.373274 -1.098077
-0.384337 -0.408751 0.280194 2.170405 -1.062600 -0.209239 1.018730 -0.116159 -0.415236 -0.000572 0.144388 2.215038 -1.303311 -0.393874 0.373274 -1.098077
-0.384337 -0.408751 0.280194 2.170405 -1.062600 -0.208095 1.020638 -0.116159 -0.415236 -0.000572 0.144388 2.215038 -1.303311 -0.393874 0.373274 -1.098077
-0.384337 -0.408751 0.280194 2.170405 -1.062600 -0.208095 1.022927 -0.116159 -0.415236 -0.000572 0.144388 2.215038 -1.303311 -0.393874 0.373274 -1.098077
-0.384337 -0.408751 0.280194 2.170405 -1.062600 -0.208095 1.025216 -0.116159 -0.415618 -0.000572 0.144388 2.215038 -1.303311 -0.393874 0.373274 -1.098077
-0.384337 -0.408751 0.280194 2.170405 -1.062219 -0.208095 1.028267 -0.116159 -0.415236 -0.000572 0.144388 2.215038 -1.303311 -0.393874 0.373274 -1.098077
-0.384337 -0.408751 0.280194 2.170405 -1.062219 -0.208095 1.032464 -0.116159 -0.415618 -0.000572 0.144388 2.215038 -1.303311 -0.393874 0.373274 -1.097696
-0.384337 -0.408751 0.280194 2.170405 -1.061837 -0.208095 1.037041 -0.116159 -0.415236 -0.000572 0.144388 2.215038 -1.303311 -0.393874 0.373274 -1.097696
-0.384337 -0.408751 0.280194 2.170405 -1.061837 -0.208095 1.041619 -0.116159 -0.415618 -0.000572 0.144388 2.215038 -1.303311 -0.393874 0.373274 -1.098077
-0.384337 -0.408751 0.280194 2.170405 -1.061837 -0.207713 1.046197 -0.116159 -0.415618 -0.000572 0.144388 2.215038 -1.303311 -0.393874 0.373274 -1.098077
-0.384337 -0.408751 0.280194 2.170405 -1.061837 -0.207713 1.050774 -0.116159 -0.415236 -0.000572 0.144388 2.215038 -1.303311 -0.393874 0.373274 -1.098077
-0.384337 -0.408751 0.280194 2.170405 -1.061456 -0.207713 1.054971 -0.116159 -0.415236 -0.000572 0.144388 2.215038 -1.303311 -0.393874 0.373274 -1.098077
-0.384337 -0.408751 0.280194 2.170405 -1.060693 -0.207713 1.059167 -0.116159 -0.415236 -0.000572 0.144388 2.215038 -1.303311 -0.393874 0.373274 -1.098077
-0.383955 -0.408751 0.280194 2.170405 -1.059930 -0.207713 1.062982 -0.116159 -0.415236 -0.000572 0.144388 2.215038 -1.303311 -0.393874 0.373274 -1.098077
-0.383192 -0.408751 0.280194 2.170405 -1.059167 -0.207332 1.067941 -0.116159 -0.415236 -0.000572 0.144388 2.215038 -1.303311 -0.393874 0.373274 -1.098077
-0.381666 -0.408751 0.280194 2.170405 -1.057641 -0.206569 1.070230 -0.116159 -0.415236 -0.000572 0.144388 2.215038 -1.303311 -0.393874 0.373274 -1.098077
-0.381666 -0.408751 0.280194 2.170405 -1.054589 -0.205806 1.071374 -0.116159 -0.415618 -0.000572 0.144388 2.215038 -1.303311 -0.393874 0.373274 -1.098077
-0.380140 -0.408751 0.280194 2.170405 -1.050774 -0.205806 1.072137 -0.116159 -0.415236 -0.000572 0.144388 2.215038 -1.303311 -0.393874 0.373274 -1.098077
-0.378996 -0.408751 0.280194 2.170405 -1.045434 -0.205806 1.071756 -0.116159 -0.415236 -0.000572 0.144388 2.215038 -1.303311 -0.393874 0.373274 -1.097696
-0.377852 -0.408370 0.280194 2.170405 -1.039330 -0.205806 1.071756 -0.116159 -0.415236 -0.000572 0.144388 2.215038 -1.303311 -0.393874 0.373274 -1.097696
-0.375563 -0.408370 0.280194 2.170405 -1.033227 -0.205806 1.071374 -0.116159 -0.415236 -0.000572 0.144388 2.215038 -1.303311 -0.393874 0.373274 -1.098077
-0.372892 -0.408370 0.280194 2.170405 -1.025216 -0.205806 1.070230 -0.116159 -0.415236 -0.000572 0.144388 2.215038 -1.303693 -0.393874 0.373274 -1.098077
-0.370985 -0.407988 0.280194 2.170405 -1.017205 -0.205806 1.069467 -0.116159 -0.415236 -0.000572 0.144388 2.215038 -1.303311 -0.393874 0.373274 -1.097696
-0.368696 -0.408370 0.280194 2.170405 -1.009575 -0.205806 1.069848 -0.116159 -0.415236 -0.000572 0.144388 2.215038 -1.303311 -0.393874 0.373274 -1.098077
-0.366789 -0.408370 0.280194 2.170405 -1.001564 -0.206188 1.069848 -0.116159 -0.415236 -0.000572 0.144388 2.215038 -1.303693 -0.393874 0.373274 -1.098077
-0.364881 -0.408370 0.280194 2.170405 -0.992790 -0.206188 1.069848 -0.116159 -0.415618 -0.000572 0.144388 2.215038 -1.303311 -0.393492 0.373274 -1.097696
-0.362593 -0.408370 0.280194 2.170405 -0.984016 -0.205806 1.070230 -0.115778 -0.415236 -0.000572 0.144388 2.215038 -1.303311 -0.393874 0.373274 -1.098077
-0.359922 -0.408370 0.280194 2.170405 -0.975624 -0.206188 1.069848 -0.116159 -0.415236 -0.000572 0.144388 2.215038 -1.303311 -0.393874 0.373274 -1.098077
-0.357252 -0.408370 0.280194 2.170405 -0.966468 -0.205806 1.069848 -0.116159 -0.415618 -0.000572 0.144388 2.215038 -1.303311 -0.393874 0.373274 -1.098077
-0.354582 -0.408370 0.280194 2.170405 -0.956931 -0.205806 1.069848 -0.116159 -0.415618 -0.000954 0.144388 2.215038 -1.303311 -0.393874 0.373274 -1.098077
-0.351530 -0.408370 0.280194 2.170405 -0.947776 -0.205806 1.069848 -0.116159 -0.415618 -0.000572 0.144388 2.215038 -1.303311 -0.393874 0.373274 -1.098077
-0.348859 -0.408370 0.280194 2.170405 -0.937476 -0.205806 1.069848 -0.115778 -0.415618 -0.000572 0.144388 2.215038 -1.303311 -0.393874 0.373274 -1.098077
-0.345426 -0.408370 0.280194 2.170405 -0.927558 -0.205806 1.069848 -0.115778 -0.415618 -0.000572 0.144388 2.215038 -1.303311 -0.393492 0.372892 -1.098077
-0.342756 -0.408370 0.280194 2.170405 -0.919928 -0.205806 1.069848 -0.115778 -0.415618 -0.000572 0.144388 2.215038 -1.303311 -0.393492 0.372892 -1.098077
-0.339322 -0.408370 0.279812 2.170405 -0.911917 -0.205806 1.069848 -0.115778 -0.415618 -0.000572 0.144388 2.215038 -1.303311 -0.393492 0.372892 -1.098077
-0.335889 -0.408370 0.279812 2.170405 -0.904288 -0.205806 1.069467 -0.115778 -0.415618 -0.000572 0.144388 2.215038 -1.303311 -0.393874 0.372892 -1.098077
-0.333219 -0.408370 0.279812 2.170405 -0.898184 -0.205806 1.069467 -0.116159 -0.415618 -0.000572 0.144388 2.215038 -1.303311 -0.393874 0.372892 -1.098077
-0.330167 -0.408370 0.279812 2.170405 -0.891699 -0.205806 1.069467 -0.116159 -0.415618 -0.000572 0.144388 2.215038 -1.303311 -0.393874 0.372892 -1.097696
-0.326352 -0.408370 0.279812 2.170405 -0.884451 -0.205806 1.069467 -0.115778 -0.415236 -0.000572 0.144388 2.215038 -1.303311 -0.393874 0.372892 -1.097696
-0.322919 -0.408370 0.279812 2.170405 -0.879492 -0.205806 1.069467 -0.115778 -0.415236 -0.000572 0.144388 2.215038 -1.303311 -0.393492 0.372511 -1.098077
-0.319867 -0.408370 0.279812 2.170405 -0.875677 -0.205806 1.069467 -0.115778 -0.415618 -0.000572 0.144388 2.215038 -1.303311 -0.393492 0.372511 -1.098077
-0.315671 -0.408370 0.279812 2.170405 -0.870718 -0.205806 1.069467 -0.115778 -0.415618 -0.000954 0.144388 2.215038 -1.303311 -0.393874 0.372511 -1.098077
-0.312619 -0.408370 0.279812 2.170405 -0.867285 -0.205806 1.069467 -0.116159 -0.415618 -0.000572 0.144388 2.215038 -1.303311 -0.393874 0.372511 -1.098077
-0.309186 -0.408370 0.279812 2.170405 -0.864233 -0.205806 1.069467 -0.115778 -0.415618 -0.000572 0.144388 2.215038 -1.303311 -0.393874 0.372511 -1.098077
-0.306134 -0.408370 0.279812 2.170405 -0.860418 -0.205806 1.069467 -0.116159 -0.415236 -0.000572 0.144388 2.215038 -1.303311 -0.393874 0.372511 -1.098077
-0.303082 -0.408370 0.279812 2.170405 -0.857748 -0.206188 1.069085 -0.115778 -0.415618 -0.000954 0.144388 2.215038 -1.303311 -0.393874 0.372511 -1.098077
-0.300412 -0.408370 0.279812 2.170405 -0.855459 -0.206569 1.068704 -0.116159 -0.415618 -0.000572 0.144388 2.215038 -1.303311 -0.393874 0.372511 -1.098077
-0.298123 -0.408370 0.279812 2.170405 -0.853170 -0.206950 1.067941 -0.115778 -0.415618 -0.000572 0.144388 2.215038 -1.303311 -0.393874 0.372511 -1.098077
-0.295834 -0.408370 0.279812 2.170405 -0.852789 -0.207332 1.066796 -0.115778 -0.415618 -0.000572 0.144388 2.215038 -1.303311 -0.393874 0.372511 -1.098077
-0.293545 -0.408370 0.279812 2.170405 -0.852407 -0.207713 1.066033 -0.115778 -0.415618 -0.000572 0.144388 2.215038 -1.303311 -0.393874 0.372511 -1.098077
-0.291257 -0.408370 0.279812 2.170405 -0.851644 -0.207713 1.065652 -0.115778 -0.415618 -0.000572 0.144388 2.215038 -1.303311 -0.393874 0.372511 -1.098077
-0.289349 -0.408370 0.279812 2.170405 -0.850881 -0.207713 1.065270 -0.115778 -0.415618 -0.000572 0.144388 2.215038 -1.303311 -0.393874 0.372511 -1.098077
-0.287442 -0.408370 0.279812 2.170787 -0.850118 -0.207713 1.065270 -0.116159 -0.415618 -0.000954 0.144388 2.215038 -1.303311 -0.393492 0.372511 -1.098077
-0.285916 -0.408370 0.279812 2.170787 -0.848974 -0.207713 1.065270 -0.116159 -0.415618 -0.000572 0.144388 2.215038 -1.303311 -0.393492 0.372511 -1.098077
-0.284771 -0.408370 0.279812 2.171168 -0.847448 -0.207713 1.065652 -0.115778 -0.415618 -0.000572 0.144388 2.215038 -1.303311 -0.393874 0.372511 -1.097696
-0.283246 -0.408370 0.279812 2.171168 -0.845159 -0.207332 1.065652 -0.115778 -0.415618 -0.000954 0.144388 2.215038 -1.303311 -0.393492 0.372511 -1.098077
-0.282101 -0.408370 0.279812 2.171168 -0.843252 -0.207332 1.065652 -0.116159 -0.415618 -0.000572 0.144388 2.215038 -1.303311 -0.393874 0.372511 -1.098077
-0.281338 -0.408370 0.279812 2.171550 -0.840581 -0.207713 1.065652 -0.115778 -0.415618 -0.000572 0.144388 2.215038 -1.303311 -0.393492 0.372511 -1.098077
-0.279812 -0.408370 0.279812 2.171550 -0.838293 -0.207332 1.065652 -0.115778 -0.415618 -0.000572 0.144388 2.215038 -1.303311 -0.393874 0.372511 -1.098077
-0.279431 -0.408370 0.279812 2.171550 -0.835622 -0.207332 1.065652 -0.115778 -0.415618 -0.000572 0.144388 2.215038 -1.303311 -0.393492 0.372511 -1.098077
-0.279431 -0.408370 0.279812 2.171550 -0.833333 -0.207332 1.065652 -0.115778 -0.415618 -0.000572 0.144388 2.215038 -1.303311 -0.393492 0.372511 -1.098077
-0.278668 -0.408370 0.279812 2.171550 -0.830663 -0.207332 1.065652 -0.115778 -0.415618 -0.000572 0.144388 2.215038 -1.303311 -0.393492 0.372511 -1.098077
-0.277523 -0.408370 0.279812 2.171550 -0.828374 -0.206950 1.065652 -0.116159 -0.415618 -0.000572 0.144388 2.215038 -1.303311 -0.393492 0.372511 -1.098077
-0.277142 -0.408370 0.279812 2.171550 -0.825704 -0.205806 1.065270 -0.115778 -0.415618 -0.000572 0.144388 2.215038 -1.303311 -0.393492 0.372511 -1.098077
-0.276761 -0.408370 0.279812 2.171931 -0.822652 -0.205043 1.065652 -0.116159 -0.415618 -0.000954 0.144388 2.215038 -1.303311 -0.393492 0.372511 -1.097696
-0.276379 -0.408370 0.279812 2.172313 -0.818837 -0.204280 1.065652 -0.115778 -0.415618 -0.000572 0.144388 2.215038 -1.303311 -0.393492 0.372511 -1.098077
-0.275616 -0.408370 0.279812 2.172313 -0.814641 -0.202754 1.065652 -0.115778 -0.415618 -0.000572 0.144388 2.215038 -1.303311 -0.393492 0.372511 -1.098077
-0.274472 -0.408370 0.279812 2.172313 -0.810063 -0.199702 1.065652 -0.115778 -0.415618 -0.000572 0.144388 2.215038 -1.303311 -0.393111 0.372511 -1.098077
-0.273709 -0.408370 0.279812 2.172313 -0.805486 -0.197414 1.065652 -0.115778 -0.415618 -0.000572 0.144388 2.215038 -1.303311 -0.392729 0.372511 -1.098077
-0.272946 -0.408370 0.279812 2.172313 -0.801671 -0.195888 1.065652 -0.116159 -0.415618 -0.000954 0.144388 2.215038 -1.303311 -0.392348 0.372511 -1.097696
-0.271420 -0.408370 0.279812 2.172313 -0.797856 -0.195125 1.065652 -0.116159 -0.415618 -0.000572 0.144388 2.215038 -1.303311 -0.391966 0.372511 -1.098077
-0.271038 -0.408370 0.279812 2.172313 -0.794804 -0.192836 1.065652 -0.116159 -0.415618 -0.000572 0.144388 2.215038 -1.303311 -0.391585 0.372511 -1.098077
-0.270657 -0.408370 0.279812 2.172313 -0.791752 -0.192454 1.066033 -0.116159 -0.415618 -0.000572 0.144388 2.215038 -1.303311 -0.391585 0.372511 -1.098077
-0.268750 -0.408370 0.279812 2.172313 -0.789082 -0.191691 1.065652 -0.116159 -0.415618 -0.000572 0.144388 2.215038 -1.303311 -0.391585 0.372511 -1.098077
-0.268368 -0.408370 0.279431 2.172313 -0.786030 -0.189784 1.065652 -0.116159 -0.415618 -0.000954 0.144388 2.215038 -1.303311 -0.391585 0.372511 -1.098077
-0.267987 -0.408370 0.279431 2.172313 -0.782979 -0.188258 1.066033 -0.116159 -0.415618 -0.000954 0.144388 2.215038 -1.303311 -0.391203 0.372511 -1.097696
-0.267224 -0.408370 0.279812 2.172313 -0.780690 -0.187114 1.066033 -0.115778 -0.415618 -0.000572 0.144388 2.215038 -1.303311 -0.391585 0.372511 -1.098077
-0.265698 -0.408370 0.279431 2.172313 -0.777256 -0.184443 1.065652 -0.115778 -0.415618 -0.000572 0.144388 2.215038 -1.303311 -0.391203 0.372511 -1.098077
-0.265698 -0.408370 0.279431 2.172313 -0.774968 -0.183299 1.065652 -0.115778 -0.415618 -0.000954 0.144388 2.215038 -1.303311 -0.391203 0.372511 -1.097696
-0.265316 -0.408370 0.279812 2.172313 -0.773442 -0.181773 1.065652 -0.115778 -0.415618 -0.000954 0.144388 2.215038 -1.303311 -0.391203 0.372511 -1.098077
-0.264935 -0.408370 0.279431 2.172313 -0.771916 -0.181773 1.065652 -0.116159 -0.415618 -0.000954 0.144388 2.215038 -1.303311 -0.391203 0.372511 -1.097696
-0.264935 -0.408370 0.279431 2.172313 -0.771153 -0.181010 1.065652 -0.115778 -0.415618 -0.000572 0.144388 2.215038 -1.303311 -0.391203 0.372511 -1.098077
-0.264553 -0.408370 0.278668 2.172313 -0.771153 -0.180247 1.065652 -0.116159 -0.415618 -0.000572 0.144388 2.215038 -1.303311 -0.391203 0.372511 -1.098077
-0.263790 -0.408370 0.277905 2.172313 -0.771153 -0.178340 1.065652 -0.115778 -0.415618 -0.000572 0.144388 2.215038 -1.303311 -0.391203 0.372511 -1.097696
-0.263409 -0.408370 0.276761 2.172313 -0.771534 -0.177958 1.065652 -0.116159 -0.415618 -0.000572 0.144388 2.215038 -1.303311 -0.391203 0.372511 -1.098077
-0.263027 -0.408370 0.275616 2.172694 -0.771916 -0.178340 1.065652 -0.116159 -0.415618 -0.000572 0.144388 2.215038 -1.303311 -0.391203 0.372511 -1.098077
-0.263027 -0.408370 0.274853 2.173457 -0.771916 -0.178340 1.065652 -0.115778 -0.415618 -0.000572 0.144388 2.215038 -1.303311 -0.391203 0.372511 -1.098077
-0.262646 -0.408370 0.274090 2.173838 -0.771916 -0.178340 1.066033 -0.115778 -0.415618 -0.000572 0.144388 2.215038 -1.303311 -0.391203 0.372511 -1.098077
-0.262646 -0.408370 0.274090 2.174220 -0.771916 -0.177958 1.066033 -0.115778 -0.415236 -0.000572 0.144388 2.215038 -1.303311 -0.391203 0.372511 -1.098077
-0.262646 -0.408370 0.274090 2.174983 -0.771916 -0.177577 1.066033 -0.115778 -0.415618 -0.000572 0.144388 2.215038 -1.303311 -0.391203 0.372511 -1.098077
-0.262264 -0.408370 0.274090 2.175364 -0.771916 -0.176814 1.066033 -0.116159 -0.415236 -0.000572 0.144388 2.215038 -1.303311 -0.391203 0.372511 -1.098077
-0.261883 -0.408370 0.274090 2.176509 -0.771534 -0.173381 1.066033 -0.115778 -0.415618 -0.000572 0.144388 2.215038 -1.303311 -0.391203 0.372511 -1.097696
-0.260739 -0.408370 0.274090 2.177272 -0.771534 -0.169566 1.066415 -0.116159 -0.415618 -0.000572 0.144388 2.215038 -1.303311 -0.391203 0.372511 -1.098077
-0.259976 -0.408370 0.274090 2.178416 -0.771534 -0.165370 1.066033 -0.116159 -0.415618 -0.000572 0.144388 2.215038 -1.303311 -0.391203 0.372511 -1.098077
-0.259594 -0.408370 0.273709 2.179942 -0.771534 -0.161555 1.066415 -0.116159 -0.415618 -0.000954 0.144388 2.215038 -1.303311 -0.391203 0.372511 -1.098077
-0.257305 -0.408370 0.273709 2.181468 -0.771153 -0.158122 1.066796 -0.116159 -0.415618 -0.000572 0.144388 2.215038 -1.303311 -0.391203 0.372511 -1.097696
-0.256161 -0.408370 0.272946 2.182994 -0.771153 -0.156214 1.066796 -0.116159 -0.415618 -0.000572 0.144388 2.215038 -1.303311 -0.391203 0.372511 -1.098077
-0.254253 -0.408370 0.272183 2.184520 -0.771153 -0.155833 1.067178 -0.115778 -0.415618 -0.000572 0.144388 2.215038 -1.303311 -0.391203 0.372511 -1.098077
-0.251583 -0.408370 0.271038 2.186427 -0.771153 -0.156214 1.067178 -0.116159 -0.415618 -0.000572 0.144388 2.215038 -1.303311 -0.391203 0.372511 -1.098077
-0.249676 -0.408751 0.269894 2.187572 -0.771153 -0.156214 1.067178 -0.116159 -0.415618 -0.000572 0.144388 2.215038 -1.303311 -0.391203 0.372511 -1.097696
-0.248150 -0.408751 0.269131 2.188716 -0.771153 -0.156214 1.067178 -0.116159 -0.415618 -0.000572 0.144388 2.215038 -1.303311 -0.391203 0.372511 -1.097696
-0.245861 -0.408370 0.268368 2.190242 -0.771534 -0.156214 1.067559 -0.116159 -0.415236 -0.000572 0.144388 2.215038 -1.303311 -0.391203 0.372511 -1.098077
-0.243572 -0.408370 0.267605 2.191768 -0.771153 -0.156214 1.068322 -0.116159 -0.415236 -0.000572 0.144388 2.215038 -1.303311 -0.391203 0.372892 -1.098077
-0.241283 -0.408751 0.266842 2.192912 -0.771153 -0.156214 1.069467 -0.116159 -0.415236 -0.000572 0.144388 2.215038 -1.303311 -0.391203 0.372892 -1.098077
-0.238994 -0.408370 0.266079 2.194438 -0.771153 -0.156214 1.070611 -0.116159 -0.415618 -0.000572 0.144388 2.215038 -1.303311 -0.391203 0.372892 -1.098077
-0.236324 -0.408370 0.265316 2.196345 -0.771153 -0.156214 1.070993 -0.116159 -0.415618 -0.000572 0.144388 2.215038 -1.303311 -0.391203 0.372892 -1.098077
-0.234035 -0.408751 0.264172 2.198253 -0.771153 -0.156214 1.070993 -0.116159 -0.415236 -0.000954 0.144388 2.215038 -1.303311 -0.391203 0.372892 -1.098077
-0.230983 -0.408751 0.263027 2.200160 -0.771153 -0.156214 1.071374 -0.116159 -0.415618 -0.000572 0.144388 2.215038 -1.303311 -0.391203 0.372892 -1.097696
-0.228313 -0.408751 0.262264 2.201686 -0.771153 -0.156214 1.071756 -0.116159 -0.415618 -0.000572 0.144388 2.215038 -1.303311 -0.391203 0.372892 -1.098077
-0.224880 -0.408751 0.261501 2.203212 -0.770771 -0.156214 1.071756 -0.116159 -0.415236 -0.000572 0.144388 2.215038 -1.303311 -0.391203 0.372511 -1.098077
-0.221828 -0.408751 0.260357 2.205119 -0.769245 -0.156214 1.071756 -0.116159 -0.415618 -0.000572 0.144388 2.215038 -1.303311 -0.391203 0.372892 -1.098077
-0.218776 -0.408751 0.259213 2.206645 -0.767338 -0.156596 1.071756 -0.116159 -0.415618 -0.000572 0.144388 2.215038 -1.303311 -0.390822 0.372892 -1.098077
-0.215343 -0.408370 0.258450 2.208934 -0.765431 -0.156977 1.071756 -0.116159 -0.415618 -0.000572 0.144388 2.215038 -1.303311 -0.390822 0.372892 -1.098077
-0.212291 -0.408370 0.257687 2.210842 -0.762760 -0.156977 1.071756 -0.116159 -0.415618 -0.000572 0.144388 2.215038 -1.303311 -0.390822 0.372892 -1.097696
-0.209239 -0.408751 0.256924 2.212367 -0.761234 -0.156977 1.071756 -0.116159 -0.415618 -0.000572 0.144388 2.215038 -1.303311 -0.390822 0.372892 -1.097696
-0.206188 -0.408370 0.256542 2.213893 -0.758183 -0.156596 1.071756 -0.116159 -0.415618 -0.000572 0.144388 2.215038 -1.303311 -0.391203 0.372892 -1.098077
-0.202754 -0.408370 0.256161 2.215419 -0.753986 -0.156596 1.071756 -0.116159 -0.415618 -0.000572 0.144388 2.215038 -1.303311 -0.391203 0.372892 -1.098077
-0.200084 -0.408370 0.255779 2.217708 -0.749790 -0.156977 1.071756 -0.116159 -0.415236 -0.000572 0.144388 2.215038 -1.303311 -0.391203 0.372892 -1.098077
-0.197414 -0.408370 0.255398 2.219234 -0.745975 -0.156596 1.072137 -0.116159 -0.415618 -0.000572 0.144388 2.215038 -1.303311 -0.391203 0.372892 -1.097696
-0.193980 -0.408370 0.255398 2.220760 -0.742924 -0.156596 1.072137 -0.116159 -0.415618 -0.000572 0.144388 2.215038 -1.303311 -0.391203 0.372892 -1.098077
-0.189403 -0.408370 0.255398 2.222667 -0.737583 -0.156596 1.072137 -0.116159 -0.415618 -0.000572 0.144388 2.215038 -1.303311 -0.391203 0.372892 -1.098077
-0.186351 -0.408751 0.255398 2.224193 -0.732624 -0.156596 1.072137 -0.116159 -0.415618 -0.000954 0.144388 2.215038 -1.303311 -0.391203 0.372892 -1.098077
-0.183299 -0.408751 0.255398 2.225719 -0.726902 -0.156596 1.072137 -0.116159 -0.415618 -0.000572 0.144388 2.215038 -1.303311 -0.391203 0.372892 -1.098077
-0.180247 -0.408751 0.255398 2.226864 -0.721942 -0.156596 1.072519 -0.116159 -0.415618 -0.000572 0.144388 2.215038 -1.303311 -0.391203 0.372511 -1.098077
-0.176432 -0.408751 0.255398 2.227626 -0.717365 -0.156596 1.072900 -0.116159 -0.415236 -0.000572 0.144388 2.215038 -1.303311 -0.390822 0.372511 -1.098077
-0.172618 -0.408370 0.255398 2.228008 -0.712406 -0.156214 1.072900 -0.116159 -0.415236 -0.000954 0.144388 2.215038 -1.303311 -0.391203 0.372892 -1.098077
-0.169566 -0.408370 0.255398 2.229152 -0.706683 -0.156596 1.072900 -0.116159 -0.415618 -0.000572 0.144388 2.215038 -1.303311 -0.391203 0.372511 -1.098077
-0.166514 -0.408370 0.255398 2.230297 -0.700580 -0.156596 1.072900 -0.116159 -0.415618 -0.000572 0.144388 2.215038 -1.303311 -0.391203 0.372892 -1.098077
-0.163081 -0.408370 0.255398 2.231060 -0.695239 -0.156596 1.073281 -0.116159 -0.415618 -0.000572 0.144388 2.215038 -1.303311 -0.391203 0.372892 -1.098077
-0.159648 -0.408370 0.255398 2.231441 -0.691424 -0.156596 1.073281 -0.116159 -0.415618 -0.000572 0.144388 2.215038 -1.303311 -0.391203 0.372892 -1.098077
-0.155070 -0.408370 0.255398 2.232204 -0.687610 -0.156596 1.072900 -0.116159 -0.415618 -0.000572 0.144388 2.215038 -1.303311 -0.391203 0.372511 -1.098077
-0.152018 -0.408370 0.255398 2.232586 -0.682650 -0.156596 1.072519 -0.116159 -0.415618 -0.000954 0.144388 2.215038 -1.303311 -0.391203 0.372511 -1.098077
-0.148966 -0.408751 0.255016 2.233730 -0.676928 -0.156596 1.072900 -0.116159 -0.415618 -0.000572 0.144388 2.215038 -1.303311 -0.391203 0.372892 -1.098077
-0.144388 -0.408370 0.254635 2.234874 -0.669680 -0.156596 1.073281 -0.116159 -0.415618 -0.000572 0.144388 2.215038 -1.303311 -0.391203 0.372511 -1.098077
-0.140574 -0.408370 0.254635 2.234874 -0.665484 -0.156596 1.072900 -0.116159 -0.415618 -0.000572 0.144388 2.215038 -1.303311 -0.391203 0.372892 -1.098077
-0.137140 -0.408370 0.254635 2.235256 -0.660906 -0.156214 1.072900 -0.116159 -0.415618 -0.000572 0.144388 2.215038 -1.303311 -0.391203 0.372892 -1.098077
-0.133326 -0.408370 0.254635 2.236400 -0.654421 -0.156214 1.072519 -0.116159 -0.415618 -0.000572 0.144388 2.215038 -1.303311 -0.391203 0.372511 -1.098077
-0.130274 -0.408751 0.254253 2.237163 -0.648318 -0.156214 1.072900 -0.116159 -0.415618 -0.000572 0.144388 2.215038 -1.303311 -0.391203 0.372511 -1.098077
-0.126841 -0.408370 0.254253 2.237926 -0.643359 -0.156596 1.073281 -0.116159 -0.415618 -0.000572 0.144388 2.215038 -1.303311 -0.391203 0.372511 -1.098077
-0.123026 -0.408370 0.254253 2.237926 -0.639925 -0.156596 1.072519 -0.116159 -0.415618 -0.000572 0.144388 2.215038 -1.303311 -0.390822 0.372511 -1.098077
-0.119211 -0.408370 0.254253 2.237926 -0.635729 -0.156596 1.071756 -0.116159 -0.415618 -0.000954 0.144388 2.215038 -1.303311 -0.391203 0.372511 -1.098077
-0.116922 -0.408370 0.253872 2.238308 -0.632296 -0.156596 1.070993 -0.116159 -0.415618 -0.000572 0.144388 2.215038 -1.303311 -0.391203 0.372511 -1.098077
-0.113870 -0.408370 0.253491 2.238689 -0.629244 -0.156977 1.070611 -0.116159 -0.415618 -0.000572 0.144388 2.215038 -1.303311 -0.391203 0.372511 -1.098077
-0.111963 -0.408370 0.253491 2.238689 -0.626955 -0.156977 1.070611 -0.116159 -0.415618 -0.000572 0.144388 2.215038 -1.303311 -0.390822 0.372511 -1.098077
-0.109293 -0.408370 0.253491 2.238689 -0.623903 -0.156596 1.070611 -0.116159 -0.415618 -0.000572 0.144388 2.215038 -1.303311 -0.391203 0.372511 -1.098077
-0.106622 -0.408370 0.253491 2.238689 -0.620851 -0.156596 1.070611 -0.116159 -0.415618 -0.000572 0.144388 2.215038 -1.303311 -0.391203 0.372511 -1.098077
-0.104334 -0.408370 0.253491 2.238689 -0.617037 -0.156977 1.070611 -0.116159 -0.415618 -0.000954 0.144388 2.215038 -1.303311 -0.391203 0.372129 -1.098077
-0.102045 -0.408370 0.253491 2.239452 -0.613985 -0.156977 1.070611 -0.116159 -0.415618 -0.000572 0.144388 2.215038 -1.303311 -0.391203 0.372129 -1.098077
-0.100137 -0.408370 0.253491 2.239834 -0.611696 -0.156596 1.070611 -0.116159 -0.415618 -0.000572 0.144388 2.215038 -1.303311 -0.391203 0.372129 -1.098077
-0.098611 -0.408370 0.253491 2.239834 -0.609026 -0.156596 1.070611 -0.116159 -0.415618 -0.000572 0.144388 2.215038 -1.303311 -0.391203 0.372129 -1.098077
-0.096323 -0.408370 0.253491 2.240215 -0.605211 -0.156596 1.070611 -0.116159 -0.415618 -0.000572 0.144388 2.215038 -1.303311 -0.391203 0.371748 -1.098077
-0.094415 -0.408370 0.253491 2.240597 -0.601396 -0.156596 1.070611 -0.116159 -0.415618 -0.000572 0.144388 2.215038 -1.303311 -0.391203 0.370603 -1.097696
-0.092889 -0.408370 0.253491 2.240597 -0.597581 -0.156596 1.070611 -0.116159 -0.415618 -0.000572 0.144388 2.215038 -1.303311 -0.391203 0.369841 -1.098077
-0.091363 -0.408370 0.253491 2.240597 -0.593385 -0.156596 1.070611 -0.116159 -0.415618 -0.000572 0.144388 2.215038 -1.303311 -0.391203 0.369078 -1.098077
-0.089456 -0.408370 0.253491 2.240978 -0.589189 -0.156596 1.070230 -0.116159 -0.415618 -0.000954 0.144388 2.215038 -1.303311 -0.391203 0.369078 -1.098077
-0.087930 -0.408370 0.253491 2.240978 -0.586137 -0.156596 1.070230 -0.115778 -0.415618 -0.000954 0.144388 2.215038 -1.303311 -0.391203 0.368696 -1.098077
-0.087549 -0.408370 0.253491 2.241741 -0.581941 -0.156214 1.070230 -0.115778 -0.415618 -0.000954 0.144388 2.215038 -1.303311 -0.391203 0.368315 -1.098077
-0.086023 -0.408370 0.253491 2.242885 -0.578508 -0.156214 1.070611 -0.116159 -0.415618 -0.000572 0.144388 2.215038 -1.303311 -0.391203 0.367552 -1.098077
-0.084115 -0.408751 0.253491 2.242885 -0.575074 -0.155833 1.070230 -0.116159 -0.415618 -0.000572 0.144388 2.215038 -1.303311 -0.391203 0.366026 -1.098077
-0.082971 -0.408370 0.253491 2.243267 -0.571641 -0.155833 1.070230 -0.116159 -0.415618 -0.000572 0.144388 2.215038 -1.303311 -0.391203 0.364881 -1.098077
-0.082589 -0.408370 0.253491 2.243648 -0.567826 -0.155833 1.070230 -0.116159 -0.415618 -0.000572 0.144388 2.215038 -1.303311 -0.391203 0.364500 -1.098077
-0.081827 -0.408370 0.253491 2.244030 -0.564775 -0.155833 1.070230 -0.115778 -0.415618 -0.000954 0.144388 2.215038 -1.303311 -0.391203 0.363737 -1.098077
-0.081064 -0.408370 0.253491 2.244411 -0.561723 -0.155451 1.070611 -0.116159 -0.415618 -0.000572 0.144388 2.215038 -1.303311 -0.391203 0.361830 -1.098077
-0.080301 -0.408370 0.253491 2.244030 -0.560197 -0.154307 1.070230 -0.115778 -0.415618 -0.000572 0.144388 2.215038 -1.303311 -0.391203 0.361448 -1.098077
-0.080301 -0.408370 0.253109 2.244411 -0.557527 -0.152399 1.070230 -0.115778 -0.415618 -0.000572 0.144388 2.215038 -1.303311 -0.391203 0.361067 -1.098077
-0.079919 -0.408370 0.251965 2.244411 -0.556382 -0.150874 1.070230 -0.116159 -0.415618 -0.000954 0.144388 2.215038 -1.303311 -0.391203 0.361067 -1.097696
-0.079538 -0.408370 0.250820 2.244411 -0.554093 -0.148966 1.070230 -0.116159 -0.415618 -0.000572 0.144388 2.215038 -1.303311 -0.391203 0.361067 -1.098077
-0.079538 -0.408370 0.249676 2.244411 -0.553712 -0.148203 1.070230 -0.115778 -0.415618 -0.000572 0.144388 2.215038 -1.303311 -0.390822 0.360685 -1.098077
-0.079538 -0.408370 0.249294 2.244411 -0.553330 -0.147440 1.070230 -0.115778 -0.415618 -0.000572 0.144388 2.215038 -1.303311 -0.391203 0.359922 -1.098077
-0.079538 -0.408370 0.248531 2.244411 -0.551804 -0.145914 1.070230 -0.116159 -0.415618 -0.000572 0.144388 2.215038 -1.303311 -0.391203 0.358396 -1.098077
-0.079538 -0.408370 0.247387 2.244411 -0.549516 -0.143626 1.070230 -0.116159 -0.415618 -0.000572 0.144388 2.215038 -1.303311 -0.390822 0.356107 -1.098077
-0.079919 -0.408370 0.246624 2.244793 -0.546845 -0.143244 1.070230 -0.116159 -0.415618 -0.000572 0.144388 2.215038 -1.303311 -0.391203 0.353056 -1.098077
-0.079919 -0.408370 0.245098 2.244793 -0.543793 -0.143244 1.070230 -0.115778 -0.415618 -0.000572 0.144388 2.215038 -1.303311 -0.390822 0.351148 -1.098077
-0.079919 -0.408370 0.243954 2.244793 -0.542267 -0.142863 1.070230 -0.116159 -0.415618 -0.000954 0.144388 2.215038 -1.303311 -0.391203 0.349622 -1.098077
-0.079919 -0.408370 0.242809 2.245174 -0.541123 -0.141718 1.070230 -0.116159 -0.415618 -0.000572 0.144388 2.215038 -1.303311 -0.391203 0.346952 -1.098077
-0.079919 -0.408370 0.241665 2.245174 -0.539979 -0.140955 1.070230 -0.116159 -0.415618 -0.000954 0.144388 2.215038 -1.303311 -0.390822 0.345426 -1.098077
-0.079919 -0.408370 0.240520 2.245174 -0.539979 -0.140955 1.070230 -0.116159 -0.415618 -0.000572 0.144388 2.215038 -1.303311 -0.390822 0.343519 -1.098077
-0.079919 -0.408370 0.238994 2.245174 -0.539597 -0.140955 1.070230 -0.116159 -0.415618 -0.000572 0.144388 2.215038 -1.303311 -0.390822 0.341611 -1.098077
-0.079919 -0.408370 0.237469 2.245174 -0.539597 -0.140955 1.070230 -0.115778 -0.415618 -0.000572 0.144388 2.215038 -1.303311 -0.390822 0.338941 -1.098077
-0.079919 -0.408370 0.235561 2.245174 -0.539597 -0.140955 1.070230 -0.116159 -0.415618 -0.000572 0.144388 2.215038 -1.303311 -0.390822 0.336652 -1.098077
-0.079919 -0.408370 0.234417 2.245174 -0.539597 -0.140955 1.070230 -0.116159 -0.415618 -0.000572 0.144388 2.215038 -1.303311 -0.390822 0.334745 -1.098077
-0.079919 -0.408370 0.232891 2.245174 -0.539979 -0.140955 1.070230 -0.116159 -0.415618 -0.000954 0.144388 2.215038 -1.303311 -0.391203 0.332456 -1.098077
-0.079919 -0.408370 0.231746 2.245174 -0.539979 -0.140955 1.070230 -0.116159 -0.415618 -0.000572 0.144388 2.215038 -1.303311 -0.390822 0.330167 -1.098077
-0.079919 -0.408370 0.230983 2.245174 -0.539979 -0.140955 1.070230 -0.116159 -0.415618 -0.000572 0.144388 2.215038 -1.303311 -0.390822 0.327878 -1.098077
-0.079919 -0.408370 0.229839 2.245174 -0.539979 -0.140955 1.070230 -0.116159 -0.415618 -0.000572 0.144388 2.215038 -1.303311 -0.390822 0.327115 -1.097696
-0.079919 -0.408370 0.229076 2.245174 -0.539979 -0.140955 1.070611 -0.116159 -0.415618 -0.000572 0.144388 2.215038 -1.303311 -0.390822 0.325971 -1.098077
-0.079919 -0.408370 0.228695 2.245174 -0.539979 -0.140955 1.070230 -0.116159 -0.415618 -0.000572 0.144388 2.215038 -1.303311 -0.390822 0.324445 -1.097696
-0.079919 -0.408370 0.228313 2.245174 -0.539979 -0.140955 1.070230 -0.116159 -0.415618 -0.000572 0.144388 2.215038 -1.303311 -0.390822 0.323682 -1.098077
-0.079919 -0.408370 0.227550 2.245174 -0.539979 -0.140955 1.070611 -0.116159 -0.415618 -0.000572 0.144388 2.215038 -1.303311 -0.390822 0.323682 -1.098077
-0.079919 -0.408370 0.227169 2.245174 -0.539979 -0.140955 1.070230 -0.116159 -0.415618 -0.000572 0.144388 2.215038 -1.303311 -0.391203 0.323682 -1.097696
-0.079919 -0.408370 0.227169 2.245174 -0.539979 -0.140955 1.070230 -0.116159 -0.415618 -0.000572 0.144388 2.215038 -1.303311 -0.391203 0.323682 -1.098077
-0.079919 -0.408370 0.227169 2.245174 -0.539979 -0.140955 1.070611 -0.116159 -0.415618 -0.000572 0.144388 2.215038 -1.303311 -0.391203 0.323682 -1.098077
-0.079919 -0.408370 0.227169 2.245174 -0.539979 -0.140955 1.070611 -0.116159 -0.415618 -0.000572 0.144388 2.215038 -1.303311 -0.390822 0.324063 -1.098077
-0.079919 -0.408370 0.226787 2.245174 -0.539979 -0.140955 1.070611 -0.116159 -0.415618 -0.000572 0.144388 2.215038 -1.303311 -0.390822 0.324063 -1.098077
-0.079919 -0.408370 0.226406 2.245174 -0.539979 -0.140955 1.070230 -0.116159 -0.415618 -0.000572 0.144388 2.215038 -1.303311 -0.391203 0.324063 -1.098077
-0.079919 -0.408370 0.226024 2.245174 -0.539979 -0.140955 1.070230 -0.116159 -0.415618 -0.000572 0.144388 2.215038 -1.303311 -0.391203 0.324063 -1.098077
-0.079919 -0.408370 0.226024 2.245174 -0.539979 -0.140955 1.070230 -0.116159 -0.415618 -0.000572 0.144388 2.215038 -1.303311 -0.391203 0.324445 -1.097696
-0.079919 -0.408370 0.225643 2.245174 -0.539979 -0.140955 1.070230 -0.116159 -0.415618 -0.000572 0.144388 2.215038 -1.303311 -0.390822 0.324445 -1.097696
-0.079919 -0.408370 0.225643 2.245174 -0.539979 -0.140955 1.070611 -0.116159 -0.415618 -0.000572 0.144388 2.215038 -1.303311 -0.390822 0.324063 -1.098077
-0.079919 -0.408370 0.225643 2.245174 -0.539979 -0.140955 1.070611 -0.116159 -0.415618 -0.000572 0.144388 2.215038 -1.303311 -0.390822 0.324063 -1.098077
-0.079919 -0.408370 0.225643 2.245174 -0.539979 -0.140955 1.070611 -0.116159 -0.415618 -0.000572 0.144388 2.215038 -1.303311 -0.390822 0.324063 -1.098077
-0.079919 -0.408370 0.225643 2.245174 -0.539979 -0.140955 1.070611 -0.116159 -0.415618 -0.000572 0.144388 2.215038 -1.303311 -0.390822 0.324063 -1.097696
-0.079919 -0.408370 0.225643 2.245174 -0.539979 -0.140955 1.070611 -0.116159 -0.415618 -0.000572 0.144388 2.215038 -1.303311 -0.390822 0.324063 -1.098077
-0.079919 -0.408370 0.225643 2.245174 -0.539979 -0.140955 1.070611 -0.116159 -0.415618 -0.000572 0.144388 2.215038 -1.303311 -0.390822 0.324063 -1.098077
-0.079919 -0.408370 0.225643 2.245174 -0.539979 -0.140955 1.070611 -0.116159 -0.415618 -0.000572 0.144388 2.215038 -1.303311 -0.390822 0.324063 -1.098077
-0.079919 -0.408370 0.225643 2.245174 -0.539979 -0.140955 1.070611 -0.116159 -0.415618 -0.000572 0.144388 2.215038 -1.303693 -0.390822 0.324063 -1.098077
-0.079919 -0.408370 0.225643 2.245174 -0.539597 -0.140574 1.070611 -0.116159 -0.415618 -0.000572 0.144388 2.215038 -1.303311 -0.390822 0.324063 -1.098077
-0.079919 -0.408370 0.225643 2.245174 -0.539597 -0.140192 1.070611 -0.116159 -0.415618 -0.000572 0.144388 2.215038 -1.303311 -0.390440 0.324063 -1.098077
-0.079919 -0.408370 0.225643 2.245174 -0.539597 -0.139048 1.070611 -0.116159 -0.415618 -0.000572 0.144388 2.215038 -1.303311 -0.390440 0.324063 -1.098077
-0.079919 -0.408370 0.225643 2.245174 -0.539597 -0.137140 1.070611 -0.116159 -0.415618 -0.000572 0.144388 2.215038 -1.303311 -0.390440 0.324445 -1.098077
-0.079919 -0.408370 0.225643 2.245174 -0.539597 -0.135996 1.070993 -0.116159 -0.415618 -0.000572 0.144388 2.215038 -1.303311 -0.390440 0.324063 -1.097696
-0.079919 -0.408370 0.225643 2.245174 -0.539597 -0.135996 1.070993 -0.116159 -0.415618 -0.000572 0.144388 2.215038 -1.303311 -0.390440 0.324063 -1.098077
-0.079919 -0.408370 0.225643 2.245174 -0.539597 -0.135996 1.070993 -0.116159 -0.415618 -0.000572 0.144388 2.215038 -1.303311 -0.390440 0.324063 -1.098077
-0.079919 -0.408370 0.225643 2.245174 -0.539597 -0.135615 1.070993 -0.116159 -0.415618 -0.000572 0.144388 2.215038 -1.303311 -0.390440 0.324063 -1.098077
-0.079919 -0.408370 0.225643 2.245174 -0.539597 -0.135233 1.070993 -0.116159 -0.415618 -0.000572 0.144388 2.215038 -1.303311 -0.390440 0.324445 -1.098077
-0.079919 -0.408370 0.225643 2.245174 -0.539597 -0.134470 1.070993 -0.116159 -0.415618 -0.000572 0.144388 2.215038 -1.303693 -0.390440 0.324445 -1.098077
-0.079919 -0.408370 0.225643 2.245174 -0.539597 -0.133326 1.070993 -0.116159 -0.415618 -0.000572 0.144388 2.215038 -1.303693 -0.390440 0.324445 -1.098077
-0.079919 -0.408370 0.225643 2.245174 -0.539597 -0.133326 1.070993 -0.116159 -0.415618 -0.000572 0.144388 2.215038 -1.303311 -0.390440 0.324445 -1.098077
-0.079919 -0.408370 0.225643 2.245174 -0.539597 -0.133326 1.071374 -0.116159 -0.415618 -0.000572 0.144388 2.215038 -1.303311 -0.390059 0.324445 -1.098077
-0.079538 -0.408370 0.225643 2.245174 -0.539216 -0.132944 1.071374 -0.116159 -0.415618 -0.000572 0.144388 2.215038 -1.303311 -0.390440 0.324445 -1.098077
-0.079538 -0.408370 0.225643 2.245174 -0.539216 -0.132944 1.071756 -0.116159 -0.415618 -0.000572 0.144388 2.215038 -1.303311 -0.390440 0.324445 -1.098077
-0.079538 -0.408370 0.225643 2.245174 -0.539216 -0.133326 1.072137 -0.116159 -0.415618 -0.000572 0.144388 2.215038 -1.303693 -0.390440 0.324445 -1.097696
-0.079538 -0.408370 0.225643 2.245174 -0.539216 -0.133326 1.072519 -0.116159 -0.415618 -0.000572 0.144388 2.215038 -1.303311 -0.390440 0.324445 -1.098077
-0.079538 -0.408370 0.225643 2.245174 -0.539216 -0.132944 1.073281 -0.116159 -0.415618 -0.000572 0.144388 2.215038 -1.303311 -0.390059 0.324826 -1.098077
-0.079538 -0.408370 0.225261 2.245174 -0.539216 -0.132944 1.073663 -0.116159 -0.415618 -0.000572 0.144388 2.215038 -1.303311 -0.390440 0.324826 -1.098077
-0.079538 -0.408370 0.224880 2.245174 -0.539216 -0.132944 1.073663 -0.116159 -0.415618 -0.000572 0.144388 2.215038 -1.303311 -0.390440 0.324826 -1.098077
-0.079538 -0.408370 0.224117 2.245174 -0.539216 -0.132944 1.073663 -0.116159 -0.415618 -0.000572 0.144388 2.215038 -1.303693 -0.390440 0.324826 -1.098077
-0.079538 -0.408370 0.223735 2.245174 -0.539597 -0.132944 1.073663 -0.116159 -0.415618 -0.000572 0.144388 2.215038 -1.303311 -0.390440 0.324445 -1.097696
-0.079538 -0.408370 0.223735 2.245174 -0.539597 -0.132944 1.073663 -0.116159 -0.415618 -0.000572 0.144388 2.215038 -1.303311 -0.390059 0.324826 -1.098077
-0.079538 -0.408370 0.223735 2.245174 -0.539597 -0.132944 1.073663 -0.116159 -0.415618 -0.000572 0.144388 2.215038 -1.303311 -0.390440 0.324826 -1.098077
-0.079538 -0.408370 0.223735 2.245174 -0.539597 -0.132944 1.073663 -0.116159 -0.415618 -0.000572 0.144388 2.215038 -1.303311 -0.390440 0.324826 -1.098077
-0.079538 -0.408370 0.223735 2.245174 -0.539216 -0.132944 1.074044 -0.116159 -0.415618 -0.000572 0.144388 2.214656 -1.303693 -0.390440 0.324826 -1.098077
-0.079538 -0.408370 0.223735 2.245174 -0.539597 -0.132944 1.074044 -0.116159 -0.415618 -0.000572 0.144388 2.215038 -1.303311 -0.390440 0.324826 -1.098077
-0.079538 -0.408370 0.223735 2.245174 -0.539597 -0.132563 1.074044 -0.116159 -0.415618 -0.000572 0.144388 2.215038 -1.303311 -0.390440 0.324826 -1.098077
-0.079538 -0.408370 0.223735 2.245174 -0.539597 -0.132563 1.073663 -0.116159 -0.415618 -0.000572 0.144388 2.215038 -1.303693 -0.390440 0.324826 -1.098077
-0.079538 -0.408370 0.223735 2.245174 -0.539597 -0.132563 1.073663 -0.116159 -0.415618 -0.000572 0.144388 2.215038 -1.303693 -0.390440 0.324826 -1.098077
-0.079538 -0.408370 0.223735 2.245174 -0.539597 -0.132563 1.073663 -0.116159 -0.415618 -0.000572 0.144388 2.215038 -1.303311 -0.390440 0.324826 -1.098077
-0.079538 -0.408370 0.223735 2.245174 -0.539597 -0.132563 1.073663 -0.116159 -0.415618 -0.000572 0.144388 2.215038 -1.303693 -0.390440 0.324826 -1.098077
-0.079538 -0.408370 0.223735 2.245174 -0.539597 -0.132944 1.073663 -0.116159 -0.415618 -0.000572 0.144388 2.214656 -1.303311 -0.390440 0.324826 -1.098077
-0.079538 -0.408370 0.223735 2.245174 -0.539597 -0.132563 1.073663 -0.116159 -0.415618 -0.000572 0.144388 2.215038 -1.303311 -0.390440 0.324826 -1.097696
-0.079538 -0.408370 0.223735 2.245174 -0.539979 -0.132944 1.073663 -0.116159 -0.415618 -0.000572 0.144388 2.215038 -1.303311 -0.390440 0.324826 -1.097696
-0.079538 -0.408370 0.223735 2.245174 -0.539979 -0.132944 1.073663 -0.116159 -0.415618 -0.000572 0.144388 2.215038 -1.303693 -0.390440 0.324826 -1.098077
-0.079538 -0.408370 0.223735 2.245174 -0.539597 -0.132563 1.073663 -0.116159 -0.415618 -0.000572 0.144388 2.215038 -1.303693 -0.390440 0.324826 -1.098077
-0.079538 -0.408370 0.223735 2.245174 -0.539979 -0.132563 1.073663 -0.116159 -0.415618 -0.000572 0.144388 2.215038 -1.303311 -0.390440 0.324826 -1.098077
-0.079538 -0.408370 0.223735 2.245174 -0.539979 -0.132944 1.073663 -0.116159 -0.415618 -0.000572 0.144388 2.215038 -1.303311 -0.390440 0.324826 -1.097696
-0.079538 -0.408370 0.223735 2.245174 -0.539979 -0.132944 1.073663 -0.116159 -0.415618 -0.000572 0.144388 2.215038 -1.303693 -0.390440 0.324826 -1.098077
-0.079538 -0.408370 0.223735 2.245174 -0.539979 -0.132944 1.073663 -0.116159 -0.415618 -0.000572 0.144388 2.215038 -1.303311 -0.390440 0.324826 -1.098077
-0.079538 -0.408370 0.223735 2.245174 -0.539979 -0.132563 1.073663 -0.116159 -0.415618 -0.000572 0.144388 2.215038 -1.303311 -0.390440 0.324826 -1.098077
-0.079538 -0.408370 0.223735 2.245174 -0.539979 -0.132944 1.073663 -0.116159 -0.415618 -0.000572 0.144388 2.215038 -1.303311 -0.390440 0.324826 -1.098077
-0.079538 -0.408370 0.223735 2.245174 -0.539979 -0.132944 1.073663 -0.116159 -0.415618 -0.000572 0.144388 2.215038 -1.303311 -0.390440 0.324826 -1.098077
-0.079919 -0.408370 0.223735 2.245174 -0.539979 -0.132944 1.073281 -0.116159 -0.415618 -0.000572 0.144388 2.215038 -1.303311 -0.390440 0.324826 -1.098077
-0.079919 -0.408370 0.223735 2.245174 -0.539979 -0.132944 1.073281 -0.116159 -0.415618 -0.000572 0.144388 2.215038 -1.303693 -0.390440 0.324826 -1.098077
-0.079919 -0.408370 0.223735 2.245174 -0.539979 -0.132944 1.073281 -0.116159 -0.415618 -0.000572 0.144388 2.215038 -1.303311 -0.390440 0.325208 -1.098077
-0.079919 -0.408370 0.223735 2.245174 -0.539979 -0.132944 1.073281 -0.116159 -0.415618 -0.000572 0.144388 2.215038 -1.303693 -0.390440 0.324826 -1.098077
-0.079919 -0.408370 0.223735 2.245174 -0.539979 -0.132944 1.073281 -0.116159 -0.415618 -0.000572 0.144388 2.215038 -1.303311 -0.390440 0.324826 -1.097696
-0.079919 -0.408370 0.223735 2.245174 -0.539979 -0.133326 1.073281 -0.116159 -0.415236 -0.000572 0.144388 2.215038 -1.303693 -0.390440 0.325208 -1.098077
-0.079919 -0.408370 0.223735 2.245174 -0.539979 -0.133326 1.073281 -0.116159 -0.415618 -0.000572 0.144388 2.215038 -1.303693 -0.390440 0.324826 -1.098077
-0.079919 -0.408370 0.223735 2.245174 -0.539979 -0.133326 1.072900 -0.116159 -0.415618 -0.000572 0.144388 2.215038 -1.303693 -0.390440 0.325208 -1.098077
-0.079919 -0.408370 0.223735 2.245174 -0.539979 -0.133326 1.072900 -0.116159 -0.415618 -0.000572 0.144388 2.215038 -1.303693 -0.390440 0.324826 -1.098077
-0.079919 -0.408370 0.223735 2.245174 -0.539979 -0.133326 1.072900 -0.116159 -0.415618 -0.000572 0.144388 2.215038 -1.303693 -0.390440 0.324826 -1.098077
-0.079919 -0.408370 0.223735 2.245174 -0.540360 -0.133326 1.072900 -0.116159 -0.415236 -0.000572 0.144388 2.215038 -1.303311 -0.390440 0.324826 -1.098077
-0.079919 -0.408370 0.223735 2.245174 -0.540360 -0.133326 1.072900 -0.116159 -0.415618 -0.000572 0.144388 2.215038 -1.303311 -0.390440 0.324826 -1.098077
-0.079919 -0.408370 0.223735 2.245174 -0.540360 -0.133326 1.072900 -0.116159 -0.415618 -0.000572 0.144388 2.215038 -1.303693 -0.390440 0.324826 -1.097696
-0.079919 -0.408370 0.223735 2.245174 -0.540360 -0.133326 1.072900 -0.116159 -0.415618 -0.000572 0.144388 2.215038 -1.303311 -0.390440 0.325208 -1.098077
-0.079919 -0.408370 0.223735 2.245174 -0.540360 -0.133326 1.072900 -0.116159 -0.415618 -0.000572 0.144388 2.215038 -1.303693 -0.390440 0.325208 -1.098077
-0.079919 -0.407988 0.223735 2.245174 -0.540360 -0.133326 1.072900 -0.116159 -0.415618 -0.000572 0.144388 2.215038 -1.303693 -0.390440 0.325208 -1.098077
-0.079919 -0.408370 0.223735 2.245174 -0.540360 -0.133707 1.072900 -0.116159 -0.415618 -0.000572 0.144388 2.215038 -1.303693 -0.390440 0.324826 -1.098077
-0.079919 -0.407988 0.223735 2.245174 -0.540360 -0.133707 1.072900 -0.116159 -0.415618 -0.000572 0.144388 2.215038 -1.303311 -0.390440 0.325208 -1.098077
-0.079919 -0.408370 0.223735 2.245174 -0.540360 -0.133707 1.072900 -0.116159 -0.415618 -0.000572 0.144388 2.215038 -1.303311 -0.390440 0.325208 -1.097696
-0.079919 -0.408370 0.223735 2.245174 -0.540360 -0.133707 1.072900 -0.116159 -0.415618 -0.000572 0.144388 2.215038 -1.303311 -0.390440 0.325208 -1.098077
-0.079919 -0.408370 0.223735 2.245174 -0.540360 -0.133707 1.072900 -0.116159 -0.415618 -0.000572 0.144388 2.215038 -1.303311 -0.390440 0.325208 -1.097696
-0.079919 -0.407988 0.223735 2.245174 -0.540360 -0.133707 1.072900 -0.116159 -0.415618 -0.000572 0.144388 2.215038 -1.303311 -0.390440 0.325208 -1.098077
-0.079919 -0.408370 0.223735 2.245174 -0.540360 -0.133707 1.072900 -0.116159 -0.415618 -0.000572 0.144388 2.215038 -1.303311 -0.390440 0.325208 -1.098077
-0.079919 -0.408370 0.223735 2.245174 -0.540360 -0.133707 1.072900 -0.116159 -0.415236 -0.000572 0.144388 2.215038 -1.303693 -0.390440 0.325208 -1.098077
-0.079919 -0.407988 0.223735 2.245174 -0.540360 -0.133707 1.072900 -0.116159 -0.415618 -0.000572 0.144388 2.215038 -1.303693 -0.390440 0.325208 -1.098077
-0.079919 -0.408370 0.223735 2.245174 -0.540360 -0.133326 1.072519 -0.116159 -0.415236 -0.000572 0.144388 2.215038 -1.303311 -0.390440 0.325208 -1.098077
-0.079919 -0.408370 0.223735 2.245174 -0.540360 -0.133326 1.072900 -0.116159 -0.415236 -0.000572 0.144388 2.215038 -1.303693 -0.390440 0.325208 -1.098077
-0.079919 -0.407988 0.223735 2.245174 -0.540360 -0.133707 1.072900 -0.116159 -0.415236 -0.000572 0.144388 2.214656 -1.303311 -0.390440 0.325208 -1.098077
-0.079919 -0.407988 0.223735 2.245174 -0.540360 -0.133707 1.072900 -0.116159 -0.415236 -0.000572 0.144388 2.215038 -1.303311 -0.390440 0.325208 -1.098077
-0.079919 -0.407988 0.223735 2.245174 -0.540742 -0.133707 1.072900 -0.116159 -0.415236 -0.000572 0.144388 2.215038 -1.303693 -0.390440 0.325208 -1.098077
-0.079919 -0.408370 0.223735 2.245174 -0.540742 -0.133707 1.072900 -0.116159 -0.415618 -0.000572 0.144388 2.215038 -1.303311 -0.390440 0.325208 -1.098077
-0.079919 -0.408370 0.223735 2.245174 -0.540742 -0.133707 1.072519 -0.116159 -0.415618 -0.000572 0.144388 2.215038 -1.303311 -0.390440 0.325208 -1.097696
-0.079919 -0.407988 0.223735 2.245174 -0.540742 -0.133707 1.072519 -0.116159 -0.415618 -0.000572 0.144388 2.215038 -1.303693 -0.390440 0.325208 -1.097696
-0.079919 -0.407988 0.223735 2.245174 -0.540742 -0.133707 1.072900 -0.116159 -0.415618 -0.000572 0.144388 2.215038 -1.303693 -0.390440 0.325208 -1.098077
-0.079919 -0.407988 0.223735 2.245174 -0.540742 -0.133707 1.072900 -0.116159 -0.415618 -0.000572 0.144388 2.215038 -1.303311 -0.390440 0.325208 -1.098077
-0.079919 -0.407988 0.223735 2.245174 -0.540742 -0.133707 1.072519 -0.116159 -0.415618 -0.000572 0.144388 2.215038 -1.303311 -0.390440 0.325208 -1.098077
-0.079919 -0.407988 0.223735 2.245174 -0.541123 -0.133707 1.072519 -0.116159 -0.415618 -0.000572 0.144388 2.215038 -1.303693 -0.390440 0.325208 -1.098077
-0.079919 -0.407988 0.223735 2.245174 -0.541123 -0.133707 1.072900 -0.116159 -0.415618 -0.000572 0.144388 2.215038 -1.303311 -0.390440 0.325208 -1.098077
-0.079919 -0.407988 0.223735 2.245174 -0.541505 -0.133707 1.072900 -0.116159 -0.415236 -0.000572 0.144388 2.215038 -1.303311 -0.390440 0.325208 -1.098077
-0.079919 -0.407988 0.223735 2.245174 -0.541505 -0.133707 1.072519 -0.116159 -0.415236 -0.000572 0.144388 2.214656 -1.303311 -0.390440 0.325208 -1.098077
-0.079919 -0.407988 0.223735 2.245174 -0.541886 -0.133707 1.072900 -0.116159 -0.415618 -0.000572 0.144388 2.214656 -1.303693 -0.390440 0.325208 -1.098077
-0.079919 -0.407988 0.223735 2.245174 -0.542649 -0.133707 1.072900 -0.116159 -0.415236 -0.000572 0.144388 2.215038 -1.303311 -0.390440 0.325208 -1.097696
-0.079919 -0.407988 0.223735 2.245174 -0.543412 -0.133707 1.072519 -0.116159 -0.415236 -0.000572 0.144388 2.215038 -1.303311 -0.390440 0.325208 -1.098077
-0.079919 -0.407988 0.223735 2.245174 -0.543412 -0.133707 1.072519 -0.116159 -0.415236 -0.000572 0.144388 2.215038 -1.303311 -0.390440 0.325208 -1.098077
-0.079919 -0.408370 0.223735 2.245174 -0.543412 -0.133707 1.072519 -0.116159 -0.415618 -0.000572 0.144388 2.215038 -1.303693 -0.390440 0.325208 -1.098077
-0.079919 -0.407988 0.223735 2.245174 -0.543412 -0.133707 1.072519 -0.116159 -0.415236 -0.000572 0.144388 2.215038 -1.303311 -0.390440 0.325208 -1.098077
-0.079919 -0.407988 0.223735 2.245174 -0.543412 -0.133707 1.072519 -0.116159 -0.415618 -0.000572 0.144388 2.215038 -1.303311 -0.390440 0.325208 -1.097696
-0.079919 -0.407988 0.223735 2.245174 -0.543412 -0.133707 1.072137 -0.116159 -0.415618 -0.000572 0.144388 2.215038 -1.303693 -0.390440 0.325208 -1.098077
-0.079919 -0.407988 0.223735 2.245174 -0.543412 -0.133707 1.072137 -0.116159 -0.415618 -0.000572 0.144388 2.215038 -1.303311 -0.390440 0.325208 -1.098077
-0.079919 -0.407988 0.223735 2.245174 -0.543412 -0.133707 1.072137 -0.116159 -0.415236 -0.000572 0.144388 2.215038 -1.303311 -0.390440 0.325208 -1.098077
-0.079919 -0.407988 0.223735 2.245174 -0.543412 -0.133707 1.071756 -0.116159 -0.415618 -0.000572 0.144388 2.215038 -1.303311 -0.390440 0.325208 -1.098077
-0.080301 -0.407988 0.223735 2.245174 -0.543412 -0.133707 1.071374 -0.116159 -0.415236 -0.000572 0.144388 2.215038 -1.303693 -0.390440 0.325208 -1.098077
-0.079919 -0.407988 0.223735 2.245174 -0.543412 -0.133707 1.070611 -0.116159 -0.415236 -0.000572 0.144388 2.215038 -1.303311 -0.390440 0.325208 -1.098077
-0.079919 -0.407988 0.223735 2.245174 -0.543412 -0.133707 1.070230 -0.116159 -0.415236 -0.000572 0.144388 2.215038 -1.303311 -0.390440 0.325208 -1.098077
-0.079919 -0.407988 0.223735 2.245174 -0.543412 -0.133707 1.070230 -0.116159 -0.415236 -0.000572 0.144388 2.215038 -1.303693 -0.390440 0.325208 -1.098077
-0.079919 -0.407988 0.223735 2.245174 -0.543412 -0.133707 1.070230 -0.116159 -0.415236 -0.000572 0.144388 2.215038 -1.303693 -0.390440 0.325208 -1.097696
-0.079919 -0.407988 0.223735 2.245174 -0.543412 -0.133707 1.070230 -0.116159 -0.415618 -0.000572 0.144388 2.215038 -1.303311 -0.390440 0.325208 -1.098077
-0.079919 -0.407988 0.223735 2.245174 -0.543412 -0.133707 1.070230 -0.116159 -0.415618 -0.000572 0.144388 2.215038 -1.303311 -0.390440 0.325208 -1.098077
-0.079919 -0.407988 0.223735 2.245174 -0.543412 -0.133707 1.069848 -0.116159 -0.415236 -0.000572 0.144388 2.215038 -1.303311 -0.390440 0.325208 -1.098077
-0.080301 -0.407988 0.223735 2.245174 -0.543412 -0.133707 1.070230 -0.116159 -0.415236 -0.000572 0.144388 2.215038 -1.303311 -0.390440 0.325208 -1.098077
-0.080301 -0.407988 0.223735 2.245174 -0.543412 -0.133707 1.070230 -0.116159 -0.415236 -0.000572 0.144388 2.215038 -1.303311 -0.390440 0.325208 -1.098077
-0.079919 -0.407988 0.223735 2.245174 -0.543412 -0.133707 1.070230 -0.116159 -0.415618 -0.000572 0.144388 2.215038 -1.303693 -0.390440 0.325208 -1.098077
-0.080301 -0.407988 0.223735 2.245174 -0.543412 -0.133707 1.070230 -0.116159 -0.415618 -0.000572 0.144388 2.215038 -1.303311 -0.390440 0.325208 -1.098077
-0.079919 -0.408370 0.223735 2.245174 -0.543412 -0.133707 1.070230 -0.116159 -0.415618 -0.000572 0.144388 2.215038 -1.303311 -0.390440 0.325208 -1.098077
-0.080301 -0.407988 0.223735 2.245174 -0.543412 -0.133707 1.070230 -0.116159 -0.415618 -0.000572 0.144388 2.215038 -1.303693 -0.390440 0.325208 -1.098077
-0.080301 -0.407988 0.223735 2.245174 -0.543412 -0.133707 1.070230 -0.116159 -0.415618 -0.000572 0.144388 2.215038 -1.303693 -0.390440 0.325208 -1.098077
-0.079919 -0.408370 0.223735 2.245174 -0.543412 -0.133707 1.070230 -0.116159 -0.415236 -0.000572 0.144388 2.215038 -1.303693 -0.390440 0.325208 -1.098077
-0.079919 -0.408370 0.223735 2.245174 -0.543412 -0.133707 1.070230 -0.116159 -0.415618 -0.000572 0.144388 2.215038 -1.303693 -0.390440 0.325208 -1.098077
-0.079919 -0.407988 0.223735 2.245174 -0.543412 -0.133707 1.070230 -0.116159 -0.415618 -0.000572 0.144388 2.215038 -1.303311 -0.390440 0.325208 -1.098077
-0.079919 -0.407988 0.223735 2.245174 -0.543412 -0.133707 1.070230 -0.116159 -0.415618 -0.000572 0.144388 2.215038 -1.303693 -0.390440 0.325208 -1.098077
-0.080301 -0.407988 0.223735 2.245174 -0.543412 -0.133707 1.070230 -0.116159 -0.415236 -0.000572 0.144388 2.215038 -1.303311 -0.390440 0.325208 -1.097696
-0.080301 -0.408370 0.223735 2.245174 -0.543412 -0.133707 1.070230 -0.116159 -0.415236 -0.000572 0.144388 2.215038 -1.303311 -0.390440 0.325208 -1.097696
-0.080301 -0.407988 0.223735 2.245174 -0.543412 -0.133707 1.070230 -0.116159 -0.415618 -0.000572 0.144388 2.215038 -1.303311 -0.390440 0.325208 -1.098077
-0.079919 -0.407988 0.223735 2.245174 -0.543412 -0.133707 1.070230 -0.116159 -0.415236 -0.000572 0.144388 2.215038 -1.303693 -0.390440 0.325208 -1.097696
-0.079919 -0.408370 0.223735 2.245174 -0.543412 -0.133707 1.070230 -0.116159 -0.415618 -0.000572 0.144388 2.215038 -1.303693 -0.390440 0.325208 -1.098077
-0.079919 -0.407988 0.223735 2.245174 -0.543412 -0.133707 1.070230 -0.116159 -0.415618 -0.000572 0.144388 2.215038 -1.303693 -0.390440 0.325208 -1.098077
-0.080301 -0.407988 0.223735 2.245174 -0.543412 -0.133707 1.070230 -0.116159 -0.415618 -0.000572 0.144388 2.215038 -1.303693 -0.390440 0.325208 -1.098077
-0.079919 -0.407988 0.223735 2.245174 -0.543412 -0.133707 1.070230 -0.116159 -0.415236 -0.000572 0.144388 2.215038 -1.303693 -0.390440 0.325208 -1.098077
-0.080301 -0.408370 0.223735 2.245174 -0.543412 -0.133707 1.070230 -0.116159 -0.415236 -0.000572 0.144388 2.215038 -1.303311 -0.390440 0.325208 -1.098077
-0.079919 -0.407988 0.223735 2.245174 -0.543412 -0.133707 1.070230 -0.116159 -0.415236 -0.000572 0.144388 2.215038 -1.303311 -0.390440 0.325208 -1.098077
-0.079919 -0.407988 0.223735 2.245174 -0.543412 -0.133707 1.070230 -0.116159 -0.415618 -0.000572 0.144388 2.215038 -1.303311 -0.390440 0.325208 -1.097696
-0.079919 -0.407988 0.223735 2.245174 -0.543412 -0.133707 1.070230 -0.116159 -0.415618 -0.000572 0.144388 2.215038 -1.303311 -0.390440 0.325208 -1.098077
-0.080301 -0.407988 0.223735 2.245174 -0.543412 -0.133707 1.070230 -0.116159 -0.415236 -0.000572 0.144388 2.215038 -1.303311 -0.390440 0.325208 -1.097696
-0.079919 -0.407988 0.223735 2.245174 -0.543412 -0.133707 1.070230 -0.116159 -0.415618 -0.000572 0.144388 2.215038 -1.303693 -0.390440 0.325208 -1.098077
-0.080301 -0.407988 0.223735 2.245174 -0.543412 -0.133707 1.069848 -0.116159 -0.415236 -0.000572 0.144388 2.215038 -1.303311 -0.390440 0.325208 -1.098077
-0.080301 -0.407988 0.223735 2.245174 -0.543412 -0.133707 1.070230 -0.116159 -0.415236 -0.000572 0.144388 2.215038 -1.303693 -0.390440 0.324826 -1.098077
-0.079919 -0.407988 0.223735 2.245174 -0.543793 -0.133707 1.070230 -0.116159 -0.415618 -0.000572 0.144388 2.215038 -1.303311 -0.390822 0.324826 -1.098077
-0.079919 -0.407988 0.223735 2.245174 -0.543412 -0.133707 1.070230 -0.116159 -0.415236 -0.000572 0.144388 2.215038 -1.303311 -0.390822 0.324826 -1.098077
-0.079919 -0.407988 0.223735 2.245174 -0.543412 -0.133707 1.070230 -0.116159 -0.415236 -0.000572 0.144388 2.215038 -1.303311 -0.390822 0.324826 -1.098077
-0.079919 -0.407988 0.223735 2.245174 -0.543412 -0.133707 1.070230 -0.116159 -0.415236 -0.000572 0.144388 2.214656 -1.303693 -0.390822 0.324826 -1.098077
-0.079919 -0.407988 0.223735 2.245174 -0.543412 -0.133707 1.070230 -0.116159 -0.415236 -0.000572 0.144388 2.215038 -1.303311 -0.390822 0.324826 -1.097696
-0.079919 -0.408370 0.223735 2.245174 -0.543412 -0.133707 1.070230 -0.116159 -0.415236 -0.000572 0.144388 2.215038 -1.303693 -0.390822 0.324826 -1.098077
-0.079919 -0.407988 0.223735 2.245174 -0.543030 -0.133707 1.070230 -0.116159 -0.415236 -0.000572 0.144388 2.215038 -1.303311 -0.390822 0.324826 -1.097696
-0.080301 -0.407988 0.223735 2.245174 -0.543030 -0.133707 1.070230 -0.116159 -0.415236 -0.000572 0.144388 2.215038 -1.303311 -0.390822 0.324826 -1.098077
-0.080301 -0.407988 0.223735 2.245174 -0.543030 -0.133707 1.070230 -0.116159 -0.415236 -0.000572 0.144388 2.215038 -1.303311 -0.390822 0.324826 -1.098077
-0.080301 -0.408370 0.223735 2.245174 -0.543412 -0.133707 1.069848 -0.116159 -0.415236 -0.000572 0.144388 2.215038 -1.303311 -0.390822 0.324826 -1.098077
-0.080301 -0.408370 0.223735 2.245174 -0.543412 -0.133707 1.070230 -0.116159 -0.415236 -0.000572 0.144388 2.215038 -1.303311 -0.390822 0.324826 -1.097696
-0.080301 -0.407988 0.223735 2.245174 -0.543412 -0.133707 1.069848 -0.116159 -0.415236 -0.000572 0.144388 2.215038 -1.303311 -0.390822 0.324826 -1.097696
-0.080301 -0.407988 0.223735 2.245174 -0.543412 -0.133707 1.069848 -0.116159 -0.415236 -0.000572 0.144388 2.215038 -1.303693 -0.390822 0.324826 -1.097696
-0.080301 -0.407988 0.223735 2.245174 -0.543030 -0.133707 1.069848 -0.116159 -0.415236 -0.000572 0.144388 2.215038 -1.303311 -0.390822 0.324826 -1.098077
-0.080301 -0.407988 0.223735 2.245174 -0.543030 -0.133707 1.069848 -0.116159 -0.415618 -0.000572 0.144388 2.215038 -1.303311 -0.390822 0.324826 -1.098077
-0.080301 -0.407988 0.223735 2.245174 -0.543030 -0.133707 1.069848 -0.116159 -0.415236 -0.000572 0.144388 2.215038 -1.303311 -0.390822 0.324826 -1.098077
-0.080301 -0.407988 0.223735 2.245174 -0.543030 -0.133707 1.070230 -0.116159 -0.415236 -0.000572 0.144388 2.215038 -1.303311 -0.390822 0.324826 -1.097696
-0.080301 -0.407988 0.223735 2.245174 -0.543030 -0.133707 1.069848 -0.116159 -0.415236 -0.000572 0.144388 2.215038 -1.303311 -0.390822 0.324826 -1.098077
-0.080301 -0.407988 0.223735 2.245174 -0.543030 -0.133707 1.069848 -0.116159 -0.415236 -0.000572 0.144388 2.215038 -1.303311 -0.390822 0.324826 -1.098077
-0.080301 -0.407988 0.223735 2.245174 -0.543030 -0.133707 1.069848 -0.116159 -0.415236 -0.000572 0.144388 2.214656 -1.303311 -0.390822 0.324826 -1.098077
-0.080301 -0.407988 0.223735 2.245174 -0.543030 -0.133707 1.069848 -0.116159 -0.415236 -0.000572 0.144388 2.215038 -1.303311 -0.390822 0.324826 -1.098077
-0.080301 -0.407988 0.223735 2.245174 -0.543030 -0.133707 1.069848 -0.116159 -0.415236 -0.000572 0.144388 2.215038 -1.303311 -0.390822 0.324826 -1.098077
-0.080301 -0.407988 0.223735 2.245174 -0.543030 -0.133707 1.069848 -0.116159 -0.415618 -0.000572 0.144388 2.215038 -1.303311 -0.390822 0.324826 -1.098077
-0.080301 -0.407988 0.223735 2.245174 -0.543030 -0.133707 1.069848 -0.116159 -0.415618 -0.000572 0.144388 2.215038 -1.303311 -0.390822 0.324826 -1.098077
-0.080301 -0.407988 0.223735 2.245174 -0.543030 -0.133707 1.069848 -0.116159 -0.415236 -0.000572 0.144388 2.215038 -1.303311 -0.390822 0.324826 -1.098077
-0.080301 -0.407988 0.223735 2.245174 -0.543030 -0.133707 1.069848 -0.116159 -0.415618 -0.000572 0.144388 2.215038 -1.303311 -0.390822 0.324826 -1.098077
-0.080301 -0.407988 0.223735 2.245174 -0.543030 -0.133707 1.069848 -0.116159 -0.415236 -0.000572 0.144388 2.215038 -1.303311 -0.390822 0.324826 -1.098077
-0.080301 -0.407988 0.223735 2.245174 -0.543030 -0.133707 1.069848 -0.116159 -0.415236 -0.000572 0.144388 2.215038 -1.303693 -0.390822 0.324826 -1.097696
-0.080301 -0.407988 0.223735 2.245174 -0.542649 -0.133707 1.069848 -0.116159 -0.415236 -0.000572 0.144388 2.215038 -1.303311 -0.390822 0.324826 -1.098077
-0.080301 -0.407988 0.223735 2.245174 -0.541886 -0.133707 1.069848 -0.116159 -0.415236 -0.000572 0.144388 2.215038 -1.303311 -0.390822 0.324826 -1.097696
-0.080682 -0.408370 0.223735 2.245174 -0.541123 -0.133707 1.069848 -0.116159 -0.415236 -0.000572 0.144388 2.215038 -1.303693 -0.390822 0.324826 -1.098077
-0.080682 -0.407988 0.223735 2.245174 -0.539979 -0.133707 1.069848 -0.116159 -0.415236 -0.000572 0.144388 2.215038 -1.303693 -0.390822 0.324826 -1.098077
-0.080301 -0.408370 0.223735 2.245174 -0.539597 -0.133707 1.069848 -0.116159 -0.415236 -0.000572 0.144388 2.215038 -1.303311 -0.390822 0.324826 -1.097696
-0.080682 -0.407988 0.223735 2.245174 -0.539979 -0.133707 1.069848 -0.116159 -0.415236 -0.000572 0.144388 2.215038 -1.303693 -0.390822 0.324826 -1.097696
-0.080301 -0.407988 0.223735 2.245174 -0.539979 -0.133707 1.069848 -0.116159 -0.415618 -0.000572 0.144388 2.215038 -1.303311 -0.390822 0.324826 -1.098077
-0.080301 -0.407988 0.223735 2.245174 -0.539979 -0.133707 1.069848 -0.116159 -0.415618 -0.000572 0.144388 2.215038 -1.303693 -0.390822 0.324826 -1.098077
-0.080301 -0.407988 0.223735 2.245174 -0.539979 -0.133707 1.069848 -0.116159 -0.415618 -0.000572 0.144388 2.215038 -1.303693 -0.390822 0.324826 -1.098077
-0.080301 -0.407988 0.223735 2.245174 -0.539979 -0.133707 1.069848 -0.116159 -0.415236 -0.000572 0.144388 2.215038 -1.303693 -0.390822 0.324826 -1.098077
-0.080301 -0.407988 0.223735 2.245174 -0.539979 -0.133707 1.069848 -0.116159 -0.415236 -0.000572 0.144388 2.215038 -1.303311 -0.390822 0.324826 -1.098077
-0.080301 -0.407988 0.223735 2.245174 -0.539979 -0.133707 1.069848 -0.116159 -0.415236 -0.000572 0.144388 2.215038 -1.303311 -0.390822 0.324826 -1.098077
-0.080301 -0.407988 0.223735 2.245174 -0.539979 -0.133707 1.069848 -0.116159 -0.415236 -0.000572 0.144388 2.215038 -1.303693 -0.390822 0.324826 -1.098077
-0.080301 -0.407988 0.223735 2.245174 -0.539979 -0.133707 1.069848 -0.116159 -0.415618 -0.000572 0.144388 2.215038 -1.303693 -0.390822 0.324826 -1.098077
-0.080301 -0.407988 0.223735 2.245174 -0.539979 -0.133707 1.069848 -0.116159 -0.415236 -0.000572 0.144388 2.215038 -1.303311 -0.390822 0.324826 -1.098077
-0.080301 -0.407988 0.223735 2.245174 -0.539979 -0.133707 1.069848 -0.116159 -0.415236 -0.000572 0.144388 2.215038 -1.303311 -0.390822 0.324826 -1.098077
-0.080301 -0.407988 0.223735 2.245174 -0.539979 -0.133707 1.069848 -0.116159 -0.415236 -0.000572 0.144388 2.215038 -1.303311 -0.390822 0.324826 -1.097696
-0.080301 -0.407988 0.223735 2.245174 -0.539979 -0.133707 1.069848 -0.116159 -0.415236 -0.000572 0.144388 2.215038 -1.303311 -0.390822 0.324826 -1.098077
-0.080301 -0.407988 0.223735 2.245174 -0.539979 -0.133707 1.069848 -0.116159 -0.415236 -0.000572 0.144388 2.215038 -1.303311 -0.390822 0.324826 -1.098077
-0.080301 -0.407988 0.223735 2.245174 -0.539979 -0.133707 1.069848 -0.116159 -0.415236 -0.000572 0.144388 2.215038 -1.303311 -0.390822 0.324826 -1.098077
-0.080301 -0.407988 0.223735 2.245174 -0.539979 -0.133707 1.069848 -0.116159 -0.415236 -0.000572 0.144388 2.215038 -1.303693 -0.390822 0.324826 -1.098077
-0.080301 -0.407988 0.223735 2.245174 -0.539979 -0.133707 1.069848 -0.116159 -0.415236 -0.000572 0.144388 2.215038 -1.303693 -0.390822 0.324826 -1.098077
-0.080301 -0.407988 0.223735 2.245174 -0.539979 -0.133707 1.069848 -0.116159 -0.415236 -0.000572 0.144388 2.215038 -1.303693 -0.390822 0.324826 -1.098077
-0.080301 -0.407988 0.223735 2.245174 -0.539979 -0.133707 1.069848 -0.116159 -0.415236 -0.000572 0.144388 2.215038 -1.303693 -0.390822 0.324826 -1.098077
-0.080301 -0.407988 0.223735 2.245174 -0.539979 -0.133707 1.069848 -0.116159 -0.415236 -0.000572 0.144388 2.215038 -1.303311 -0.390822 0.324826 -1.098077
-0.080301 -0.407988 0.223735 2.245174 -0.539979 -0.133707 1.069848 -0.116159 -0.415236 -0.000572 0.144388 2.215038 -1.303311 -0.390822 0.324826 -1.098077
-0.080301 -0.407988 0.223735 2.245174 -0.539979 -0.133707 1.069848 -0.116159 -0.415236 -0.000572 0.144388 2.215038 -1.303311 -0.390822 0.324826 -1.098077
-0.080301 -0.407988 0.223735 2.245174 -0.539979 -0.133707 1.069848 -0.116159 -0.415236 -0.000572 0.144388 2.215038 -1.303693 -0.390822 0.324826 -1.097696
-0.080301 -0.407988 0.223735 2.245174 -0.539979 -0.133707 1.069848 -0.116159 -0.415236 -0.000572 0.144388 2.215038 -1.303311 -0.390822 0.324826 -1.098077
-0.080301 -0.407988 0.223735 2.245174 -0.539979 -0.133707 1.069848 -0.116159 -0.415618 -0.000572 0.144388 2.215038 -1.303311 -0.390822 0.324826 -1.098077
-0.080301 -0.407988 0.223735 2.245174 -0.539979 -0.133707 1.069848 -0.116159 -0.415236 -0.000572 0.144388 2.215038 -1.303311 -0.390822 0.324826 -1.098077
-0.080301 -0.407988 0.223735 2.245174 -0.539979 -0.133707 1.069848 -0.116159 -0.415236 -0.000572 0.144388 2.215038 -1.303311 -0.390822 0.324826 -1.098077
-0.080301 -0.407988 0.223735 2.245174 -0.539979 -0.133707 1.069848 -0.116159 -0.415236 -0.000572 0.144388 2.215038 -1.303693 -0.390822 0.324826 -1.097696
-0.080301 -0.407988 0.223735 2.245174 -0.539979 -0.133707 1.069848 -0.116159 -0.415618 -0.000572 0.144388 2.215038 -1.303311 -0.390822 0.324826 -1.097696
-0.080301 -0.407988 0.223735 2.245174 -0.539979 -0.133707 1.069848 -0.116159 -0.415236 -0.000572 0.144388 2.215038 -1.303311 -0.390822 0.324826 -1.097696
-0.080301 -0.407988 0.223735 2.245174 -0.539979 -0.133707 1.069848 -0.116159 -0.415236 -0.000572 0.144388 2.215038 -1.303311 -0.390822 0.324826 -1.097696
-0.080301 -0.407988 0.223735 2.245174 -0.539979 -0.133707 1.069848 -0.116159 -0.415236 -0.000572 0.144388 2.215038 -1.303311 -0.390822 0.324826 -1.098077
-0.080301 -0.407988 0.223735 2.245174 -0.539979 -0.133707 1.069848 -0.116159 -0.415236 -0.000572 0.144388 2.215038 -1.303693 -0.390822 0.324826 -1.098077
-0.080301 -0.407988 0.223735 2.245174 -0.539979 -0.133707 1.069848 -0.116159 -0.415236 -0.000572 0.144388 2.215038 -1.303693 -0.390822 0.324826 -1.097696
-0.080301 -0.407988 0.223735 2.245174 -0.539979 -0.133707 1.069848 -0.116159 -0.415236 -0.000572 0.144388 2.215038 -1.303311 -0.390822 0.324826 -1.098077
-0.080301 -0.407988 0.223735 2.245174 -0.539979 -0.133707 1.069848 -0.116159 -0.415236 -0.000572 0.144388 2.215038 -1.303693 -0.390822 0.324826 -1.098077
-0.080301 -0.407988 0.223735 2.245174 -0.539979 -0.133707 1.069848 -0.116159 -0.415236 -0.000572 0.144388 2.215038 -1.303311 -0.390822 0.324826 -1.098077
-0.080301 -0.407988 0.223735 2.245174 -0.539979 -0.133707 1.069848 -0.116159 -0.415236 -0.000572 0.144388 2.215038 -1.303311 -0.390822 0.324826 -1.098077
-0.080301 -0.407988 0.223735 2.245174 -0.539979 -0.133707 1.069848 -0.116159 -0.415236 -0.000572 0.144388 2.215038 -1.303311 -0.390822 0.324826 -1.097696
-0.080301 -0.407988 0.223735 2.245174 -0.539979 -0.133707 1.069848 -0.116159 -0.415236 -0.000572 0.144388 2.215038 -1.303311 -0.390822 0.324826 -1.098077
-0.080301 -0.407988 0.223735 2.245174 -0.539979 -0.133707 1.069848 -0.116159 -0.415236 -0.000572 0.144388 2.215038 -1.303311 -0.390822 0.324826 -1.098077
-0.080301 -0.407988 0.223735 2.245174 -0.539979 -0.133707 1.069848 -0.116159 -0.415618 -0.000572 0.144388 2.215038 -1.303311 -0.390822 0.324826 -1.097696
-0.080301 -0.407988 0.223735 2.245174 -0.539979 -0.133707 1.069848 -0.116159 -0.415618 -0.000572 0.144388 2.215038 -1.303311 -0.390822 0.324826 -1.097696
-0.080301 -0.407988 0.223735 2.245174 -0.539979 -0.133707 1.069848 -0.116159 -0.415236 -0.000572 0.144388 2.215038 -1.303311 -0.390822 0.324826 -1.097696
-0.080301 -0.407988 0.223735 2.245174 -0.539979 -0.133707 1.069848 -0.116159 -0.415236 -0.000572 0.144388 2.215038 -1.303311 -0.390822 0.324826 -1.098077
-0.080301 -0.407988 0.223735 2.245174 -0.539979 -0.133707 1.069848 -0.116159 -0.415618 -0.000572 0.144388 2.215038 -1.303693 -0.390822 0.324826 -1.097696
-0.080301 -0.407988 0.223735 2.245174 -0.539979 -0.133707 1.069848 -0.116159 -0.415236 -0.000572 0.144388 2.215038 -1.303693 -0.390822 0.324826 -1.098077
-0.080301 -0.407988 0.223735 2.245174 -0.539979 -0.133707 1.069848 -0.116159 -0.415236 -0.000572 0.144388 2.215038 -1.303311 -0.390822 0.324826 -1.098077
-0.080301 -0.407988 0.223735 2.245174 -0.539979 -0.133707 1.069848 -0.116159 -0.415236 -0.000572 0.144388 2.215038 -1.303311 -0.390822 0.324826 -1.098077
-0.080301 -0.407988 0.223735 2.245174 -0.539979 -0.133707 1.069848 -0.116159 -0.415236 -0.000572 0.144388 2.215038 -1.303311 -0.390822 0.324826 -1.098077
-0.080301 -0.407988 0.223735 2.245174 -0.539979 -0.133707 1.069848 -0.116159 -0.415236 -0.000572 0.144388 2.214656 -1.303311 -0.390822 0.324826 -1.097696
-0.080301 -0.407988 0.223735 2.245174 -0.539979 -0.133707 1.069848 -0.116159 -0.415236 -0.000572 0.144388 2.215038 -1.303311 -0.390822 0.324826 -1.098077
-0.080301 -0.407988 0.223735 2.245174 -0.539979 -0.133707 1.069848 -0.116159 -0.415236 -0.000572 0.144388 2.215038 -1.303311 -0.390822 0.324826 -1.097696
-0.080301 -0.407988 0.223735 2.245174 -0.539979 -0.133707 1.069848 -0.116159 -0.415236 -0.000572 0.144388 2.215038 -1.303311 -0.390822 0.324826 -1.098077
-0.080301 -0.407988 0.223735 2.245174 -0.539979 -0.133707 1.069848 -0.116159 -0.415236 -0.000572 0.144388 2.215038 -1.303311 -0.390822 0.324826 -1.098077
-0.080301 -0.407988 0.223735 2.245174 -0.539979 -0.133707 1.069848 -0.116159 -0.415618 -0.000572 0.144388 2.215038 -1.303693 -0.390822 0.324826 -1.098077
-0.080301 -0.407988 0.223735 2.245174 -0.539979 -0.133707 1.069848 -0.116159 -0.415236 -0.000572 0.144388 2.215038 -1.303311 -0.390822 0.324826 -1.098077
-0.080301 -0.407988 0.223735 2.245174 -0.539979 -0.133707 1.069848 -0.116159 -0.415236 -0.000572 0.144388 2.215038 -1.303311 -0.390822 0.324826 -1.098077
-0.080301 -0.407988 0.223735 2.245174 -0.539979 -0.133707 1.069848 -0.116159 -0.415236 -0.000572 0.144388 2.215038 -1.303693 -0.390822 0.324826 -1.098077
-0.080301 -0.407988 0.223735 2.245174 -0.539979 -0.133707 1.069848 -0.116159 -0.415236 -0.000572 0.144388 2.215038 -1.303311 -0.390822 0.324826 -1.098077
-0.080301 -0.407988 0.223735 2.245174 -0.539979 -0.133707 1.069848 -0.116159 -0.415236 -0.000572 0.144388 2.215038 -1.303311 -0.390822 0.324826 -1.098077
-0.080301 -0.407988 0.223735 2.245174 -0.539979 -0.133707 1.069848 -0.116159 -0.415236 -0.000572 0.144388 2.215038 -1.303311 -0.390822 0.324826 -1.098077
-0.080301 -0.407988 0.223735 2.245174 -0.539979 -0.133707 1.069848 -0.116159 -0.415236 -0.000572 0.144388 2.215038 -1.303311 -0.390822 0.324826 -1.097696
-0.080301 -0.407988 0.223735 2.245174 -0.539979 -0.133707 1.069848 -0.116159 -0.415236 -0.000572 0.144388 2.215038 -1.303311 -0.390822 0.324826 -1.098077
-0.080301 -0.407988 0.223735 2.245174 -0.539979 -0.133707 1.069848 -0.116159 -0.415236 -0.000572 0.144388 2.215038 -1.303311 -0.390822 0.324826 -1.098077
-0.080301 -0.407988 0.223735 2.245174 -0.539979 -0.133707 1.069848 -0.116159 -0.415236 -0.000572 0.144388 2.214656 -1.303311 -0.390822 0.324826 -1.097696
-0.080301 -0.407988 0.223735 2.245174 -0.539979 -0.133707 1.069848 -0.116159 -0.415618 -0.000572 0.144388 2.215038 -1.303311 -0.390822 0.324826 -1.097696
-0.080301 -0.407988 0.223735 2.245174 -0.539979 -0.133707 1.069848 -0.116159 -0.415236 -0.000572 0.144388 2.215038 -1.303311 -0.390822 0.324826 -1.098077
-0.080301 -0.407988 0.223735 2.245174 -0.539979 -0.133707 1.069848 -0.116159 -0.415236 -0.000572 0.144388 2.215038 -1.303311 -0.390822 0.324826 -1.098077
-0.080301 -0.407988 0.223735 2.245174 -0.539979 -0.133707 1.069848 -0.116159 -0.415236 -0.000572 0.144388 2.215038 -1.303311 -0.390822 0.324826 -1.098077
-0.080301 -0.407988 0.223735 2.245174 -0.539979 -0.133707 1.069848 -0.116159 -0.415236 -0.000572 0.144388 2.215038 -1.303311 -0.390822 0.324826 -1.097696
-0.080301 -0.407988 0.223735 2.245174 -0.539979 -0.133707 1.069848 -0.116159 -0.415618 -0.000572 0.144388 2.215038 -1.303311 -0.390822 0.324826 -1.097696
-0.080301 -0.407988 0.223735 2.245174 -0.539979 -0.133707 1.069848 -0.116159 -0.415236 -0.000572 0.144388 2.215038 -1.303311 -0.390822 0.324826 -1.098077
-0.080301 -0.407988 0.223735 2.245174 -0.539979 -0.133707 1.069848 -0.116159 -0.415236 -0.000572 0.144388 2.215038 -1.303311 -0.390822 0.324826 -1.098077
-0.080301 -0.407988 0.223735 2.245174 -0.539979 -0.133707 1.069848 -0.116159 -0.415236 -0.000572 0.144388 2.215038 -1.303311 -0.390822 0.324826 -1.098077
-0.080301 -0.407988 0.223735 2.245174 -0.539979 -0.133707 1.069848 -0.116159 -0.415618 -0.000572 0.144388 2.215038 -1.303693 -0.390822 0.324826 -1.097696
-0.080301 -0.408370 0.223735 2.245174 -0.539979 -0.133707 1.069848 -0.116159 -0.415236 -0.000572 0.144388 2.215038 -1.303693 -0.390822 0.324826 -1.097696
-0.080301 -0.407988 0.223735 2.245174 -0.539979 -0.133707 1.069848 -0.116159 -0.415236 -0.000572 0.144388 2.215038 -1.303311 -0.390822 0.324826 -1.098077
-0.080301 -0.407988 0.223735 2.245174 -0.539979 -0.133707 1.069848 -0.116159 -0.415236 -0.000572 0.144388 2.215038 -1.303693 -0.390822 0.324826 -1.098077
-0.080301 -0.407988 0.223735 2.245174 -0.539979 -0.133707 1.069848 -0.116159 -0.415236 -0.000572 0.144388 2.215038 -1.303311 -0.390822 0.324826 -1.098077
-0.080301 -0.407988 0.223735 2.245174 -0.539979 -0.133707 1.069848 -0.116159 -0.415236 -0.000572 0.144388 2.215038 -1.303693 -0.390822 0.324826 -1.098077
-0.080301 -0.407988 0.223735 2.245174 -0.539979 -0.133707 1.069848 -0.116159 -0.415236 -0.000572 0.144388 2.215038 -1.303311 -0.390822 0.324826 -1.098077
-0.080301 -0.407988 0.223735 2.245174 -0.539979 -0.133707 1.069848 -0.116159 -0.415236 -0.000572 0.144388 2.215038 -1.303693 -0.390822 0.324826 -1.098077
-0.080301 -0.407988 0.223735 2.245174 -0.539979 -0.133707 1.069848 -0.116159 -0.415236 -0.000572 0.144388 2.215038 -1.303693 -0.390822 0.324826 -1.098077
-0.080301 -0.407988 0.223735 2.245174 -0.539979 -0.133707 1.069848 -0.116159 -0.415236 -0.000572 0.144388 2.215038 -1.303311 -0.390822 0.324826 -1.098077
-0.080301 -0.407988 0.223735 2.245174 -0.539979 -0.133707 1.069848 -0.116159 -0.415236 -0.000954 0.144388 2.215038 -1.303311 -0.390822 0.324826 -1.097696
-0.080301 -0.407988 0.223735 2.245174 -0.539979 -0.133707 1.069848 -0.116159 -0.415236 -0.000572 0.144388 2.215038 -1.303693 -0.390822 0.324826 -1.098077
-0.080301 -0.407988 0.223735 2.245174 -0.539979 -0.133707 1.069848 -0.116159 -0.415236 -0.000572 0.144388 2.215038 -1.303311 -0.390822 0.324826 -1.098077
-0.080301 -0.407988 0.223735 2.245174 -0.539979 -0.133707 1.069848 -0.116159 -0.415236 -0.000572 0.144388 2.215038 -1.303693 -0.390822 0.324826 -1.098077
-0.080301 -0.407988 0.223735 2.245174 -0.539979 -0.133707 1.069848 -0.116159 -0.415236 -0.000572 0.144388 2.215038 -1.303311 -0.390822 0.324826 -1.098077
-0.080301 -0.407988 0.223735 2.245174 -0.539979 -0.133707 1.069848 -0.116159 -0.415236 -0.000572 0.144388 2.215038 -1.303693 -0.390822 0.324826 -1.098077
-0.080301 -0.407988 0.223735 2.245174 -0.539979 -0.133707 1.069848 -0.116159 -0.415618 -0.000572 0.144388 2.215038 -1.303311 -0.390822 0.324826 -1.097696
-0.080301 -0.407988 0.223735 2.245174 -0.539979 -0.133707 1.069848 -0.116159 -0.415236 -0.000572 0.144388 2.215038 -1.303311 -0.390822 0.324826 -1.098077
-0.080301 -0.407988 0.223735 2.245174 -0.539979 -0.133707 1.069848 -0.116159 -0.415236 -0.000572 0.144388 2.215038 -1.303311 -0.390822 0.324826 -1.098077
-0.080301 -0.407988 0.223735 2.245174 -0.539979 -0.133707 1.069848 -0.116159 -0.415236 -0.000572 0.144388 2.215038 -1.303311 -0.390822 0.324826 -1.098077
-0.080301 -0.407988 0.223735 2.245174 -0.539979 -0.133707 1.069848 -0.116159 -0.415618 -0.000572 0.144388 2.215038 -1.303311 -0.390822 0.324826 -1.098077
-0.080301 -0.407988 0.223735 2.245174 -0.539979 -0.133707 1.069848 -0.116159 -0.415236 -0.000572 0.144388 2.215038 -1.303311 -0.390822 0.324826 -1.098077
-0.080301 -0.407988 0.223735 2.245174 -0.539979 -0.133707 1.069848 -0.116159 -0.415236 -0.000572 0.144388 2.215038 -1.303311 -0.390822 0.324826 -1.098077
-0.080301 -0.407988 0.223735 2.245174 -0.539979 -0.133707 1.069848 -0.116159 -0.415236 -0.000572 0.144388 2.215038 -1.303311 -0.390822 0.324826 -1.098077
-0.080301 -0.407988 0.223735 2.245174 -0.539979 -0.133707 1.069848 -0.116159 -0.415618 -0.000572 0.144388 2.215038 -1.303693 -0.390822 0.324826 -1.098077
-0.080301 -0.407988 0.223735 2.245174 -0.539979 -0.133707 1.069848 -0.116159 -0.415236 -0.000572 0.144388 2.215038 -1.303311 -0.390822 0.324826 -1.098077
-0.080301 -0.407988 0.223735 2.245174 -0.539979 -0.133707 1.069848 -0.116159 -0.415236 -0.000572 0.144388 2.215038 -1.303311 -0.390822 0.324826 -1.098077
-0.080301 -0.407988 0.223735 2.245174 -0.539979 -0.133707 1.069848 -0.116159 -0.415236 -0.000572 0.144388 2.215038 -1.303693 -0.390822 0.324826 -1.098077
-0.080301 -0.407988 0.223735 2.245174 -0.539979 -0.133707 1.069848 -0.116159 -0.415236 -0.000572 0.144388 2.215038 -1.303311 -0.390822 0.324826 -1.097696
-0.080301 -0.407988 0.223735 2.245174 -0.539979 -0.133707 1.069848 -0.116159 -0.415618 -0.000572 0.144388 2.215038 -1.303311 -0.390822 0.324826 -1.097696
-0.080301 -0.407988 0.223735 2.245174 -0.539979 -0.133707 1.069848 -0.116159 -0.415236 -0.000572 0.144388 2.215038 -1.303311 -0.390822 0.324826 -1.098077
-0.080301 -0.407988 0.223735 2.245174 -0.539979 -0.133707 1.069848 -0.116159 -0.415236 -0.000572 0.144388 2.215038 -1.303693 -0.390822 0.324826 -1.097696
-0.080301 -0.407988 0.223735 2.245174 -0.539979 -0.133707 1.069848 -0.116159 -0.415236 -0.000572 0.144388 2.215038 -1.303693 -0.390822 0.324826 -1.097696
-0.080301 -0.407988 0.223735 2.245174 -0.539979 -0.133707 1.069848 -0.116159 -0.415236 -0.000572 0.144388 2.215038 -1.303693 -0.390822 0.324826 -1.097696
-0.080301 -0.407988 0.223735 2.245174 -0.539979 -0.133707 1.069848 -0.116159 -0.415236 -0.000572 0.144388 2.215038 -1.303693 -0.390822 0.324826 -1.098077
-0.080301 -0.407988 0.223735 2.245174 -0.539979 -0.133707 1.069848 -0.116159 -0.415236 -0.000572 0.144388 2.215038 -1.303311 -0.390822 0.324826 -1.098077
-0.080301 -0.407988 0.223735 2.245174 -0.539979 -0.133707 1.069848 -0.116159 -0.415236 -0.000572 0.144388 2.215038 -1.303311 -0.390822 0.324826 -1.097696
-0.080301 -0.407988 0.223735 2.245174 -0.539979 -0.133707 1.069848 -0.116159 -0.415236 -0.000572 0.144388 2.215038 -1.303311 -0.390822 0.324826 -1.097696
-0.080301 -0.407988 0.223735 2.245174 -0.539979 -0.133707 1.069848 -0.116159 -0.415236 -0.000572 0.144388 2.215038 -1.303693 -0.390822 0.324826 -1.098077
-0.080301 -0.407988 0.223735 2.245174 -0.539979 -0.133707 1.069848 -0.116159 -0.415236 -0.000572 0.144388 2.215038 -1.303311 -0.390822 0.324826 -1.097696
-0.080301 -0.407988 0.223735 2.245174 -0.539979 -0.133707 1.069848 -0.116159 -0.415236 -0.000572 0.144388 2.215038 -1.303311 -0.390822 0.324826 -1.098077
-0.080301 -0.407988 0.223735 2.245174 -0.539979 -0.133707 1.069848 -0.116159 -0.415236 -0.000572 0.144388 2.215038 -1.303311 -0.390822 0.324826 -1.098077
-0.080301 -0.407988 0.223735 2.245174 -0.539979 -0.133707 1.069848 -0.116159 -0.415618 -0.000572 0.144388 2.215038 -1.303693 -0.390822 0.324826 -1.098077
-0.080301 -0.407988 0.223735 2.245174 -0.539979 -0.133707 1.069848 -0.116159 -0.415236 -0.000572 0.144388 2.215038 -1.303311 -0.390822 0.324826 -1.098077
-0.080301 -0.407988 0.223735 2.245174 -0.539979 -0.133707 1.069848 -0.116159 -0.415618 -0.000572 0.144388 2.215038 -1.303311 -0.390822 0.324826 -1.098077
-0.080301 -0.407988 0.223735 2.245174 -0.539979 -0.133707 1.069848 -0.116159 -0.415236 -0.000572 0.144388 2.215038 -1.303311 -0.390822 0.324826 -1.098077
-0.080301 -0.407988 0.223735 2.245174 -0.539979 -0.133707 1.069848 -0.116159 -0.415236 -0.000572 0.144388 2.215038 -1.303311 -0.390822 0.324826 -1.098077
-0.080301 -0.407988 0.223735 2.245174 -0.539979 -0.133707 1.069848 -0.116159 -0.415236 -0.000572 0.144388 2.215038 -1.303311 -0.390822 0.324826 -1.097696
-0.080301 -0.407988 0.223735 2.245174 -0.539979 -0.133707 1.069848 -0.116159 -0.415236 -0.000572 0.144388 2.215038 -1.303693 -0.390822 0.324826 -1.098077
-0.080301 -0.407988 0.223735 2.245174 -0.539979 -0.133707 1.069848 -0.116159 -0.415236 -0.000572 0.144388 2.215038 -1.303311 -0.390822 0.324826 -1.098077
-0.080301 -0.407988 0.223735 2.245174 -0.539979 -0.133707 1.069848 -0.116159 -0.415618 -0.000572 0.144388 2.215038 -1.303693 -0.390822 0.324826 -1.097696
-0.080301 -0.407988 0.223735 2.245174 -0.539979 -0.133707 1.069848 -0.116159 -0.415236 -0.000572 0.144388 2.215038 -1.303311 -0.390822 0.324826 -1.098077
-0.080301 -0.407988 0.223735 2.245174 -0.539979 -0.133707 1.069848 -0.116159 -0.415236 -0.000572 0.144388 2.215038 -1.303693 -0.390822 0.324826 -1.097696
-0.080301 -0.407988 0.223735 2.245174 -0.539979 -0.133707 1.069848 -0.116159 -0.415618 -0.000572 0.144388 2.215038 -1.303311 -0.390822 0.324826 -1.097696
-0.080301 -0.407988 0.223735 2.245174 -0.539979 -0.133707 1.069848 -0.116159 -0.415236 -0.000572 0.144388 2.215038 -1.303311 -0.390822 0.324826 -1.098077
-0.080301 -0.407988 0.223735 2.245174 -0.539979 -0.133707 1.069848 -0.116159 -0.415236 -0.000572 0.144388 2.215038 -1.303311 -0.390822 0.324826 -1.098077
-0.080301 -0.407988 0.223735 2.245174 -0.539979 -0.133707 1.069848 -0.116159 -0.415236 -0.000572 0.144388 2.215038 -1.303311 -0.390822 0.324826 -1.098077
-0.080301 -0.407988 0.223735 2.245174 -0.539979 -0.133707 1.069848 -0.116159 -0.415236 -0.000572 0.144388 2.215038 -1.303693 -0.390822 0.324826 -1.098077
-0.080301 -0.407988 0.223735 2.245174 -0.539979 -0.133707 1.069848 -0.116159 -0.415236 -0.000572 0.144388 2.215038 -1.303693 -0.390822 0.324826 -1.098077
-0.080301 -0.407988 0.223735 2.245174 -0.539979 -0.133707 1.069848 -0.116159 -0.415236 -0.000572 0.144388 2.215038 -1.303311 -0.390822 0.324826 -1.098077
-0.080301 -0.407988 0.223735 2.245174 -0.539979 -0.133707 1.069848 -0.116159 -0.415236 -0.000572 0.144388 2.215038 -1.303311 -0.390822 0.324826 -1.098077
-0.080301 -0.407988 0.223735 2.245174 -0.539979 -0.133707 1.069848 -0.116159 -0.415236 -0.000572 0.144388 2.215038 -1.303693 -0.390822 0.324826 -1.097696
-0.080301 -0.407988 0.223735 2.245174 -0.539979 -0.133707 1.069848 -0.116159 -0.415236 -0.000572 0.144388 2.215038 -1.303311 -0.390822 0.324826 -1.098077
-0.080301 -0.407988 0.223735 2.245174 -0.539979 -0.133707 1.069848 -0.116159 -0.415236 -0.000572 0.144388 2.215038 -1.303311 -0.390822 0.324826 -1.098077
-0.080301 -0.407988 0.223735 2.245174 -0.539979 -0.133707 1.069848 -0.116159 -0.415236 -0.000572 0.144388 2.215038 -1.303311 -0.390822 0.324826 -1.098077
-0.080301 -0.407988 0.223735 2.245174 -0.539979 -0.133707 1.069848 -0.116159 -0.415236 -0.000572 0.144388 2.215038 -1.303311 -0.390822 0.324826 -1.097696
-0.080301 -0.407988 0.223735 2.245174 -0.539979 -0.133707 1.069848 -0.116159 -0.415236 -0.000572 0.144388 2.215038 -1.303311 -0.390822 0.324826 -1.097696
-0.080301 -0.407988 0.223735 2.245174 -0.539979 -0.133707 1.069848 -0.116159 -0.415236 -0.000572 0.144388 2.215038 -1.303693 -0.390822 0.324826 -1.097696
-0.080301 -0.407988 0.223735 2.245174 -0.539979 -0.133707 1.069848 -0.116159 -0.415236 -0.000572 0.144388 2.215038 -1.303693 -0.390822 0.324826 -1.098077
-0.080301 -0.407988 0.223735 2.245174 -0.539979 -0.133707 1.069848 -0.116159 -0.415236 -0.000572 0.144388 2.215038 -1.303311 -0.390822 0.324826 -1.098077
-0.080301 -0.407988 0.223735 2.245174 -0.539979 -0.133707 1.069848 -0.116159 -0.415236 -0.000572 0.144388 2.215038 -1.303311 -0.390822 0.324826 -1.097696
-0.080301 -0.407988 0.223735 2.245174 -0.539979 -0.133707 1.069848 -0.116159 -0.415236 -0.000572 0.144388 2.215038 -1.303311 -0.390822 0.324826 -1.098077
-0.080301 -0.407988 0.223735 2.245174 -0.539979 -0.133707 1.069848 -0.116159 -0.415236 -0.000572 0.144388 2.215038 -1.303311 -0.390822 0.324826 -1.098077
-0.080301 -0.407988 0.223735 2.245174 -0.539979 -0.133707 1.069848 -0.116159 -0.415618 -0.000572 0.144388 2.215038 -1.303311 -0.390822 0.324826 -1.097696
-0.080301 -0.407988 0.223735 2.245174 -0.539979 -0.133707 1.069848 -0.116159 -0.415236 -0.000572 0.144388 2.215038 -1.303311 -0.390822 0.324826 -1.098077
-0.080301 -0.407988 0.223735 2.245174 -0.539979 -0.133707 1.069848 -0.116159 -0.415236 -0.000572 0.144388 2.215038 -1.303311 -0.390822 0.324826 -1.098077
-0.080301 -0.407988 0.223735 2.245174 -0.539979 -0.133707 1.069848 -0.116159 -0.415236 -0.000572 0.144388 2.215038 -1.303311 -0.390822 0.324826 -1.098077
-0.080301 -0.407988 0.223735 2.245174 -0.539979 -0.133707 1.069848 -0.116159 -0.415236 -0.000572 0.144388 2.215038 -1.303311 -0.390822 0.324826 -1.097696
-0.080301 -0.407988 0.223735 2.245174 -0.539979 -0.133707 1.069848 -0.116159 -0.415236 -0.000572 0.144388 2.215038 -1.303311 -0.390822 0.324826 -1.097696
-0.080301 -0.407988 0.223735 2.245174 -0.539979 -0.133707 1.069848 -0.116159 -0.415236 -0.000572 0.144388 2.215038 -1.303693 -0.390822 0.324826 -1.097696
-0.080301 -0.407988 0.223735 2.245174 -0.539979 -0.133707 1.069848 -0.116159 -0.415236 -0.000572 0.144388 2.215038 -1.303311 -0.390822 0.324826 -1.098077
-0.080301 -0.407988 0.223735 2.245174 -0.539979 -0.133707 1.069848 -0.116159 -0.415236 -0.000572 0.144388 2.215038 -1.303311 -0.390822 0.324826 -1.098077
-0.080301 -0.407988 0.223735 2.245174 -0.539979 -0.133707 1.069848 -0.116159 -0.415236 -0.000572 0.144388 2.215038 -1.303311 -0.390822 0.324826 -1.098077
-0.080301 -0.407988 0.223735 2.245174 -0.539979 -0.133707 1.069848 -0.116159 -0.415236 -0.000572 0.144388 2.215038 -1.303693 -0.390822 0.324826 -1.098077
-0.080301 -0.407988 0.223735 2.245174 -0.539979 -0.133707 1.069848 -0.116159 -0.415236 -0.000572 0.144388 2.215038 -1.303311 -0.390822 0.324826 -1.098077
-0.080301 -0.407988 0.223735 2.245174 -0.539979 -0.133707 1.069848 -0.116159 -0.415236 -0.000572 0.144388 2.215038 -1.303311 -0.390822 0.324826 -1.097696
-0.080301 -0.407988 0.223735 2.245174 -0.539979 -0.133707 1.069848 -0.116159 -0.415236 -0.000572 0.144388 2.214656 -1.303311 -0.390822 0.324826 -1.098077
-0.080301 -0.407988 0.223735 2.245174 -0.539979 -0.133707 1.069848 -0.116159 -0.415236 -0.000572 0.144388 2.215038 -1.303311 -0.390822 0.324826 -1.098077
-0.080301 -0.407988 0.223735 2.245174 -0.539979 -0.133707 1.069848 -0.116159 -0.415236 -0.000572 0.144388 2.215038 -1.303693 -0.390822 0.324826 -1.097696
-0.080301 -0.407988 0.223735 2.245174 -0.539979 -0.133707 1.069848 -0.116159 -0.415236 -0.000572 0.144388 2.215038 -1.303311 -0.390822 0.324826 -1.098077
-0.080301 -0.407988 0.223735 2.245174 -0.539979 -0.133707 1.069848 -0.116159 -0.415236 -0.000572 0.144388 2.215038 -1.303311 -0.390822 0.324826 -1.098077
-0.080301 -0.407988 0.223735 2.245174 -0.539979 -0.133707 1.069848 -0.116159 -0.415236 -0.000572 0.144388 2.215038 -1.303693 -0.390822 0.324826 -1.098077
-0.080301 -0.407988 0.223735 2.245174 -0.539979 -0.133707 1.069848 -0.116159 -0.415236 -0.000572 0.144388 2.215038 -1.303311 -0.390822 0.324826 -1.098077
-0.080301 -0.407988 0.223735 2.245174 -0.539979 -0.133707 1.069848 -0.116159 -0.415236 -0.000572 0.144388 2.215038 -1.303693 -0.390822 0.324826 -1.098077
-0.080301 -0.407988 0.223735 2.245174 -0.539979 -0.133707 1.069848 -0.116159 -0.415236 -0.000572 0.144388 2.215038 -1.303693 -0.390822 0.324826 -1.098077
-0.080301 -0.407988 0.223735 2.245174 -0.539979 -0.133707 1.069848 -0.116159 -0.415236 -0.000572 0.144388 2.215038 -1.303693 -0.390822 0.324826 -1.098077
-0.080301 -0.407988 0.223735 2.245174 -0.539979 -0.133707 1.069848 -0.116159 -0.415236 -0.000572 0.144388 2.215038 -1.303693 -0.390822 0.324826 -1.098077
-0.080301 -0.407988 0.223735 2.245174 -0.539979 -0.133707 1.069848 -0.116159 -0.415236 -0.000572 0.144388 2.215038 -1.303693 -0.390822 0.324826 -1.097696
-0.080301 -0.407988 0.223735 2.245174 -0.539979 -0.133707 1.069848 -0.116159 -0.415236 -0.000572 0.144388 2.215038 -1.303693 -0.390822 0.324826 -1.098077
-0.080301 -0.407988 0.223735 2.245174 -0.539979 -0.133707 1.069848 -0.116159 -0.415236 -0.000572 0.144388 2.215038 -1.303311 -0.390822 0.324826 -1.098077
-0.080301 -0.407988 0.223735 2.245174 -0.539979 -0.133707 1.069848 -0.116159 -0.415618 -0.000572 0.144388 2.215038 -1.303311 -0.390822 0.324826 -1.098077
-0.080301 -0.407988 0.223735 2.245174 -0.539979 -0.133707 1.069848 -0.116159 -0.415236 -0.000572 0.144388 2.215038 -1.303693 -0.390822 0.324826 -1.098077
-0.080301 -0.407988 0.223735 2.245174 -0.539979 -0.133707 1.069848 -0.116159 -0.415236 -0.000572 0.144388 2.215038 -1.303311 -0.390822 0.324826 -1.098077
-0.080301 -0.407988 0.223735 2.245174 -0.539979 -0.133707 1.069848 -0.116159 -0.415236 -0.000572 0.144388 2.215038 -1.303693 -0.390822 0.324826 -1.098077
-0.080301 -0.407988 0.223735 2.245174 -0.539979 -0.133707 1.069848 -0.116159 -0.415236 -0.000572 0.144388 2.215038 -1.303693 -0.390822 0.324826 -1.098077
-0.080301 -0.407988 0.223735 2.245174 -0.539979 -0.133707 1.069848 -0.116159 -0.415236 -0.000572 0.144388 2.215038 -1.303311 -0.390822 0.324826 -1.098077
-0.080301 -0.407988 0.223735 2.245174 -0.539979 -0.133707 1.069848 -0.116159 -0.415236 -0.000572 0.144388 2.215038 -1.303693 -0.390822 0.324826 -1.098077
-0.080301 -0.407988 0.223735 2.245174 -0.539979 -0.133707 1.069848 -0.116159 -0.415236 -0.000572 0.144388 2.215038 -1.303311 -0.390822 0.324826 -1.098077
-0.080301 -0.407988 0.223735 2.245174 -0.539979 -0.133707 1.069848 -0.116159 -0.415236 -0.000572 0.144388 2.215038 -1.303311 -0.390822 0.324826 -1.097696
-0.080301 -0.407988 0.223735 2.245174 -0.539979 -0.133707 1.069848 -0.116159 -0.415236 -0.000572 0.144388 2.215038 -1.303693 -0.390822 0.324826 -1.097696
-0.080301 -0.407988 0.223735 2.245174 -0.539979 -0.133707 1.069848 -0.116159 -0.415236 -0.000572 0.144388 2.215038 -1.303311 -0.390822 0.324826 -1.098077
-0.080301 -0.407988 0.223735 2.245174 -0.539979 -0.133707 1.069848 -0.116159 -0.415618 -0.000572 0.144388 2.215038 -1.303693 -0.390822 0.324826 -1.097696
-0.080301 -0.407988 0.223735 2.245174 -0.539979 -0.133707 1.069848 -0.116159 -0.415236 -0.000572 0.144388 2.215038 -1.303311 -0.390822 0.324826 -1.098077
-0.080301 -0.407988 0.223735 2.245174 -0.539979 -0.133707 1.069848 -0.116159 -0.415236 -0.000572 0.144388 2.215038 -1.303311 -0.390822 0.324826 -1.098077
-0.080301 -0.407988 0.223735 2.245174 -0.539979 -0.133707 1.069848 -0.116159 -0.415236 -0.000572 0.144388 2.215038 -1.303311 -0.390822 0.324826 -1.098077
-0.080301 -0.407988 0.223735 2.245174 -0.539979 -0.133707 1.069848 -0.116159 -0.415618 -0.000572 0.144388 2.215038 -1.303693 -0.390822 0.324826 -1.098077
-0.080301 -0.407988 0.223735 2.245174 -0.539979 -0.133707 1.069848 -0.116159 -0.415236 -0.000572 0.144388 2.215038 -1.303311 -0.390822 0.324826 -1.098077
-0.080301 -0.407988 0.223735 2.245174 -0.539979 -0.133707 1.069848 -0.116159 -0.415236 -0.000572 0.144388 2.215038 -1.303311 -0.390822 0.324826 -1.098077
-0.080301 -0.407988 0.223735 2.245174 -0.539979 -0.133707 1.069848 -0.116159 -0.415236 -0.000572 0.144388 2.215038 -1.303311 -0.390822 0.324826 -1.098077
-0.080301 -0.407988 0.223735 2.245174 -0.539979 -0.133707 1.069848 -0.116159 -0.415618 -0.000572 0.144388 2.215038 -1.303311 -0.390822 0.324826 -1.098077
-0.080301 -0.407988 0.223735 2.245174 -0.539979 -0.133707 1.069848 -0.116159 -0.415236 -0.000572 0.144388 2.215038 -1.303311 -0.390822 0.324826 -1.098077
-0.080301 -0.407988 0.223735 2.245174 -0.539979 -0.133707 1.069848 -0.116159 -0.415236 -0.000572 0.144388 2.215038 -1.303311 -0.390822 0.324826 -1.098077
-0.080301 -0.407988 0.223735 2.245174 -0.539979 -0.133707 1.069848 -0.116159 -0.415236 -0.000572 0.144388 2.215038 -1.303311 -0.390822 0.324826 -1.098077
-0.080301 -0.407988 0.223735 2.245174 -0.539979 -0.133707 1.069848 -0.116159 -0.415236 -0.000572 0.144388 2.215038 -1.303693 -0.390822 0.324826 -1.098077
-0.080301 -0.407988 0.223735 2.245174 -0.539979 -0.133707 1.069848 -0.116159 -0.415236 -0.000572 0.144388 2.215038 -1.303311 -0.390822 0.324826 -1.098077
-0.080301 -0.407988 0.223735 2.245174 -0.539979 -0.133707 1.069848 -0.116159 -0.415236 -0.000572 0.144388 2.215038 -1.303693 -0.390822 0.324826 -1.097696
-0.080301 -0.407988 0.223735 2.245174 -0.539979 -0.133707 1.069848 -0.116159 -0.415236 -0.000572 0.144388 2.215038 -1.303693 -0.390822 0.324826 -1.098077
-0.080301 -0.407988 0.223735 2.245174 -0.539979 -0.133707 1.069848 -0.116159 -0.415236 -0.000572 0.144388 2.215038 -1.303311 -0.390822 0.324826 -1.098077
-0.080301 -0.407988 0.223735 2.245174 -0.539979 -0.133707 1.069848 -0.116159 -0.415236 -0.000572 0.144388 2.215038 -1.303693 -0.390822 0.324826 -1.097696
-0.080301 -0.407988 0.223735 2.245174 -0.539979 -0.133707 1.069848 -0.116159 -0.415236 -0.000572 0.144388 2.215038 -1.303311 -0.390822 0.324826 -1.098077
-0.080301 -0.407988 0.223735 2.245174 -0.539979 -0.133707 1.069848 -0.116159 -0.415236 -0.000572 0.144388 2.215038 -1.303693 -0.390822 0.324826 -1.098077
-0.080301 -0.407988 0.223735 2.245174 -0.539979 -0.133707 1.069848 -0.116159 -0.415236 -0.000572 0.144388 2.215038 -1.303693 -0.390822 0.324826 -1.098077
-0.080301 -0.407988 0.223735 2.245174 -0.539979 -0.133707 1.069848 -0.116159 -0.415236 -0.000572 0.144388 2.215038 -1.303311 -0.390822 0.324826 -1.098077
-0.080301 -0.407988 0.223735 2.245174 -0.539979 -0.133707 1.069848 -0.116159 -0.415618 -0.000572 0.144388 2.215038 -1.303311 -0.390822 0.324826 -1.098077
-0.080301 -0.407988 0.223735 2.245174 -0.539979 -0.133707 1.069848 -0.116159 -0.415236 -0.000572 0.144388 2.215038 -1.303311 -0.390822 0.324826 -1.098077
-0.080301 -0.407988 0.223735 2.245174 -0.539979 -0.133707 1.069848 -0.116159 -0.415236 -0.000572 0.144388 2.215038 -1.303311 -0.390822 0.324826 -1.097696
-0.080301 -0.407988 0.223735 2.245174 -0.539979 -0.133707 1.069848 -0.116159 -0.415236 -0.000572 0.144388 2.214656 -1.303693 -0.390822 0.324826 -1.097696
-0.080301 -0.407988 0.223735 2.245174 -0.539979 -0.133707 1.069848 -0.116159 -0.415618 -0.000572 0.144388 2.215038 -1.303693 -0.390822 0.324826 -1.098077
-0.080301 -0.407988 0.223735 2.245174 -0.539979 -0.133707 1.069848 -0.116159 -0.415236 -0.000572 0.144388 2.215038 -1.303311 -0.390822 0.324826 -1.098077
-0.080301 -0.407988 0.223735 2.245174 -0.539979 -0.133707 1.069848 -0.116159 -0.415236 -0.000572 0.144388 2.215038 -1.303311 -0.390822 0.324826 -1.098077
-0.080301 -0.407988 0.223735 2.245174 -0.539979 -0.133707 1.069848 -0.116159 -0.415236 -0.000572 0.144388 2.215038 -1.303693 -0.390822 0.324826 -1.097696
-0.080301 -0.407988 0.223735 2.245174 -0.539979 -0.133707 1.069848 -0.116159 -0.415236 -0.000572 0.144388 2.215038 -1.303311 -0.390822 0.324826 -1.098077
-0.080301 -0.407988 0.223735 2.245174 -0.539979 -0.133707 1.069848 -0.116159 -0.415236 -0.000572 0.144388 2.215038 -1.303311 -0.390822 0.324826 -1.098077
-0.080301 -0.407988 0.223735 2.245174 -0.539979 -0.133707 1.069848 -0.116159 -0.415236 -0.000572 0.144388 2.215038 -1.303693 -0.390822 0.324826 -1.098077
-0.080301 -0.407988 0.223735 2.245174 -0.539979 -0.133707 1.069848 -0.116159 -0.415618 -0.000572 0.144388 2.215038 -1.303311 -0.390822 0.324826 -1.098077
-0.080301 -0.407988 0.223735 2.245174 -0.539979 -0.133707 1.069848 -0.116159 -0.415236 -0.000572 0.144388 2.215038 -1.303311 -0.390822 0.324826 -1.098077
-0.080301 -0.407988 0.223735 2.245174 -0.539979 -0.133707 1.069848 -0.116159 -0.415618 -0.000572 0.144388 2.215038 -1.303311 -0.390822 0.324826 -1.097696
-0.080301 -0.407988 0.223735 2.245174 -0.539979 -0.133707 1.069848 -0.116159 -0.415236 -0.000572 0.144388 2.215038 -1.303693 -0.390822 0.324826 -1.098077
-0.080301 -0.407988 0.223735 2.245174 -0.539979 -0.133707 1.069848 -0.116159 -0.415236 -0.000572 0.144388 2.215038 -1.303693 -0.390822 0.324826 -1.098077
-0.080301 -0.407988 0.223735 2.245174 -0.539979 -0.133707 1.069848 -0.116159 -0.415236 -0.000572 0.144388 2.215038 -1.303311 -0.390822 0.324826 -1.097696
-0.080301 -0.407988 0.223735 2.245174 -0.539979 -0.133707 1.069848 -0.116159 -0.415236 -0.000572 0.144388 2.215038 -1.303693 -0.390822 0.324826 -1.098077
-0.080301 -0.407988 0.223735 2.245174 -0.539979 -0.133707 1.069848 -0.116159 -0.415236 -0.000572 0.144388 2.215038 -1.303311 -0.390822 0.324826 -1.098077
-0.080301 -0.407988 0.223735 2.245174 -0.539979 -0.133707 1.069848 -0.116159 -0.415236 -0.000572 0.144388 2.215038 -1.303311 -0.390822 0.324826 -1.098077
-0.080301 -0.407988 0.223735 2.245174 -0.539979 -0.133707 1.069848 -0.116159 -0.415236 -0.000572 0.144388 2.214656 -1.303693 -0.390822 0.324826 -1.098077
-0.080301 -0.407988 0.223735 2.245174 -0.539979 -0.133707 1.069848 -0.116159 -0.415236 -0.000572 0.144388 2.215038 -1.303311 -0.390822 0.324826 -1.098077
-0.080301 -0.407988 0.223735 2.245174 -0.539979 -0.133707 1.069848 -0.116159 -0.415236 -0.000572 0.144388 2.215038 -1.303311 -0.390822 0.324826 -1.098077
-0.080301 -0.407988 0.223735 2.245174 -0.539979 -0.133707 1.069848 -0.116159 -0.415236 -0.000572 0.144388 2.215038 -1.303311 -0.390822 0.324826 -1.098077
-0.080301 -0.407988 0.223735 2.245174 -0.539979 -0.133707 1.069848 -0.116159 -0.415236 -0.000572 0.144388 2.215038 -1.303311 -0.390822 0.324826 -1.097696
-0.080301 -0.407988 0.223735 2.245174 -0.539979 -0.133707 1.069848 -0.116159 -0.415236 -0.000572 0.144388 2.215038 -1.303311 -0.390822 0.324826 -1.098077
-0.080301 -0.407988 0.223735 2.245174 -0.539979 -0.133707 1.069848 -0.116159 -0.415236 -0.000572 0.144388 2.215038 -1.303693 -0.390822 0.324826 -1.097696
-0.080301 -0.407988 0.223735 2.245174 -0.539979 -0.133707 1.069848 -0.116159 -0.415236 -0.000572 0.144388 2.215038 -1.303311 -0.390822 0.324826 -1.097696
-0.080301 -0.407988 0.223735 2.245174 -0.539979 -0.133707 1.069848 -0.116159 -0.415236 -0.000572 0.144388 2.215038 -1.303693 -0.390822 0.324826 -1.097696
-0.080301 -0.407988 0.223735 2.245174 -0.539979 -0.133707 1.069848 -0.116159 -0.415618 -0.000572 0.144388 2.215038 -1.303311 -0.390822 0.324826 -1.098077
-0.080301 -0.407988 0.223735 2.245174 -0.539979 -0.133707 1.069848 -0.116159 -0.415618 -0.000572 0.144388 2.215038 -1.303311 -0.390822 0.324826 -1.097696
-0.080301 -0.407988 0.223735 2.245174 -0.539979 -0.133707 1.069848 -0.116159 -0.415618 -0.000572 0.144388 2.215038 -1.303311 -0.390822 0.324826 -1.098077
-0.080301 -0.407988 0.223735 2.245174 -0.539979 -0.133707 1.069848 -0.116159 -0.415236 -0.000572 0.144388 2.215038 -1.303311 -0.390822 0.324826 -1.098077
-0.080301 -0.407988 0.223735 2.245174 -0.539979 -0.133707 1.069848 -0.116159 -0.415236 -0.000572 0.144388 2.215038 -1.303311 -0.390822 0.324826 -1.098077
-0.080301 -0.407988 0.223735 2.245174 -0.539979 -0.133707 1.069848 -0.116159 -0.415618 -0.000572 0.144388 2.215038 -1.303693 -0.390822 0.324826 -1.098077
-0.080301 -0.407988 0.223735 2.245174 -0.539979 -0.133707 1.069848 -0.116159 -0.415618 -0.000572 0.144388 2.215038 -1.303693 -0.390822 0.324826 -1.097696
-0.080301 -0.407988 0.223735 2.245174 -0.539979 -0.133707 1.069848 -0.116159 -0.415618 -0.000572 0.144388 2.215038 -1.303311 -0.390822 0.324826 -1.098077
-0.080301 -0.407988 0.223735 2.245174 -0.539979 -0.133707 1.069848 -0.116159 -0.415236 -0.000572 0.144388 2.215038 -1.303311 -0.390822 0.324826 -1.097696
-0.080301 -0.407988 0.223735 2.245174 -0.539979 -0.133707 1.069848 -0.116159 -0.415236 -0.000572 0.144388 2.215038 -1.303311 -0.390822 0.324826 -1.098077
-0.080301 -0.407988 0.223735 2.245174 -0.539979 -0.133707 1.069848 -0.116159 -0.415236 -0.000572 0.144388 2.215038 -1.303311 -0.390822 0.324826 -1.098077
-0.080301 -0.407988 0.223735 2.245174 -0.539979 -0.133707 1.069848 -0.116159 -0.415236 -0.000572 0.144388 2.215038 -1.303311 -0.390822 0.324826 -1.098077
-0.080301 -0.407988 0.223735 2.245174 -0.539979 -0.133707 1.069848 -0.116159 -0.415236 -0.000572 0.144388 2.215038 -1.303311 -0.390822 0.324826 -1.098077
-0.080301 -0.407988 0.223735 2.245174 -0.539979 -0.133707 1.069848 -0.116159 -0.415236 -0.000572 0.144388 2.215038 -1.303311 -0.390822 0.324826 -1.098077
-0.080301 -0.407988 0.223735 2.245174 -0.539979 -0.133707 1.069848 -0.116159 -0.415618 -0.000572 0.144388 2.215038 -1.303311 -0.390822 0.324826 -1.097696
-0.080301 -0.407988 0.223735 2.245174 -0.539979 -0.133707 1.069848 -0.116159 -0.415236 -0.000572 0.144388 2.215038 -1.303693 -0.390822 0.324826 -1.098077
-0.080301 -0.407988 0.223735 2.245174 -0.539979 -0.133707 1.069848 -0.116159 -0.415236 -0.000572 0.144388 2.215038 -1.303311 -0.390822 0.324826 -1.098077
-0.080301 -0.407988 0.223735 2.245174 -0.539979 -0.133707 1.069848 -0.116159 -0.415236 -0.000572 0.144388 2.215038 -1.303693 -0.390822 0.324826 -1.098077
-0.080301 -0.407988 0.223735 2.245174 -0.539979 -0.133707 1.069848 -0.116159 -0.415236 -0.000572 0.144388 2.215038 -1.303693 -0.390822 0.324826 -1.098077
-0.080301 -0.407988 0.223735 2.245174 -0.539979 -0.133707 1.069848 -0.116159 -0.415618 -0.000572 0.144388 2.215038 -1.303311 -0.390822 0.324826 -1.098077
-0.080301 -0.407988 0.223735 2.245174 -0.539979 -0.133707 1.069848 -0.116159 -0.415236 -0.000572 0.144388 2.215038 -1.303693 -0.390822 0.324826 -1.098077
-0.080301 -0.407988 0.223735 2.245174 -0.539979 -0.133707 1.069848 -0.116159 -0.415236 -0.000572 0.144388 2.214656 -1.303311 -0.390822 0.324826 -1.098077
-0.080301 -0.407988 0.223735 2.245174 -0.539979 -0.133707 1.069848 -0.116159 -0.415236 -0.000572 0.144388 2.215038 -1.303311 -0.390822 0.324826 -1.098077
-0.080301 -0.407988 0.223735 2.245174 -0.539979 -0.133707 1.069848 -0.116159 -0.415236 -0.000572 0.144388 2.215038 -1.303311 -0.390822 0.324826 -1.097696
-0.080301 -0.407988 0.223735 2.245174 -0.539979 -0.133707 1.069848 -0.116159 -0.415236 -0.000572 0.144388 2.215038 -1.303311 -0.390822 0.324826 -1.097696
-0.080301 -0.407988 0.223735 2.245174 -0.539979 -0.133707 1.069848 -0.116159 -0.415236 -0.000572 0.144388 2.215038 -1.303311 -0.390822 0.324826 -1.097696
-0.080301 -0.407988 0.223735 2.245174 -0.539979 -0.133707 1.069848 -0.116159 -0.415236 -0.000572 0.144388 2.215038 -1.303311 -0.390822 0.324826 -1.098077
-0.080301 -0.407988 0.223735 2.245174 -0.539979 -0.133707 1.069848 -0.116159 -0.415236 -0.000572 0.144388 2.215038 -1.303693 -0.390822 0.324826 -1.098077
-0.080301 -0.407988 0.223735 2.245174 -0.539979 -0.133707 1.069848 -0.116159 -0.415236 -0.000572 0.144388 2.215038 -1.303311 -0.390822 0.324826 -1.098077
-0.080301 -0.407988 0.223735 2.245174 -0.539979 -0.133707 1.069848 -0.116159 -0.415618 -0.000572 0.144388 2.215038 -1.303311 -0.390822 0.324826 -1.097696
-0.080301 -0.407988 0.223735 2.245174 -0.539979 -0.133707 1.069848 -0.116159 -0.415236 -0.000572 0.144388 2.215038 -1.303311 -0.390822 0.324826 -1.098077
-0.080301 -0.407988 0.223735 2.245174 -0.539979 -0.133707 1.069848 -0.116159 -0.415236 -0.000572 0.144388 2.215038 -1.303311 -0.390822 0.324826 -1.097696
-0.080301 -0.407988 0.223735 2.245174 -0.539979 -0.133707 1.069848 -0.116159 -0.415236 -0.000572 0.144388 2.215038 -1.303693 -0.390822 0.324826 -1.097696
-0.080301 -0.407988 0.223735 2.245174 -0.539979 -0.133707 1.069848 -0.116159 -0.415236 -0.000572 0.144388 2.215038 -1.303311 -0.390822 0.324826 -1.098077
-0.080301 -0.407988 0.223735 2.245174 -0.539979 -0.133707 1.069848 -0.116159 -0.415236 -0.000572 0.144388 2.215038 -1.303311 -0.390822 0.324826 -1.097696
-0.080301 -0.407988 0.223735 2.245174 -0.539979 -0.133707 1.069848 -0.116159 -0.415618 -0.000572 0.144388 2.215038 -1.303693 -0.390822 0.324826 -1.098077
-0.080301 -0.407988 0.223735 2.245174 -0.539979 -0.133707 1.069848 -0.116159 -0.415236 -0.000572 0.144388 2.215038 -1.303693 -0.390822 0.324826 -1.098077
-0.080301 -0.407988 0.223735 2.245174 -0.539979 -0.133707 1.069848 -0.116159 -0.415236 -0.000572 0.144388 2.215038 -1.303311 -0.390822 0.324826 -1.097696
-0.080301 -0.407988 0.223735 2.245174 -0.539979 -0.133707 1.069848 -0.116159 -0.415236 -0.000572 0.144388 2.215038 -1.303311 -0.390822 0.324826 -1.097696
-0.080301 -0.407988 0.223735 2.245174 -0.539979 -0.133707 1.069848 -0.116159 -0.415236 -0.000572 0.144388 2.215038 -1.303311 -0.390822 0.324826 -1.097696
-0.080301 -0.407988 0.223735 2.245174 -0.539979 -0.133707 1.069848 -0.116159 -0.415236 -0.000572 0.144388 2.215038 -1.303311 -0.390822 0.324826 -1.098077
-0.080301 -0.407988 0.223735 2.245174 -0.539979 -0.133707 1.069848 -0.116159 -0.415236 -0.000572 0.144388 2.215038 -1.303693 -0.390822 0.324826 -1.098077
-0.080301 -0.407988 0.223735 2.245174 -0.539979 -0.133707 1.069848 -0.116159 -0.415236 -0.000572 0.144388 2.215038 -1.303693 -0.390822 0.324826 -1.097696
-0.080301 -0.407988 0.223735 2.245174 -0.539979 -0.133707 1.069848 -0.116159 -0.415236 -0.000572 0.144388 2.215038 -1.303311 -0.390822 0.324826 -1.098077
-0.080301 -0.407988 0.223735 2.245174 -0.539979 -0.133707 1.069848 -0.116159 -0.415236 -0.000572 0.144388 2.215038 -1.303693 -0.390822 0.324826 -1.098077
-0.080301 -0.407988 0.223735 2.245174 -0.539979 -0.133707 1.069848 -0.116159 -0.415236 -0.000572 0.144388 2.215038 -1.303693 -0.390822 0.324826 -1.098077
-0.080301 -0.407988 0.223735 2.245174 -0.539979 -0.133707 1.069848 -0.116159 -0.415236 -0.000572 0.144388 2.215038 -1.303693 -0.391203 0.324826 -1.097696
-0.080301 -0.407988 0.223735 2.245174 -0.539979 -0.133707 1.069848 -0.116159 -0.415236 -0.000572 0.144388 2.215038 -1.303693 -0.390822 0.324826 -1.098077
-0.080301 -0.407988 0.223735 2.245174 -0.539979 -0.133707 1.069848 -0.116159 -0.415236 -0.000572 0.144388 2.215038 -1.303693 -0.390822 0.324826 -1.098077
-0.080301 -0.407988 0.223735 2.245174 -0.539979 -0.133707 1.069848 -0.116159 -0.415236 -0.000572 0.144388 2.215038 -1.303311 -0.390822 0.324826 -1.098077
-0.080301 -0.407988 0.223735 2.245174 -0.539979 -0.133707 1.069848 -0.116159 -0.415236 -0.000572 0.144388 2.215038 -1.303311 -0.390822 0.324826 -1.098077
-0.080301 -0.407988 0.223735 2.245174 -0.539979 -0.133707 1.069848 -0.116159 -0.415236 -0.000572 0.144388 2.215038 -1.303311 -0.390822 0.324826 -1.097696
-0.080301 -0.407988 0.223735 2.245174 -0.539979 -0.133707 1.069848 -0.116159 -0.415236 -0.000572 0.144388 2.215038 -1.303311 -0.390822 0.324826 -1.098077
-0.080301 -0.407988 0.223735 2.245174 -0.539979 -0.133707 1.069848 -0.116159 -0.415236 -0.000572 0.144388 2.215038 -1.303311 -0.390822 0.324826 -1.098077
-0.080301 -0.407988 0.223735 2.245174 -0.539979 -0.133707 1.069848 -0.116159 -0.415236 -0.000572 0.144388 2.215038 -1.303693 -0.390822 0.324826 -1.098077
-0.080301 -0.407988 0.223735 2.245174 -0.539979 -0.133707 1.069848 -0.116159 -0.415236 -0.000572 0.144388 2.215038 -1.303311 -0.390822 0.324826 -1.098077
-0.080301 -0.407988 0.223735 2.245174 -0.539979 -0.133707 1.069848 -0.116159 -0.415618 -0.000572 0.144388 2.214656 -1.303693 -0.390822 0.324826 -1.098077
-0.080301 -0.407988 0.223735 2.245174 -0.539979 -0.133707 1.069848 -0.116159 -0.415236 -0.000572 0.144388 2.215038 -1.303693 -0.390822 0.324826 -1.097696
-0.080301 -0.407988 0.223735 2.245174 -0.539979 -0.133707 1.069848 -0.116159 -0.415236 -0.000572 0.144388 2.215038 -1.303693 -0.390822 0.324826 -1.098077
-0.080301 -0.407988 0.223735 2.245174 -0.539979 -0.133707 1.069848 -0.116159 -0.415618 -0.000572 0.144388 2.215038 -1.303311 -0.390822 0.324826 -1.098077
-0.080301 -0.407988 0.223735 2.245174 -0.539979 -0.133707 1.069848 -0.116159 -0.415236 -0.000572 0.144388 2.215038 -1.303693 -0.390822 0.324826 -1.098077
-0.080301 -0.407988 0.223735 2.245174 -0.539979 -0.133707 1.069848 -0.116159 -0.415236 -0.000572 0.144388 2.215038 -1.303311 -0.390822 0.324826 -1.098077
-0.080301 -0.407988 0.223735 2.245174 -0.539979 -0.133707 1.069848 -0.116159 -0.415618 -0.000572 0.144388 2.215038 -1.303693 -0.390822 0.324826 -1.098077
-0.080301 -0.407988 0.223735 2.245174 -0.539979 -0.133707 1.069848 -0.116159 -0.415236 -0.000572 0.144388 2.215038 -1.303311 -0.390822 0.324826 -1.098077
-0.080301 -0.407988 0.223735 2.245174 -0.539979 -0.133707 1.069848 -0.116159 -0.415236 -0.000572 0.144388 2.215038 -1.303311 -0.390822 0.324826 -1.097696
-0.080301 -0.407988 0.223735 2.245174 -0.539979 -0.133707 1.069848 -0.116159 -0.415236 -0.000572 0.144388 2.215038 -1.303311 -0.390822 0.324826 -1.097696
-0.080301 -0.407988 0.223735 2.245174 -0.539979 -0.133707 1.069848 -0.116159 -0.415236 -0.000572 0.144388 2.215038 -1.303311 -0.390822 0.324826 -1.097696
-0.080301 -0.407988 0.223735 2.245174 -0.539979 -0.133707 1.069848 -0.116159 -0.415236 -0.000572 0.144388 2.215038 -1.303311 -0.390822 0.324826 -1.098077
-0.080301 -0.407988 0.223735 2.245174 -0.539979 -0.133707 1.069848 -0.116159 -0.415236 -0.000572 0.144388 2.215038 -1.303311 -0.390822 0.324826 -1.097696
-0.080301 -0.407988 0.223735 2.245174 -0.539979 -0.133707 1.069848 -0.116159 -0.415236 -0.000572 0.144388 2.215038 -1.303693 -0.390822 0.324826 -1.098077
-0.080301 -0.407988 0.223735 2.245174 -0.539979 -0.133707 1.069848 -0.116159 -0.415236 -0.000572 0.144388 2.215038 -1.303311 -0.390822 0.324826 -1.097696
-0.080301 -0.407988 0.223735 2.245174 -0.539979 -0.133707 1.069848 -0.116159 -0.415236 -0.000572 0.144388 2.215038 -1.303693 -0.390822 0.324826 -1.098077
-0.080301 -0.407988 0.223735 2.245174 -0.539979 -0.133707 1.069848 -0.116159 -0.415618 -0.000572 0.144388 2.215038 -1.303693 -0.390822 0.324826 -1.098077
-0.080301 -0.407988 0.223735 2.245174 -0.539979 -0.133707 1.069848 -0.116159 -0.415236 -0.000572 0.144388 2.215038 -1.303693 -0.390822 0.324826 -1.098077
-0.080301 -0.407988 0.223735 2.245174 -0.539979 -0.133707 1.069848 -0.116159 -0.415236 -0.000572 0.144388 2.215038 -1.303693 -0.390822 0.324826 -1.098077
-0.080301 -0.407988 0.223735 2.245174 -0.539979 -0.133707 1.069848 -0.116159 -0.415236 -0.000572 0.144388 2.215038 -1.303311 -0.390822 0.324826 -1.097696
-0.080301 -0.407988 0.223735 2.245174 -0.539979 -0.133707 1.069848 -0.116159 -0.415236 -0.000572 0.144388 2.215038 -1.303693 -0.390822 0.324826 -1.098077
-0.080301 -0.407988 0.223735 2.245174 -0.539979 -0.133707 1.069848 -0.116159 -0.415236 -0.000572 0.144388 2.215038 -1.303693 -0.390822 0.324826 -1.098077
-0.080301 -0.407988 0.223735 2.245174 -0.539979 -0.133707 1.069848 -0.116159 -0.415618 -0.000572 0.144388 2.215038 -1.303311 -0.390822 0.324826 -1.098077
-0.080301 -0.407988 0.223735 2.245174 -0.539979 -0.133707 1.069848 -0.116159 -0.415236 -0.000572 0.144388 2.215038 -1.303693 -0.390822 0.324826 -1.098077
-0.080301 -0.407988 0.223735 2.245174 -0.539979 -0.133707 1.069848 -0.116159 -0.415236 -0.000572 0.144388 2.215038 -1.303311 -0.390822 0.324826 -1.098077
-0.080301 -0.407988 0.223735 2.245174 -0.539979 -0.133707 1.069848 -0.116159 -0.415236 -0.000572 0.144388 2.215038 -1.303311 -0.390822 0.324826 -1.098077
-0.080301 -0.407988 0.223735 2.245174 -0.539979 -0.133707 1.069848 -0.116159 -0.415236 -0.000572 0.144388 2.214656 -1.303311 -0.390822 0.324826 -1.098077
-0.080301 -0.407988 0.223735 2.245174 -0.539979 -0.133707 1.069848 -0.116159 -0.415236 -0.000572 0.144388 2.215038 -1.303311 -0.390822 0.324826 -1.097696
-0.080301 -0.407988 0.223735 2.245174 -0.539979 -0.133707 1.069848 -0.116159 -0.415236 -0.000572 0.144388 2.215038 -1.303311 -0.390822 0.324826 -1.098077
-0.080301 -0.407988 0.223735 2.245174 -0.539979 -0.133707 1.069848 -0.116159 -0.415236 -0.000572 0.144388 2.215038 -1.303311 -0.390822 0.324826 -1.097696
-0.080301 -0.407988 0.223735 2.245174 -0.539979 -0.133707 1.069848 -0.116159 -0.415236 -0.000572 0.144388 2.215038 -1.303693 -0.390822 0.324826 -1.097696
-0.080301 -0.407988 0.223735 2.245174 -0.539979 -0.133707 1.069848 -0.116159 -0.415236 -0.000572 0.144388 2.215038 -1.303693 -0.390822 0.324826 -1.098077
-0.080301 -0.407988 0.223735 2.245174 -0.539979 -0.133707 1.069848 -0.116159 -0.415236 -0.000572 0.144388 2.215038 -1.303311 -0.390822 0.324826 -1.098077
-0.080301 -0.407988 0.223735 2.245174 -0.539979 -0.133707 1.069848 -0.116159 -0.415236 -0.000572 0.144388 2.215038 -1.303693 -0.390822 0.324826 -1.098077
-0.080301 -0.407988 0.223735 2.245174 -0.539979 -0.133707 1.069848 -0.116159 -0.415618 -0.000572 0.144388 2.215038 -1.303311 -0.390822 0.324826 -1.098077
-0.080301 -0.407988 0.223735 2.245174 -0.539979 -0.133707 1.069848 -0.116159 -0.415236 -0.000572 0.144388 2.215038 -1.303311 -0.390822 0.324826 -1.098077
-0.080301 -0.407988 0.223735 2.245174 -0.539979 -0.133707 1.069848 -0.116159 -0.415236 -0.000572 0.144388 2.215038 -1.303693 -0.390822 0.324826 -1.098077
-0.080301 -0.407988 0.223735 2.245174 -0.539979 -0.133707 1.069848 -0.116159 -0.415236 -0.000572 0.144388 2.215038 -1.303311 -0.390822 0.324826 -1.098077
-0.080301 -0.407988 0.223735 2.245174 -0.539979 -0.133707 1.069848 -0.116159 -0.415236 -0.000572 0.144388 2.215038 -1.303311 -0.390822 0.324826 -1.098077
-0.080301 -0.407988 0.223735 2.245174 -0.539979 -0.133707 1.069848 -0.116159 -0.415236 -0.000572 0.144388 2.215038 -1.303311 -0.390822 0.324826 -1.098077
-0.080301 -0.407988 0.223735 2.245174 -0.539979 -0.133707 1.069848 -0.116159 -0.415618 -0.000572 0.144388 2.215038 -1.303311 -0.390822 0.324826 -1.098077
-0.080301 -0.407988 0.223735 2.245174 -0.539979 -0.133707 1.069848 -0.116159 -0.415236 -0.000572 0.144388 2.215038 -1.303311 -0.390822 0.324826 -1.097696
-0.080301 -0.407988 0.223735 2.245174 -0.539979 -0.133707 1.069848 -0.116159 -0.415236 -0.000572 0.144388 2.215038 -1.303693 -0.390822 0.324826 -1.098077
-0.080301 -0.407988 0.223735 2.245174 -0.539979 -0.133707 1.069848 -0.116159 -0.415236 -0.000572 0.144388 2.215038 -1.303311 -0.390822 0.324826 -1.098077
-0.080301 -0.408370 0.223735 2.245174 -0.539979 -0.133707 1.069848 -0.116159 -0.415236 -0.000572 0.144388 2.215038 -1.303311 -0.390822 0.324826 -1.098077
-0.080301 -0.407988 0.223735 2.245174 -0.539979 -0.133707 1.069848 -0.116159 -0.415236 -0.000572 0.144388 2.215038 -1.303311 -0.390822 0.324826 -1.097696
-0.080301 -0.407988 0.223735 2.245174 -0.539979 -0.133707 1.069848 -0.116159 -0.415236 -0.000572 0.144388 2.215038 -1.303311 -0.390822 0.324826 -1.098077
-0.080301 -0.407988 0.223735 2.245174 -0.539979 -0.133707 1.069848 -0.116159 -0.415236 -0.000572 0.144388 2.215038 -1.303311 -0.390822 0.324826 -1.098077
-0.080301 -0.407988 0.223735 2.245174 -0.539979 -0.133707 1.069848 -0.116159 -0.415236 -0.000572 0.144388 2.215038 -1.303693 -0.390822 0.324826 -1.098077
-0.080301 -0.407988 0.223735 2.245174 -0.539979 -0.133707 1.069848 -0.116159 -0.415618 -0.000572 0.144388 2.215038 -1.303311 -0.390822 0.324826 -1.097696
-0.080301 -0.407988 0.223735 2.245174 -0.539979 -0.133707 1.069848 -0.116159 -0.415618 -0.000572 0.144388 2.215038 -1.303311 -0.390822 0.324826 -1.098077
-0.080301 -0.407988 0.223735 2.245174 -0.539979 -0.133707 1.069848 -0.116159 -0.415236 -0.000572 0.144388 2.215038 -1.303311 -0.390822 0.324826 -1.098077
-0.080301 -0.407988 0.223735 2.245174 -0.539979 -0.133707 1.069848 -0.116159 -0.415236 -0.000572 0.144388 2.215038 -1.303311 -0.390822 0.324826 -1.097696
-0.080301 -0.407988 0.223735 2.245174 -0.539979 -0.133707 1.069848 -0.116159 -0.415236 -0.000572 0.144388 2.215038 -1.303693 -0.390822 0.324826 -1.098077
-0.080301 -0.407988 0.223735 2.245174 -0.539979 -0.133707 1.069848 -0.116159 -0.415618 -0.000572 0.144388 2.215038 -1.303311 -0.390822 0.324826 -1.098077
-0.080301 -0.407988 0.223735 2.245174 -0.539979 -0.133707 1.069848 -0.116159 -0.415236 -0.000572 0.144388 2.215038 -1.303311 -0.390822 0.324826 -1.097696
-0.080301 -0.407988 0.223735 2.245174 -0.539979 -0.133707 1.069848 -0.116159 -0.415618 -0.000572 0.144388 2.215038 -1.303311 -0.390822 0.324826 -1.098077
-0.080301 -0.407988 0.223735 2.245174 -0.539979 -0.133707 1.069848 -0.116159 -0.415236 -0.000572 0.144388 2.215038 -1.303311 -0.390822 0.324826 -1.098077
-0.080301 -0.407988 0.223735 2.245174 -0.539979 -0.133707 1.069848 -0.116159 -0.415236 -0.000572 0.144388 2.215038 -1.303311 -0.390822 0.324826 -1.097696
-0.080301 -0.407988 0.223735 2.245174 -0.539979 -0.133707 1.069848 -0.116159 -0.415236 -0.000572 0.144388 2.215038 -1.303693 -0.390822 0.324826 -1.097696
-0.080301 -0.407988 0.223735 2.245174 -0.539979 -0.133707 1.069848 -0.116159 -0.415236 -0.000572 0.144388 2.215038 -1.303693 -0.390822 0.324826 -1.097696
-0.080301 -0.407988 0.223735 2.245174 -0.539979 -0.133707 1.069848 -0.116159 -0.415236 -0.000572 0.144388 2.215038 -1.303693 -0.390822 0.324826 -1.098077
-0.080301 -0.407988 0.223735 2.245174 -0.539979 -0.133707 1.069848 -0.116159 -0.415236 -0.000572 0.144388 2.215038 -1.303311 -0.390822 0.324826 -1.098077
-0.080301 -0.407988 0.223735 2.245174 -0.539979 -0.133707 1.069848 -0.116159 -0.415618 -0.000572 0.144388 2.215038 -1.303311 -0.390822 0.324826 -1.098077
-0.080301 -0.407988 0.223735 2.245174 -0.539979 -0.133707 1.069848 -0.116159 -0.415236 -0.000572 0.144388 2.214656 -1.303311 -0.390822 0.324826 -1.098077
-0.080301 -0.407988 0.223735 2.245174 -0.539979 -0.133707 1.069848 -0.116159 -0.415236 -0.000572 0.144388 2.215038 -1.303311 -0.390822 0.324826 -1.097696
-0.080301 -0.407988 0.223735 2.245174 -0.539979 -0.133707 1.069848 -0.116159 -0.415236 -0.000572 0.144388 2.215038 -1.303311 -0.390822 0.324826 -1.098077
-0.080301 -0.407988 0.223735 2.245174 -0.539979 -0.133707 1.069848 -0.116159 -0.415236 -0.000572 0.144388 2.215038 -1.303311 -0.390822 0.324826 -1.098077
-0.080301 -0.407988 0.223735 2.245174 -0.539979 -0.133707 1.069848 -0.116159 -0.415236 -0.000572 0.144388 2.215038 -1.303311 -0.390822 0.324826 -1.098077
-0.080301 -0.407988 0.223735 2.245174 -0.539979 -0.133707 1.069848 -0.116159 -0.415236 -0.000572 0.144388 2.215038 -1.303311 -0.390822 0.324826 -1.098077
-0.080301 -0.407988 0.223735 2.245174 -0.539979 -0.133707 1.069848 -0.116159 -0.415236 -0.000572 0.144388 2.215038 -1.303693 -0.390822 0.324826 -1.098077
-0.080301 -0.407988 0.223735 2.245174 -0.539979 -0.133707 1.069848 -0.116159 -0.415236 -0.000572 0.144388 2.215038 -1.303311 -0.390822 0.324826 -1.097696
-0.080301 -0.407988 0.223735 2.245174 -0.539979 -0.133707 1.069848 -0.116159 -0.415618 -0.000572 0.144388 2.215038 -1.303311 -0.390822 0.324826 -1.098077
-0.080301 -0.407988 0.223735 2.245174 -0.539979 -0.133707 1.069848 -0.116159 -0.415236 -0.000572 0.144388 2.215038 -1.303693 -0.390822 0.324826 -1.097696
-0.080301 -0.407988 0.223735 2.245174 -0.539979 -0.133707 1.069848 -0.116159 -0.415236 -0.000572 0.144388 2.215038 -1.303693 -0.390822 0.324826 -1.098077
-0.080301 -0.407988 0.223735 2.245174 -0.539979 -0.133707 1.069848 -0.116159 -0.415236 -0.000572 0.144388 2.215038 -1.303311 -0.390822 0.324826 -1.098077
-0.080301 -0.407988 0.223735 2.245174 -0.539979 -0.133707 1.069848 -0.116159 -0.415618 -0.000572 0.144388 2.215038 -1.303693 -0.390822 0.324826 -1.098077
-0.080301 -0.407988 0.223735 2.245174 -0.539979 -0.133707 1.069848 -0.116159 -0.415236 -0.000572 0.144388 2.215038 -1.303311 -0.390822 0.324826 -1.098077
-0.080301 -0.407988 0.223735 2.245174 -0.539979 -0.133707 1.069848 -0.116159 -0.415236 -0.000572 0.144388 2.215038 -1.303311 -0.390822 0.324826 -1.097696
-0.080301 -0.407988 0.223735 2.245174 -0.539979 -0.133707 1.069848 -0.116159 -0.415236 -0.000572 0.144388 2.215038 -1.303693 -0.390822 0.324826 -1.098077
-0.080301 -0.407988 0.223735 2.245174 -0.539979 -0.133707 1.069848 -0.116159 -0.415236 -0.000572 0.144388 2.215038 -1.303693 -0.390822 0.324826 -1.098077
-0.080301 -0.407988 0.223735 2.245174 -0.539979 -0.133326 1.069848 -0.116159 -0.415618 -0.000572 0.144388 2.215038 -1.303311 -0.390822 0.324826 -1.098077
-0.080301 -0.407988 0.223735 2.245174 -0.539979 -0.133707 1.069848 -0.116159 -0.415618 -0.000572 0.144388 2.215038 -1.303311 -0.390822 0.324826 -1.098077
-0.080301 -0.407988 0.223735 2.245174 -0.539979 -0.133707 1.069848 -0.116159 -0.415236 -0.000572 0.144388 2.215038 -1.303693 -0.390822 0.324826 -1.098077
-0.080301 -0.407988 0.223735 2.245174 -0.539979 -0.133707 1.069848 -0.116159 -0.415236 -0.000572 0.144388 2.215038 -1.303693 -0.390822 0.324826 -1.097696
-0.080301 -0.407988 0.223735 2.245174 -0.539979 -0.133707 1.069848 -0.116159 -0.415236 -0.000572 0.144388 2.215038 -1.303311 -0.390822 0.324826 -1.098077
-0.080301 -0.407988 0.223735 2.245174 -0.539979 -0.133707 1.069848 -0.116159 -0.415236 -0.000572 0.144388 2.215038 -1.303311 -0.390822 0.324826 -1.098077
-0.080301 -0.407988 0.223735 2.245174 -0.539979 -0.133707 1.069848 -0.116159 -0.415618 -0.000572 0.144388 2.215038 -1.303311 -0.390822 0.324826 -1.098077
-0.080301 -0.407988 0.223735 2.245174 -0.539979 -0.133707 1.069848 -0.116159 -0.415236 -0.000572 0.144388 2.215038 -1.303311 -0.390822 0.324826 -1.097696
-0.080301 -0.407988 0.223735 2.245174 -0.539979 -0.133707 1.069848 -0.116159 -0.415236 -0.000572 0.144388 2.215038 -1.303311 -0.390822 0.324826 -1.098077
-0.080301 -0.407988 0.223735 2.245174 -0.539979 -0.133707 1.069848 -0.116159 -0.415236 -0.000572 0.144388 2.215038 -1.303311 -0.390822 0.324826 -1.098077
-0.080301 -0.407988 0.223735 2.245174 -0.539979 -0.133707 1.069848 -0.116159 -0.415236 -0.000572 0.144388 2.215038 -1.303311 -0.390822 0.324826 -1.098077
-0.080301 -0.407988 0.223735 2.245174 -0.539979 -0.133707 1.069848 -0.116159 -0.415236 -0.000572 0.144388 2.215038 -1.303311 -0.390822 0.324826 -1.097696
-0.080301 -0.407988 0.223735 2.245174 -0.539979 -0.133707 1.069848 -0.116159 -0.415236 -0.000572 0.144388 2.214656 -1.303693 -0.390822 0.324826 -1.098077
